suite,case_id,family,n,arm_id,backend,dpus,fuse,geometry,policy,schedule,tasklets,threads,warmups,measurements,success,unsupported,complete,quality_qualified,observation_source_rows,source_id,source_row,job_to_state_s,job_to_state_s_mad,prepared_call_s,prepared_call_s_mad,session_inclusive_s,session_inclusive_s_mad,steady_s,steady_s_mad,kernel_s,kernel_s_mad,session_open_s,session_open_s_mad,session_close_s,session_close_s_mad,h2d_s,h2d_s_mad,d2h_s,d2h_s_mad,h2d_bytes,h2d_bytes_mad,d2h_bytes,d2h_bytes_mad
A,edc_n17,edc,17,upmem_d1_t1_serial_nodes_v1_0_f32,upmem,1,False,panel_only_v1,split_complex_float32_v1,serial_nodes_v1,1,1,1,7,7,0,True,True,3;4;5;6;7;8;9,final_coverage,2,17.118377798004076,0.038796295993961394,17.0433219379629,0.04028142703464255,16.98035584902391,0.0380692679900676,16.727719588030595,0.036729470011778176,15.362517656000001,0.004138516999997677,0.24155801703454927,0.0032137370435521007,0.004677560005802661,0.00016188295558094978,0.34638694999999997,0.01698818099999999,0.356775585,0.02292809899999998,4117952.0,0.0,6028864.0,0.0
A,edc_n17,edc,17,upmem_d1_t8_serial_nodes_v1_0_f32,upmem,1,False,panel_only_v1,split_complex_float32_v1,serial_nodes_v1,8,1,1,7,7,0,True,True,11;12;13;14;15;16;17,final_coverage,3,3.99892295897007,0.05769274098565802,3.924318996956572,0.057943006919231266,3.8598178579704836,0.05800736299715936,3.612359513004776,0.05758510297164321,2.2550395720000003,0.012233555999999535,0.24467883200850338,0.0008916829829104245,0.0047269719652831554,0.00012725003762170672,0.36625981900000004,0.00861732799999998,0.32789564099999996,0.015725370999999988,4117952.0,0.0,6028864.0,0.0
A,edc_n17,edc,17,upmem_d4_t8_serial_nodes_v1_0_f32,upmem,4,False,panel_only_v1,split_complex_float32_v1,serial_nodes_v1,8,1,1,7,7,0,True,True,19;20;21;22;23;24;25,final_coverage,4,2.4977322830236517,0.007789566996507347,2.4233645540080033,0.007143442984670401,2.3628136080806144,0.006601462897378951,2.106824519985821,0.005511849012691528,0.579348907,0.0010242409999998703,0.25406306801596656,0.0019457610324025154,0.004323519009631127,0.00020085700089111924,0.45941434999999997,0.00464235699999993,0.32378964099999996,0.004876516999999914,4183040.0,0.0,6061408.0,0.0
A,edc_n17,edc,17,upmem_d4_t8_serial_nodes_v1_1_f32,upmem,4,True,panel_only_v1,split_complex_float32_v1,serial_nodes_v1,8,1,1,7,7,0,True,True,27;28;29;30;31;32;33,final_coverage,5,1.6450567549909465,0.007614978007040918,1.5705432599643245,0.007390284969005734,1.5133465469116345,0.007219660910777748,1.2888088779873215,0.0035918470239266753,0.530672052,0.0002472059999999443,0.22091151296626776,0.0015638969489373267,0.003884191974066198,0.00022615492343902588,0.165213359,0.0005708180000000007,0.185867366,0.0011621679999999912,2044288.0,0.0,5990560.0,0.0
A,edc_n17,edc,17,upmem_d4_t8_static_dag_waves_v1_1_f32,upmem,4,True,panel_only_v1,split_complex_float32_v1,static_dag_waves_v1,8,1,1,7,7,0,True,True,35;36;37;38;39;40;41,final_coverage,6,2.0383899139706045,0.014723315951414406,1.896784924028907,0.014754966017790139,1.8395432949764654,0.015086517960298806,1.5523893439676613,0.008206203987356275,0.798055001,0.0007197119999999835,0.2845898650120944,0.0020940480171702802,0.0038114719791337848,0.00011973298387601972,0.167623768,0.0014005620000000218,0.19524417600000002,0.0053690550000000115,2048896.0,0.0,5992864.0,0.0
A,hs_n18,hs,18,upmem_d1_t1_serial_nodes_v1_0_f32,upmem,1,False,panel_only_v1,split_complex_float32_v1,serial_nodes_v1,1,1,1,7,7,0,True,True,43;44;45;46;47;48;49,final_coverage,7,4.218865870963782,0.0599497560178861,4.0612242899951525,0.06275779899442568,3.9959925930015743,0.06273996300296858,3.6301682390039787,0.05594541702885181,2.460483321,0.007989863000000152,0.3688337820349261,0.0005619620787911117,0.004228894016705453,0.0001349869999103248,0.17783256999999997,0.004780229000000136,0.22704842300000003,0.01143513300000007,146272.0,0.0,4274144.0,0.0
A,hs_n18,hs,18,upmem_d1_t8_serial_nodes_v1_0_f32,upmem,1,False,panel_only_v1,split_complex_float32_v1,serial_nodes_v1,8,1,1,7,7,0,True,True,51;52;53;54;55;56;57,final_coverage,8,2.224601587979123,0.14036526897689328,2.0691451969905756,0.13781710102921352,2.004314413992688,0.13755535404197872,1.6294688619673252,0.130871155008208,0.48731448599999994,0.01710801499999981,0.37113032600609586,0.001655066036619246,0.003941339033190161,0.00022611301392316818,0.16121485700000007,0.017811673,0.22063660899999996,0.02714188600000003,146272.0,0.0,4274144.0,0.0
A,hs_n18,hs,18,upmem_d4_t8_serial_nodes_v1_0_f32,upmem,4,False,panel_only_v1,split_complex_float32_v1,serial_nodes_v1,8,1,1,7,7,0,True,True,59;60;61;62;63;64;65,final_coverage,9,2.544167293992359,0.07111458701547235,2.3886246610200033,0.0723217569757253,2.323329286999069,0.07245106500340626,1.9089804840041324,0.06940120400395244,0.19018043,0.0006234689999999876,0.41007144399918616,0.0033126689959317446,0.004078869009390473,0.00016300496645271778,0.38464892799999983,0.006941530000000085,0.34402502599999996,0.011337898999999985,391648.0,0.0,4396832.0,0.0
A,hs_n18,hs,18,upmem_d4_t8_serial_nodes_v1_1_f32,upmem,4,True,panel_only_v1,split_complex_float32_v1,serial_nodes_v1,8,1,1,7,7,0,True,True,67;68;69;70;71;72;73,final_coverage,10,1.3613684669835493,0.00351628998760134,1.2051983559504151,0.0027006849413737655,1.1400888680364005,0.002867261995561421,0.7714444500161335,0.003789035021327436,0.11541773200000002,0.0001230159999999758,0.3639686420210637,0.0026736189611256123,0.004102882987353951,0.00023473199689760804,0.11252108200000004,0.0011521789999999615,0.13956385999999998,0.002792647000000037,131568.0,0.0,4274144.0,0.0
A,hs_n18,hs,18,upmem_d4_t8_static_dag_waves_v1_1_f32,upmem,4,True,panel_only_v1,split_complex_float32_v1,static_dag_waves_v1,8,1,1,7,7,0,True,True,75;76;77;78;79;80;81,final_coverage,11,1.3639268610277213,0.0017591380164958537,1.0731886249850504,0.0056818980374373496,1.0082198439049534,0.005376844143029302,0.5250110590131953,0.0023060549865476787,0.084427459,9.87080000000029e-05,0.47725509601878,0.00390251399949193,0.004037282022181898,6.37139892205596e-05,0.066229006,0.0005517899999999964,0.11059529300000001,0.0005209029999999892,71088.0,0.0,4243904.0,0.0
A,stress_n16_l2,stress,16,upmem_d1_t1_serial_nodes_v1_0_f32,upmem,1,False,panel_only_v1,split_complex_float32_v1,serial_nodes_v1,1,1,1,7,7,0,True,True,83;84;85;86;87;88;89,final_coverage,12,7.927062413014937,0.008017583983018994,7.788959640020039,0.006535423977766186,7.745686715992633,0.006883980066049844,7.401826177025214,0.010116987978108227,6.302152263,0.002291195999999829,0.33806581498356536,0.002072828996460885,0.003905844991095364,0.00034460698952898383,0.185117608,0.0008153829999999751,0.18778997899999994,0.0016992199999999458,491936.0,0.0,1467584.0,0.0
A,stress_n16_l2,stress,16,upmem_d1_t8_serial_nodes_v1_0_f32,upmem,1,False,panel_only_v1,split_complex_float32_v1,serial_nodes_v1,8,1,1,7,7,0,True,True,91;92;93;94;95;96;97,final_coverage,13,2.631361936975736,0.032081740035209805,2.485351225011982,0.03804720699554309,2.4425577800138853,0.03775992995360866,2.098319665994495,0.034586534020490944,1.0529190540000002,0.006934097999999889,0.3402280270238407,0.003383043978828937,0.003841344965621829,7.440592162311077e-05,0.18109084800000008,0.004832333999999938,0.17879157899999998,0.008830290000000046,491936.0,0.0,1467584.0,0.0
A,stress_n16_l2,stress,16,upmem_d4_t8_serial_nodes_v1_0_f32,upmem,4,False,panel_only_v1,split_complex_float32_v1,serial_nodes_v1,8,1,1,7,7,0,True,True,99;100;101;102;103;104;105,final_coverage,14,2.4711890059988946,0.028957053960766643,2.331537476973608,0.030282690015155822,2.288735857931897,0.030263138993177563,1.911103152029682,0.030469304940197617,0.360390643,0.0009082749999999584,0.3768857899704017,0.003219423000700772,0.003760172985494137,0.00013269699411466718,0.36359465799999996,0.00209755099999992,0.275414852,0.004196249000000041,704480.0,0.0,1573856.0,0.0
A,stress_n16_l2,stress,16,upmem_d4_t8_serial_nodes_v1_1_f32,upmem,4,True,panel_only_v1,split_complex_float32_v1,serial_nodes_v1,8,1,1,7,7,0,True,True,107;108;109;110;111;112;113,final_coverage,15,1.3814415949746035,0.022307572013232857,1.2426763529656455,0.02227038604905829,1.1994631150155328,0.022372448991518468,0.8646778610418551,0.01923384895781055,0.291729715,0.0004893970000000025,0.33326416299678385,0.0007836880395188928,0.0038936029886826873,0.00018878595437854528,0.10819557899999999,0.0010318430000000045,0.09733077000000001,0.0035387229999999797,278512.0,0.0,1463264.0,0.0
A,stress_n16_l2,stress,16,upmem_d4_t8_static_dag_waves_v1_1_f32,upmem,4,True,panel_only_v1,split_complex_float32_v1,static_dag_waves_v1,8,1,1,7,7,0,True,True,115;116;117;118;119;120;121,final_coverage,16,1.5047930239816196,0.009912674024235457,1.2458389810053632,0.011133056948892772,1.2030267939553596,0.010925676964689046,0.7678501739865169,0.01023052801610902,0.377569363,9.080399999999988e-05,0.43390793801518157,0.0017684080521576107,0.003732238954398781,0.00019252393394708633,0.06764809599999999,0.0017418430000000068,0.07590476500000001,0.0017332969999999809,227824.0,0.0,1437920.0,0.0
D,hs_n18,hs,18,upmem_d16_t24_static_dag_waves_v1_1_f32,upmem,16,True,panel_only_v1,split_complex_float32_v1,static_dag_waves_v1,24,1,1,5,5,0,True,True,177;178;179;180;181,final_coverage,26,1.3733612259966321,0.002948359993752092,1.0840810629888438,0.0034922229824587703,1.0181214560288936,0.0030905730091035366,0.5269352850154974,0.0008439960074611008,0.05986799,0.0002264090000000038,0.4874204950174317,0.0013395969290286303,0.003774837008677423,5.7519006077200174e-05,0.07994384299999999,0.00046423200000000886,0.11773767300000001,0.0008616049999999875,88944.0,0.0,4252832.0,0.0
D,hs_n18,hs,18,upmem_d16_t8_static_dag_waves_v1_1_f32,upmem,16,True,panel_only_v1,split_complex_float32_v1,static_dag_waves_v1,8,1,1,5,5,0,True,True,171;172;173;174;175,final_coverage,25,1.397812534996774,0.0015955659910105169,1.1093805260024965,0.0019730660133063793,1.0432548329699785,0.002432757057249546,0.558840588957537,0.001306072052102536,0.077718764,0.00012557100000000487,0.48159442300675437,0.0016119279898703098,0.004050238989293575,0.00013103499077260494,0.08052441599999999,0.0010319790000000162,0.12916525999999998,0.0008362590000000336,88944.0,0.0,4252832.0,0.0
D,hs_n18,hs,18,upmem_d1_t24_static_dag_waves_v1_1_f32,upmem,1,True,panel_only_v1,split_complex_float32_v1,static_dag_waves_v1,24,1,1,5,5,0,True,True,129;130;131;132;133,final_coverage,18,1.7087688510073349,0.00895948603283614,1.4097769309883006,0.007188818010035902,1.3445949559682049,0.007370593957602978,0.8462658429634757,0.00535651994869113,0.29182798,0.0014640439999999977,0.4909907589899376,0.002791257982607931,0.004145187034737319,0.00010841299081221223,0.061541099999999974,0.00014911000000004254,0.12933440100000002,0.0012795200000000062,70224.0,0.0,4243472.0,0.0
D,hs_n18,hs,18,upmem_d1_t8_static_dag_waves_v1_1_f32,upmem,1,True,panel_only_v1,split_complex_float32_v1,static_dag_waves_v1,8,1,1,5,5,0,True,True,123;124;125;126;127,final_coverage,17,1.7707144350279123,0.007027435000054538,1.4695526030263864,0.0059032809804193676,1.404072322009597,0.00617998099187389,0.9095470380270854,0.0004830890684388578,0.35400313,0.0004598809999999953,0.4934090769966133,0.004434927017427981,0.004123101010918617,0.00021264399401843548,0.06146892299999996,0.0006426070000000519,0.12955273099999998,0.0005417649999999441,70224.0,0.0,4243472.0,0.0
D,hs_n18,hs,18,upmem_d2_t24_static_dag_waves_v1_1_f32,upmem,2,True,panel_only_v1,split_complex_float32_v1,static_dag_waves_v1,24,1,1,5,5,0,True,True,141;142;143;144;145,final_coverage,20,1.4738927810103633,0.006620356987696141,1.1826398849952966,0.0061268810532055795,1.1175346909440123,0.006071639072615653,0.6238625349942595,0.0017345559899695218,0.135130044,0.0001897329999999975,0.48503102402901277,0.004397168930154294,0.004277084022760391,3.491394454613328e-05,0.066473629,0.0002485330000000091,0.121409696,0.0010555249999999877,70512.0,0.0,4243616.0,0.0
D,hs_n18,hs,18,upmem_d2_t8_static_dag_waves_v1_1_f32,upmem,2,True,panel_only_v1,split_complex_float32_v1,static_dag_waves_v1,8,1,1,5,5,0,True,True,135;136;137;138;139,final_coverage,19,1.498596040008124,0.0012860780116170645,1.205628692987375,0.0036968589993193746,1.1408271699910983,0.003709533018991351,0.6566459499881603,0.0013784699840471148,0.16586509000000002,0.0001216449999999758,0.4826240330003202,0.002874810015782714,0.0043235140037722886,2.91539472527802e-05,0.06611258500000002,0.0004429009999999678,0.121878423,0.0056099819999999995,70512.0,0.0,4243616.0,0.0
D,hs_n18,hs,18,upmem_d32_t24_static_dag_waves_v1_1_f32,upmem,32,True,panel_only_v1,split_complex_float32_v1,static_dag_waves_v1,24,1,1,5,5,0,True,True,189;190;191;192;193,final_coverage,28,1.4525994800496846,0.00796440290287137,1.1608750659506768,0.006900200969539583,1.0936189749627374,0.006245476950425655,0.5972859829780646,0.0031318669789470732,0.057783806,3.246400000000288e-05,0.4897902749944478,0.001878514012787491,0.004437362018506974,7.50180333852768e-05,0.098189258,0.00028982499999999356,0.13823259,0.0018663069999999837,111984.0,0.0,4264352.0,0.0
D,hs_n18,hs,18,upmem_d32_t8_static_dag_waves_v1_1_f32,upmem,32,True,panel_only_v1,split_complex_float32_v1,static_dag_waves_v1,8,1,1,5,5,0,True,True,183;184;185;186;187,final_coverage,27,1.457528037019074,0.006536406057421118,1.1698950720019639,0.00674752303166315,1.1032973680412397,0.007485814043320715,0.6186947130481713,0.007369837025180459,0.076021752,7.669100000000373e-05,0.48158884700387716,0.002188598969951272,0.00430713000241667,0.00016975303879007697,0.09869529299999999,0.001029902000000013,0.136801844,0.004858456999999983,111984.0,0.0,4264352.0,0.0
D,hs_n18,hs,18,upmem_d4_t24_static_dag_waves_v1_1_f32,upmem,4,True,panel_only_v1,split_complex_float32_v1,static_dag_waves_v1,24,1,1,5,5,0,True,True,153;154;155;156;157,final_coverage,22,1.347924975969363,0.005128323973622173,1.054233811039012,0.0028214770136401057,0.9897287070634775,0.003231228096410632,0.49995752004906535,0.0021640840568579733,0.06889551499999999,0.00015153600000000766,0.48486609797691926,0.0013534940662793815,0.0038379449979402125,0.00010625901632010937,0.06551573400000002,0.0003377109999999628,0.10631351799999997,0.0012802059999999504,71088.0,0.0,4243904.0,0.0
D,hs_n18,hs,18,upmem_d4_t8_static_dag_waves_v1_1_f32,upmem,4,True,panel_only_v1,split_complex_float32_v1,static_dag_waves_v1,8,1,1,5,5,0,True,True,147;148;149;150;151,final_coverage,21,1.3644265140173957,0.009074595989659429,1.0710321300430223,0.004621382046025246,1.0064779710373841,0.005057576112449169,0.5259969549952075,0.0031578909838572145,0.08449304199999999,0.00010896399999998918,0.4788889699848369,0.002227956021670252,0.004213362000882626,0.00015749596059322357,0.06599944999999999,0.0003130499999999814,0.10984622500000002,0.0020706739999999807,71088.0,0.0,4243904.0,0.0
D,hs_n18,hs,18,upmem_d64_t24_static_dag_waves_v1_1_f32,upmem,64,True,panel_only_v1,split_complex_float32_v1,static_dag_waves_v1,24,1,1,5,5,0,True,True,201;202;203;204;205,final_coverage,30,1.5719414239865728,0.002121269004419446,1.2849295080523007,0.0006368080503307283,1.2171226900536567,0.0011771360295824707,0.7112580960383639,0.0044419929618015885,0.05722948,6.32669999999988e-05,0.49754430004395545,0.003941565984860063,0.004373891046270728,3.863096935674548e-05,0.142685726,0.0005410750000000297,0.16409253000000001,0.0034329850000000273,167280.0,0.0,4292000.0,0.0
D,hs_n18,hs,18,upmem_d64_t8_static_dag_waves_v1_1_f32,upmem,64,True,panel_only_v1,split_complex_float32_v1,static_dag_waves_v1,8,1,1,5,5,0,True,True,195;196;197;198;199,final_coverage,29,1.5887373279547319,0.00480825308477506,1.3009746119496413,0.004639090038836002,1.23281358089298,0.00509274413343519,0.7374877600232139,0.0052137490711174905,0.075397337,7.529700000001582e-05,0.49436679400969297,0.0018767219735309482,0.004399670986458659,0.000103617028798908,0.143853332,0.0014191719999999963,0.16428906,0.0028314020000000106,167280.0,0.0,4292000.0,0.0
D,hs_n18,hs,18,upmem_d8_t24_static_dag_waves_v1_1_f32,upmem,8,True,panel_only_v1,split_complex_float32_v1,static_dag_waves_v1,24,1,1,5,5,0,True,True,165;166;167;168;169,final_coverage,24,1.3576571349985898,0.011490022006910294,1.0712309830123559,0.012139206985011697,1.00668946292717,0.012423881911672652,0.5141282679978758,0.011814186989795417,0.062895899,7.57549999999968e-05,0.4850683989934623,0.004924573993775994,0.003992757003288716,6.166601087898016e-05,0.072258116,0.000484812000000015,0.109290281,0.004581313999999989,76272.0,0.0,4246496.0,0.0
D,hs_n18,hs,18,upmem_d8_t8_static_dag_waves_v1_1_f32,upmem,8,True,panel_only_v1,split_complex_float32_v1,static_dag_waves_v1,8,1,1,5,5,0,True,True,159;160;161;162;163,final_coverage,23,1.3642688860418275,0.0007112430757842958,1.0770528959692456,0.005315463000442833,1.012084546033293,0.005062810145318508,0.5318184950156137,0.00921880197711289,0.07997288799999999,9.850899999998275e-05,0.48135270294733346,0.0018042779993265867,0.003981211979407817,2.939300611615181e-05,0.071937835,0.000651736,0.114339953,0.004608809000000005,76272.0,0.0,4246496.0,0.0
D,stress_n16_l2,stress,16,upmem_d16_t24_static_dag_waves_v1_1_f32,upmem,16,True,panel_only_v1,split_complex_float32_v1,static_dag_waves_v1,24,1,1,5,5,0,True,True,261;262;263;264;265,final_coverage,40,1.2312940869596787,0.009050701977685094,0.9739306740229949,0.007093711057677865,0.9301422780263238,0.006694293057080358,0.48615933302789927,0.004137537034694105,0.091880298,5.620500000000361e-05,0.44017116900067776,0.002486396988388151,0.003811775997746736,0.0001187630114145577,0.075954086,0.00013676400000001143,0.076735564,0.0014410470000000009,239344.0,0.0,1443680.0,0.0
D,stress_n16_l2,stress,16,upmem_d16_t8_static_dag_waves_v1_1_f32,upmem,16,True,panel_only_v1,split_complex_float32_v1,static_dag_waves_v1,8,1,1,5,5,0,True,True,255;256;257;258;259,final_coverage,39,1.2930509250145406,0.013566075009293854,1.0345888690208085,0.01192793803056702,0.9902392840594985,0.01107908709673211,0.545631671033334,0.006566420954186469,0.135891372,6.719999999998949e-05,0.4355923479888588,0.0025475900038145483,0.004036153026390821,0.00019458000315353274,0.076418814,0.00027379400000000775,0.07011007600000001,0.002958795,239344.0,0.0,1443680.0,0.0
D,stress_n16_l2,stress,16,upmem_d1_t24_static_dag_waves_v1_1_f32,upmem,1,True,panel_only_v1,split_complex_float32_v1,static_dag_waves_v1,24,1,1,5,5,0,True,True,213;214;215;216;217,final_coverage,32,1.9023024779744446,0.011219041014555842,1.6370675840298645,0.011655045964289457,1.5935820259619504,0.01249031804036349,1.1377430409775116,0.010753259994089603,0.669324128,0.0004518519999998638,0.44835298601537943,0.002306944050360471,0.0038084150291979313,0.00018435204401612282,0.061232747000000004,0.0010401410000000083,0.080352476,0.0029508439999999803,225376.0,0.0,1436696.0,0.0
D,stress_n16_l2,stress,16,upmem_d1_t8_static_dag_waves_v1_1_f32,upmem,1,True,panel_only_v1,split_complex_float32_v1,static_dag_waves_v1,8,1,1,5,5,0,True,True,207;208;209;210;211,final_coverage,31,2.1326761940144934,0.005989736004266888,1.8648178689763881,0.0051940850098617375,1.8212291959789582,0.005546736007090658,1.3712244509952143,0.008383453998249024,0.8962788159999997,0.0005522399999995375,0.44229978701332584,0.0021719919750466943,0.004188064020127058,1.232995418831706e-05,0.06171887499999997,0.00027568600000005966,0.08074741100000002,0.0018443299999999913,225376.0,0.0,1436696.0,0.0
D,stress_n16_l2,stress,16,upmem_d2_t24_static_dag_waves_v1_1_f32,upmem,2,True,panel_only_v1,split_complex_float32_v1,static_dag_waves_v1,24,1,1,5,5,0,True,True,225;226;227;228;229,final_coverage,34,1.5565290240338072,0.002747373015154153,1.2942649209871888,0.0008733869763091207,1.2515089300577529,0.0012351699988357723,0.8059023870155215,0.001914046995807439,0.389671552,0.0001636309999999419,0.4410610250197351,0.0005219340091571212,0.003838398028165102,0.00022957002511247993,0.066539846,0.00011770300000002454,0.074565251,0.00139082900000001,226096.0,0.0,1437056.0,0.0
D,stress_n16_l2,stress,16,upmem_d2_t8_static_dag_waves_v1_1_f32,upmem,2,True,panel_only_v1,split_complex_float32_v1,static_dag_waves_v1,8,1,1,5,5,0,True,True,219;220;221;222;223,final_coverage,33,1.7209840139839798,0.009834558994043618,1.4582836299668998,0.010076388018205762,1.415476844937075,0.009785535046830773,0.9710201499983668,0.010013640974648297,0.5439566769999999,0.0001393179999999994,0.43853689497336745,0.0007579640368930995,0.004054503981024027,3.9252976421266794e-05,0.06709509300000001,0.000848308000000006,0.07485591100000001,0.0028364570000000006,226096.0,0.0,1437056.0,0.0
D,stress_n16_l2,stress,16,upmem_d32_t24_static_dag_waves_v1_1_f32,upmem,32,True,panel_only_v1,split_complex_float32_v1,static_dag_waves_v1,24,1,1,5,5,0,True,True,273;274;275;276;277,final_coverage,42,1.2934202090254985,0.007194750010967255,1.0362130290013738,0.008326479990500957,0.9904462149715982,0.007892206020187587,0.5446170609793626,0.001762149971909821,0.0899845,2.2486000000002115e-05,0.44193093199282885,0.005392360035330057,0.00410963996546343,0.00021141796605661511,0.093083715,0.00029068499999999886,0.08742670900000002,0.00023237499999997913,260080.0,0.0,1454048.0,0.0
D,stress_n16_l2,stress,16,upmem_d32_t8_static_dag_waves_v1_1_f32,upmem,32,True,panel_only_v1,split_complex_float32_v1,static_dag_waves_v1,8,1,1,5,5,0,True,True,267;268;269;270;271,final_coverage,41,1.3451774260029197,0.004454203997738659,1.0876802179845981,0.00416024902369827,1.042579153960105,0.0036986619234085083,0.5940619149478152,0.004797494038939476,0.13426730299999998,3.945800000001998e-05,0.44378321897238493,0.0017976759700104594,0.0038234000094234943,0.0004986670101061463,0.092856891,0.0006355599999999934,0.086261212,0.000836208000000005,260080.0,0.0,1454048.0,0.0
D,stress_n16_l2,stress,16,upmem_d4_t24_static_dag_waves_v1_1_f32,upmem,4,True,panel_only_v1,split_complex_float32_v1,static_dag_waves_v1,24,1,1,5,5,0,True,True,237;238;239;240;241,final_coverage,36,1.4087892709649168,0.0037731400807388127,1.1491280299960636,0.00443258200539276,1.1066308470326476,0.0046268480364233255,0.6511555829783902,0.007496231002733111,0.260496899,8.125100000005991e-05,0.43990557198412716,0.0012763169943355024,0.0038521200185641646,0.000260438013356179,0.06902365499999999,0.0005343260000000155,0.07313615300000001,0.0038676870000000085,227824.0,0.0,1437920.0,0.0
D,stress_n16_l2,stress,16,upmem_d4_t8_static_dag_waves_v1_1_f32,upmem,4,True,panel_only_v1,split_complex_float32_v1,static_dag_waves_v1,8,1,1,5,5,0,True,True,231;232;233;234;235,final_coverage,35,1.5159214870072901,0.0007847159868106246,1.2561945240013301,0.0011977980029769242,1.212715372967068,0.0008807930280454457,0.7692632600083016,0.0040862360037863255,0.377562744,4.57300000000771e-05,0.43986550299450755,0.002177043992560357,0.00360912800533697,0.00033313699532300234,0.068552427,0.000568565000000007,0.075021471,0.0003844949999999847,227824.0,0.0,1437920.0,0.0
D,stress_n16_l2,stress,16,upmem_d64_t24_static_dag_waves_v1_1_f32,upmem,64,True,panel_only_v1,split_complex_float32_v1,static_dag_waves_v1,24,1,1,5,5,0,True,True,285;286;287;288;289,final_coverage,44,1.3691544859902933,0.008787758008111268,1.1117425909615122,0.010500787000637501,1.0654412209405564,0.01024943112861365,0.6103022639872506,0.009752647019922733,0.08803103500000001,7.035500000000805e-05,0.4509180299937725,0.0014440949889831245,0.004145401995629072,7.552496390417218e-05,0.122590558,0.0007812149999999879,0.100714177,0.0009305130000000078,296944.0,0.0,1472480.0,0.0
D,stress_n16_l2,stress,16,upmem_d64_t8_static_dag_waves_v1_1_f32,upmem,64,True,panel_only_v1,split_complex_float32_v1,static_dag_waves_v1,8,1,1,5,5,0,True,True,279;280;281;282;283,final_coverage,43,1.4161143529927358,0.004358211008366197,1.1572940550395288,0.005119446956086904,1.1117567010223866,0.004968933935742825,0.6635902769630775,0.0066504719434306026,0.132434536,9.37770000000171e-05,0.4463944759918377,0.00346571602858603,0.004042515996843576,0.00027289200806990266,0.121845545,0.00045173699999997985,0.10014274599999999,0.003990300000000016,296944.0,0.0,1472480.0,0.0
D,stress_n16_l2,stress,16,upmem_d8_t24_static_dag_waves_v1_1_f32,upmem,8,True,panel_only_v1,split_complex_float32_v1,static_dag_waves_v1,24,1,1,5,5,0,True,True,249;250;251;252;253,final_coverage,38,1.3471452500089072,0.010754154005553573,1.0897586249629967,0.013142143958248198,1.046611464000307,0.012889255944173783,0.5971173120196909,0.006750597036443651,0.196404594,0.00010247800000001694,0.43468213599408045,0.0024370489991270006,0.0037454020348377526,0.00024039705749601126,0.074413846,0.000738750999999982,0.079331616,0.001758690999999979,233584.0,0.0,1440800.0,0.0
D,stress_n16_l2,stress,16,upmem_d8_t8_static_dag_waves_v1_1_f32,upmem,8,True,panel_only_v1,split_complex_float32_v1,static_dag_waves_v1,8,1,1,5,5,0,True,True,243;244;245;246;247,final_coverage,37,1.4390479770372622,0.0027268239646218717,1.1772100019734353,0.006438672018703073,1.133767227991484,0.007751219964120537,0.6979129749815911,0.000869561976287514,0.294921068,8.765999999937879e-06,0.4331014429917559,0.000908204005099833,0.0036223719944246113,2.5593035388737917e-05,0.073705039,0.00023346100000001813,0.079322573,0.0004243530000000023,233584.0,0.0,1440800.0,0.0
T,hs_n18,hs,18,upmem_d1_t10_serial_nodes_v1_0_f32,upmem,1,False,panel_only_v1,split_complex_float32_v1,serial_nodes_v1,10,1,1,5,5,0,True,True,345;346;347;348;349,final_coverage,54,2.2550908959819935,0.04231704998528585,2.0996121509815566,0.04281440901104361,2.0337017939891666,0.04333435697481036,1.6562006549793296,0.03981798101449385,0.452583992,0.0003937070000000764,0.3706988049671054,0.001031277992296964,0.00400388304842636,6.767502054572105e-05,0.179898117,0.0009638339999999135,0.24231979699999995,0.003815035999999994,146272.0,0.0,4274144.0,0.0
T,hs_n18,hs,18,upmem_d1_t11_serial_nodes_v1_0_f32,upmem,1,False,panel_only_v1,split_complex_float32_v1,serial_nodes_v1,11,1,1,5,5,0,True,True,351;352;353;354;355,final_coverage,55,2.1939352069748566,0.008556221961043775,2.0390655809897,0.010107631969731301,1.9733827040181495,0.009748744079843163,1.5943123109755106,0.008067178016062826,0.4288405569999999,0.0019780969999999565,0.37221665104152635,0.0019272410427220166,0.004178225004579872,3.781000850722194e-05,0.18110821500000007,0.0009821270000000826,0.23707373699999995,0.007121848000000097,146272.0,0.0,4274144.0,0.0
T,hs_n18,hs,18,upmem_d1_t12_serial_nodes_v1_0_f32,upmem,1,False,panel_only_v1,split_complex_float32_v1,serial_nodes_v1,12,1,1,5,5,0,True,True,357;358;359;360;361,final_coverage,56,2.1926019709790125,0.018793016963172704,2.038048024987802,0.01962858799379319,1.9728497509495355,0.01944586297031492,1.6022839379729703,0.021677932993043214,0.43424900899999996,0.0022111619999999332,0.36894290102645755,0.0029045380651950836,0.003854981972835958,0.00017551600467413664,0.18190803200000003,0.001710069999999897,0.24205281099999998,0.0034937079999999843,146272.0,0.0,4274144.0,0.0
T,hs_n18,hs,18,upmem_d1_t13_serial_nodes_v1_0_f32,upmem,1,False,panel_only_v1,split_complex_float32_v1,serial_nodes_v1,13,1,1,5,5,0,True,True,363;364;365;366;367,final_coverage,57,2.2046660460182466,0.018690751981921494,2.047250091971364,0.017459307971876115,1.9817440079059452,0.017407246923539788,1.597184487967752,0.016573053027968854,0.432221952,0.004339685999999898,0.373027355002705,0.004750334017444402,0.0038992089685052633,0.00014528195606544614,0.17986868400000006,0.0001184320000000294,0.24099193500000002,0.0044577509999999265,146272.0,0.0,4274144.0,0.0
T,hs_n18,hs,18,upmem_d1_t14_serial_nodes_v1_0_f32,upmem,1,False,panel_only_v1,split_complex_float32_v1,serial_nodes_v1,14,1,1,5,5,0,True,True,369;370;371;372;373,final_coverage,58,2.203661059960723,0.011450408957898617,2.0486685190116987,0.011028212029486895,1.983331513009034,0.011010119051206857,1.6076067209942266,0.009296807984355837,0.43696749700000004,0.0029574059999999402,0.37294673605356365,0.001412638055626303,0.004294785961974412,0.00020316505106166005,0.17948878000000001,0.0016390870000000113,0.24131932300000003,0.0028148339999999328,146272.0,0.0,4274144.0,0.0
T,hs_n18,hs,18,upmem_d1_t15_serial_nodes_v1_0_f32,upmem,1,False,panel_only_v1,split_complex_float32_v1,serial_nodes_v1,15,1,1,5,5,0,True,True,375;376;377;378;379,final_coverage,59,2.2205841619870625,0.012668857991229743,2.064421508985106,0.012606686970684677,1.999192462011706,0.012888144992757589,1.6181762560154311,0.00815629999851808,0.4403848120000001,0.0018214420000001175,0.37460630998248234,0.000951363006606698,0.004024699970614165,0.00017966097220778465,0.1800555869999999,0.00047328599999998944,0.24219943500000002,0.003087398000000019,146272.0,0.0,4274144.0,0.0
T,hs_n18,hs,18,upmem_d1_t16_serial_nodes_v1_0_f32,upmem,1,False,panel_only_v1,split_complex_float32_v1,serial_nodes_v1,16,1,1,5,5,0,True,True,381;382;383;384;385,final_coverage,60,2.2237363570020534,0.030234383011702448,2.068026283988729,0.030742790026124567,2.0021792810293846,0.03134054894326255,1.624755961005576,0.03421787801198661,0.4368661199999999,0.005239071000000095,0.36791957897366956,0.0003463599714450538,0.003893697983585298,0.00019851798424497247,0.18089429199999998,0.0012215079999999545,0.245027208,0.002863418000000062,146272.0,0.0,4274144.0,0.0
T,hs_n18,hs,18,upmem_d1_t17_serial_nodes_v1_0_f32,upmem,1,False,panel_only_v1,split_complex_float32_v1,serial_nodes_v1,17,1,1,5,5,0,True,True,387;388;389;390;391,final_coverage,61,2.2928753300220706,0.014505875005852431,2.1372275889734738,0.012651426019147038,2.071972383011598,0.012523264973424375,1.696409575000871,0.0101711280294694,0.44665747999999994,0.0021293019999999996,0.3717713829828426,0.0022686899756081402,0.003916746994946152,5.839602090418339e-05,0.17980284299999993,0.0005582569999999509,0.24512780099999998,0.0013979910000000983,146272.0,0.0,4274144.0,0.0
T,hs_n18,hs,18,upmem_d1_t18_serial_nodes_v1_0_f32,upmem,1,False,panel_only_v1,split_complex_float32_v1,serial_nodes_v1,18,1,1,5,5,0,True,True,393;394;395;396;397,final_coverage,62,2.205542828014586,0.012556031986605376,2.0499989389791153,0.012577647052239627,1.984606389014516,0.012570157006848603,1.6093552929814905,0.005184957000892609,0.438854533,0.0037413440000000353,0.3749684829963371,0.0032138790120370686,0.004214757005684078,0.00017128902254626155,0.17842935899999995,0.0013151249999999726,0.23528265899999987,0.007923796000000066,146272.0,0.0,4274144.0,0.0
T,hs_n18,hs,18,upmem_d1_t19_serial_nodes_v1_0_f32,upmem,1,False,panel_only_v1,split_complex_float32_v1,serial_nodes_v1,19,1,1,5,5,0,True,True,399;400;401;402;403,final_coverage,63,2.233833071019035,0.028786554001271725,2.0782529530115426,0.02800483803730458,2.0128471659263596,0.02812760096276179,1.6383505889680237,0.03225955896778032,0.43988170600000004,0.003465415999999999,0.37373998400289565,0.0016196530195884407,0.004041955980937928,0.0002247429802082479,0.17946442299999993,0.0019010949999998805,0.24056439599999996,0.004484687000000043,146272.0,0.0,4274144.0,0.0
T,hs_n18,hs,18,upmem_d1_t1_serial_nodes_v1_0_f32,upmem,1,False,panel_only_v1,split_complex_float32_v1,serial_nodes_v1,1,1,1,5,5,0,True,True,291;292;293;294;295,final_coverage,45,4.24819860298885,0.010303098999429494,4.0915223130141385,0.01190906495321542,4.02605038008187,0.011838332924526185,3.6486738540115766,0.01232465502107516,2.465310379,0.0013119790000000187,0.37234669900499284,0.0005605920450761914,0.00430804502684623,0.00016118999337777495,0.18161696300000013,0.0025825259999999184,0.24188865500000006,0.0007979949999999403,146272.0,0.0,4274144.0,0.0
T,hs_n18,hs,18,upmem_d1_t20_serial_nodes_v1_0_f32,upmem,1,False,panel_only_v1,split_complex_float32_v1,serial_nodes_v1,20,1,1,5,5,0,True,True,405;406;407;408;409,final_coverage,64,2.2363859249744564,0.021557287022005767,2.07798196002841,0.017826666007749736,2.012467094056774,0.0174554479890503,1.6302093880367465,0.011449825018644333,0.44476069100000015,0.002846453000000193,0.3763608539593406,0.002188650076277554,0.003997002029791474,0.0002888000453822315,0.18373487099999997,0.0013255260000000768,0.243426947,0.005088128000000053,146272.0,0.0,4274144.0,0.0
T,hs_n18,hs,18,upmem_d1_t21_serial_nodes_v1_0_f32,upmem,1,False,panel_only_v1,split_complex_float32_v1,serial_nodes_v1,21,1,1,5,5,0,True,True,411;412;413;414;415,final_coverage,65,2.254012289980892,0.021603784000035375,2.09812730998965,0.02329663297859952,2.032883634965401,0.023299788066651672,1.6519334149779752,0.02197509293910116,0.45117190400000007,0.0007812330000001033,0.37472136499127373,0.0019936530152335763,0.004263625014573336,0.00022576801711693406,0.18110152900000004,0.0003665450000000514,0.244157438,0.0008360889999999288,146272.0,0.0,4274144.0,0.0
T,hs_n18,hs,18,upmem_d1_t22_serial_nodes_v1_0_f32,upmem,1,False,panel_only_v1,split_complex_float32_v1,serial_nodes_v1,22,1,1,5,5,0,True,True,417;418;419;420;421,final_coverage,66,2.2449427169631235,0.018849721003789455,2.0873636140022427,0.018431782023981214,2.022095442051068,0.018199811049271375,1.643098489032127,0.013871259056031704,0.44710922500000005,0.00449481700000004,0.37464093801099807,0.0007466349634341896,0.004182069969829172,0.00012251903535798192,0.18006643100000005,0.0009179940000000608,0.24101024399999987,0.006986308000000052,146272.0,0.0,4274144.0,0.0
T,hs_n18,hs,18,upmem_d1_t23_serial_nodes_v1_0_f32,upmem,1,False,panel_only_v1,split_complex_float32_v1,serial_nodes_v1,23,1,1,5,5,0,True,True,423;424;425;426;427,final_coverage,67,2.2461725249886513,0.0027223160141147673,2.0914606059668586,0.0027534010587260127,2.0263061660225503,0.002079330908600241,1.649268719018437,0.003565418941434473,0.45939017299999996,0.0004868950000000427,0.3726707599707879,0.0012171139824204147,0.004360553983133286,9.298400254920125e-05,0.18113877899999994,0.0010160460000001592,0.241162217,0.002890006999999861,146272.0,0.0,4274144.0,0.0
T,hs_n18,hs,18,upmem_d1_t24_serial_nodes_v1_0_f32,upmem,1,False,panel_only_v1,split_complex_float32_v1,serial_nodes_v1,24,1,1,5,5,0,True,True,429;430;431;432;433,final_coverage,68,2.302718940016348,0.039764928980730474,2.1478713449905626,0.03810387698467821,2.0827394769876264,0.03810741403140128,1.7039906799909659,0.032193209044635296,0.4512425089999999,0.004996980999999845,0.3782233620295301,0.004030697047710419,0.00418574403738603,0.0001812279806472361,0.181808759,0.0020415839999999574,0.24103935099999996,0.00433368099999995,146272.0,0.0,4274144.0,0.0
T,hs_n18,hs,18,upmem_d1_t2_serial_nodes_v1_0_f32,upmem,1,False,panel_only_v1,split_complex_float32_v1,serial_nodes_v1,2,1,1,5,5,0,True,True,297;298;299;300;301,final_coverage,46,3.099321649002377,0.01772254501702264,2.9443402779870667,0.017564237001352012,2.877749783976469,0.016373614023905247,2.5055975089780986,0.011674668989144266,1.3388987749999999,0.0027741940000001186,0.36600431601982564,0.0025627160212025046,0.004034616984426975,3.050902159884572e-05,0.1813559550000001,0.0006982829999999107,0.24130481099999995,0.004153742000000071,146272.0,0.0,4274144.0,0.0
T,hs_n18,hs,18,upmem_d1_t3_serial_nodes_v1_0_f32,upmem,1,False,panel_only_v1,split_complex_float32_v1,serial_nodes_v1,3,1,1,5,5,0,True,True,303;304;305;306;307,final_coverage,47,2.7380455380189233,0.009044112055562437,2.583259843988344,0.0074790139915421605,2.517945688974578,0.0074843650800175965,2.14236738497857,0.007591806002892554,0.9703559319999999,0.003930963999999926,0.3713322299881838,0.0011652190005406737,0.004246074007824063,7.60100083425641e-05,0.177169535,0.0004742550000000345,0.21489934399999994,0.0028733479999998868,146272.0,0.0,4274144.0,0.0
T,hs_n18,hs,18,upmem_d1_t4_serial_nodes_v1_0_f32,upmem,1,False,panel_only_v1,split_complex_float32_v1,serial_nodes_v1,4,1,1,5,5,0,True,True,309;310;311;312;313,final_coverage,48,2.545506065012887,0.005453579011373222,2.3898913550074212,0.005576130992267281,2.324135162984021,0.005223690008278936,1.9560691229999065,0.00981531199067831,0.7803190620000001,0.0046818930000001036,0.36860663298284635,0.003059730981476605,0.004226392018608749,0.00028462999034672976,0.18020584500000003,0.002541803999999759,0.24225345099999995,0.002256140000000073,146272.0,0.0,4274144.0,0.0
T,hs_n18,hs,18,upmem_d1_t5_serial_nodes_v1_0_f32,upmem,1,False,panel_only_v1,split_complex_float32_v1,serial_nodes_v1,5,1,1,5,5,0,True,True,315;316;317;318;319,final_coverage,49,2.432487956015393,0.0335397879825905,2.277207423991058,0.034312520001549274,2.2117924030171707,0.033855176996439695,1.836935944040306,0.03572235896717757,0.6767457379999999,0.0018178289999999375,0.3691913050133735,0.0014439329970628023,0.004039854975417256,0.00020375801250338554,0.17927685899999996,0.0006128969999999734,0.21538008999999997,0.020606454000000052,146272.0,0.0,4274144.0,0.0
T,hs_n18,hs,18,upmem_d1_t6_serial_nodes_v1_0_f32,upmem,1,False,panel_only_v1,split_complex_float32_v1,serial_nodes_v1,6,1,1,5,5,0,True,True,321;322;323;324;325,final_coverage,50,2.3672760240151547,0.013479062006808817,2.2105479649617337,0.015007274050731212,2.145255522977095,0.014634166087489575,1.7694872499560006,0.014838682080153376,0.5976810899999999,0.0006676430000002176,0.37171662400942296,0.0005610930384136736,0.004109909990802407,0.00027399201644584537,0.18098915199999993,0.00023528599999986244,0.2438828640000001,0.0006001459999998571,146272.0,0.0,4274144.0,0.0
T,hs_n18,hs,18,upmem_d1_t7_serial_nodes_v1_0_f32,upmem,1,False,panel_only_v1,split_complex_float32_v1,serial_nodes_v1,7,1,1,5,5,0,True,True,327;328;329;330;331,final_coverage,51,2.3143080809968524,0.01501430501230061,2.1592940959963016,0.01579742698231712,2.0941954940208234,0.015219377004541457,1.7261686370475218,0.013759868976194412,0.5481222010000001,0.003140709000000075,0.369314219977241,0.00341683195438236,0.004167664970736951,0.00014113500947132707,0.17947542399999994,0.0014832219999999785,0.21368201700000006,0.007961121000000071,146272.0,0.0,4274144.0,0.0
T,hs_n18,hs,18,upmem_d1_t8_serial_nodes_v1_0_f32,upmem,1,False,panel_only_v1,split_complex_float32_v1,serial_nodes_v1,8,1,1,5,5,0,True,True,333;334;335;336;337,final_coverage,52,2.2661408919957466,0.014076290011871606,2.1090255829622038,0.015391640015877783,2.043849398032762,0.01483767491299659,1.67237958998885,0.013311431976035237,0.49878225700000006,0.002219349000000037,0.3683712889906019,0.0009513329714536667,0.004352285992354155,0.0002724759979173541,0.1782138000000001,0.0001999600000001378,0.24120651600000004,0.002246172999999907,146272.0,0.0,4274144.0,0.0
T,hs_n18,hs,18,upmem_d1_t9_serial_nodes_v1_0_f32,upmem,1,False,panel_only_v1,split_complex_float32_v1,serial_nodes_v1,9,1,1,5,5,0,True,True,339;340;341;342;343,final_coverage,53,2.2563200959702954,0.038471565989311785,2.100339530967176,0.03696196497185156,2.033998815983068,0.03666534193325788,1.6507593630230986,0.027443926024716347,0.4770177139999999,0.004802797000000025,0.3730581349809654,0.0029373439610935748,0.0038972460315562785,0.00021248299162834883,0.18081697399999996,0.001830754999999934,0.23639295000000005,0.010737113999999992,146272.0,0.0,4274144.0,0.0
T,stress_n16_l2,stress,16,upmem_d1_t10_serial_nodes_v1_0_f32,upmem,1,False,panel_only_v1,split_complex_float32_v1,serial_nodes_v1,10,1,1,5,5,0,True,True,489;490;491;492;493,final_coverage,78,2.5966543490067124,0.016116286045871675,2.45655656803865,0.015397413051687181,2.413475217006635,0.015055180992931128,2.0635187110165134,0.016949250013567507,0.9922138589999999,0.0030907840000001796,0.337295379023999,0.0008866030257195234,0.003809328016359359,0.0001252699876204133,0.182685937,0.0005827949999999416,0.18980883199999998,0.0021060040000000224,491936.0,0.0,1467584.0,0.0
T,stress_n16_l2,stress,16,upmem_d1_t11_serial_nodes_v1_0_f32,upmem,1,False,panel_only_v1,split_complex_float32_v1,serial_nodes_v1,11,1,1,5,5,0,True,True,495;496;497;498;499,final_coverage,79,2.5794771049986593,0.017106070008594543,2.439696830988396,0.017024763976223767,2.3972004230017774,0.01704157894710079,2.055484007985797,0.026220936968456954,0.994174316,0.0028057739999999276,0.34663565503433347,0.002535944920964539,0.004037567006889731,0.00022255099611356854,0.18388434999999997,0.0012007229999999591,0.18691778300000006,0.006708864999999953,491936.0,0.0,1467584.0,0.0
T,stress_n16_l2,stress,16,upmem_d1_t12_serial_nodes_v1_0_f32,upmem,1,False,panel_only_v1,split_complex_float32_v1,serial_nodes_v1,12,1,1,5,5,0,True,True,501;502;503;504;505,final_coverage,80,2.612105045001954,0.005281799996737391,2.4703244200209156,0.0037260050303302705,2.4278422449715436,0.004242972994688898,2.083526855974924,0.008256980974692851,1.028038878,0.0007427589999999817,0.3454911209992133,0.00376430299365893,0.003818138036876917,0.00013297796249389648,0.182924626,0.002331594999999992,0.18155845200000006,0.0027122640000000198,491936.0,0.0,1467584.0,0.0
T,stress_n16_l2,stress,16,upmem_d1_t13_serial_nodes_v1_0_f32,upmem,1,False,panel_only_v1,split_complex_float32_v1,serial_nodes_v1,13,1,1,5,5,0,True,True,507;508;509;510;511,final_coverage,81,2.7110664400388487,0.009707198070827872,2.5708037430304103,0.009929895983077586,2.5281540699652396,0.009952232998330146,2.174397919967305,0.011700853996444494,1.117970785,0.001665712000000097,0.3476435799966566,0.0026715199928730726,0.003987594973295927,0.00019052100833505392,0.18316146699999997,0.0019305389999999534,0.18678804300000004,0.00376078699999996,491936.0,0.0,1467584.0,0.0
T,stress_n16_l2,stress,16,upmem_d1_t14_serial_nodes_v1_0_f32,upmem,1,False,panel_only_v1,split_complex_float32_v1,serial_nodes_v1,14,1,1,5,5,0,True,True,513;514;515;516;517,final_coverage,82,2.732069492980372,0.017090865992940962,2.591761151968967,0.015949393971823156,2.548727830988355,0.015847479982767254,2.195903832965996,0.012870139966253191,1.148759728,0.004142132000000132,0.34641668194672093,0.00239213602617383,0.003833625989500433,0.00010835897410288453,0.18305763899999997,0.0007269129999999957,0.187181834,0.006717742999999943,491936.0,0.0,1467584.0,0.0
T,stress_n16_l2,stress,16,upmem_d1_t15_serial_nodes_v1_0_f32,upmem,1,False,panel_only_v1,split_complex_float32_v1,serial_nodes_v1,15,1,1,5,5,0,True,True,519;520;521;522;523,final_coverage,83,2.7728891400038265,0.018684679991565645,2.631764391961042,0.020202770014293492,2.5888633860158734,0.020127126947045326,2.240895329043269,0.023146967927459627,1.1829847830000002,0.0004900860000001117,0.34274672099854797,0.0011697059962898493,0.0039028970059007406,0.00018353800987824798,0.18213974500000002,0.00027003900000002745,0.178745326,0.0035938840000000194,491936.0,0.0,1467584.0,0.0
T,stress_n16_l2,stress,16,upmem_d1_t16_serial_nodes_v1_0_f32,upmem,1,False,panel_only_v1,split_complex_float32_v1,serial_nodes_v1,16,1,1,5,5,0,True,True,525;526;527;528;529,final_coverage,84,2.431191017967649,0.03837501001544297,2.2906161890132353,0.039263213984668255,2.2482872270047665,0.03902195591945201,1.9023200210067444,0.03825247997883707,0.8136540809999999,0.0018885069999998727,0.34194967499934137,0.0012800570111721754,0.004017530998680741,0.0001291179796680808,0.18449540500000003,0.001452518000000097,0.19046614799999997,0.006176478000000013,491936.0,0.0,1467584.0,0.0
T,stress_n16_l2,stress,16,upmem_d1_t17_serial_nodes_v1_0_f32,upmem,1,False,panel_only_v1,split_complex_float32_v1,serial_nodes_v1,17,1,1,5,5,0,True,True,531;532;533;534;535,final_coverage,85,2.4021596219972707,0.0105842049815692,2.262441201019101,0.01184674893738702,2.2197180909570307,0.011361559969373047,1.8693949459702708,0.012043636932503432,0.816525607,0.004606861000000073,0.34438879403751343,0.001992730947677046,0.00394162000156939,6.446498446166515e-05,0.18397537799999997,0.0018831599999999393,0.186527394,0.0005864940000000207,491936.0,0.0,1467584.0,0.0
T,stress_n16_l2,stress,16,upmem_d1_t18_serial_nodes_v1_0_f32,upmem,1,False,panel_only_v1,split_complex_float32_v1,serial_nodes_v1,18,1,1,5,5,0,True,True,537;538;539;540;541,final_coverage,86,2.3903345440048724,0.012176486023236066,2.250859680993017,0.01250958995660767,2.2084620819659904,0.012527296901680529,1.8659575450001284,0.01523137598996982,0.812553513,0.0026391940000000114,0.34158160304650664,0.002929164038505405,0.003758498001843691,9.508599760010839e-05,0.182222129,0.0006152030000000086,0.185920369,0.005307098999999954,491936.0,0.0,1467584.0,0.0
T,stress_n16_l2,stress,16,upmem_d1_t19_serial_nodes_v1_0_f32,upmem,1,False,panel_only_v1,split_complex_float32_v1,serial_nodes_v1,19,1,1,5,5,0,True,True,543;544;545;546;547,final_coverage,87,2.432614036020823,0.014657172025181353,2.2915580510161817,0.014073179976549,2.2483002959634177,0.01324549998389557,1.9037179999868385,0.023279959976207465,0.815849947,0.0035355550000000235,0.34188672999152914,0.0009595979936420918,0.003777308971621096,0.00013133900938555598,0.18216715200000003,0.00032075000000000853,0.18304617800000003,0.0034350039999999638,491936.0,0.0,1467584.0,0.0
T,stress_n16_l2,stress,16,upmem_d1_t1_serial_nodes_v1_0_f32,upmem,1,False,panel_only_v1,split_complex_float32_v1,serial_nodes_v1,1,1,1,5,5,0,True,True,435;436;437;438;439,final_coverage,69,7.93503338197479,0.0038353640702553093,7.79716712795198,0.003043140983209014,7.753903357021045,0.0029632109217345715,7.411458098969888,0.0066089749452658,6.304552082,0.001192608000000206,0.3392883170163259,0.002215270942542702,0.003829607041552663,0.00011649401858448982,0.18197580599999993,0.00021094399999990743,0.18085718499999995,0.002302330999999963,491936.0,0.0,1467584.0,0.0
T,stress_n16_l2,stress,16,upmem_d1_t20_serial_nodes_v1_0_f32,upmem,1,False,panel_only_v1,split_complex_float32_v1,serial_nodes_v1,20,1,1,5,5,0,True,True,549;550;551;552;553,final_coverage,88,2.442699787032325,0.008011162979528308,2.302517539006658,0.009210310003254563,2.259974038985092,0.008864908071700484,1.914839840028435,0.00666140194516629,0.821768456,0.005279333999999913,0.3423563709948212,0.0010745790204964578,0.003852406982332468,0.00020498596131801605,0.18337659899999997,0.0010156809999999628,0.18621142900000004,0.004473967999999967,491936.0,0.0,1467584.0,0.0
T,stress_n16_l2,stress,16,upmem_d1_t21_serial_nodes_v1_0_f32,upmem,1,False,panel_only_v1,split_complex_float32_v1,serial_nodes_v1,21,1,1,5,5,0,True,True,555;556;557;558;559,final_coverage,89,2.443880606966559,0.02133150096051395,2.3049241130356677,0.021587631024885923,2.26234283298254,0.021536168991588056,1.9124542470090091,0.01779028499731794,0.8277740729999999,0.0015354229999999802,0.34751870104810223,0.0016603039694018662,0.003935004991944879,0.00010149594163522124,0.182463089,0.00136791399999997,0.18040891599999997,0.0011194849999999756,491936.0,0.0,1467584.0,0.0
T,stress_n16_l2,stress,16,upmem_d1_t22_serial_nodes_v1_0_f32,upmem,1,False,panel_only_v1,split_complex_float32_v1,serial_nodes_v1,22,1,1,5,5,0,True,True,561;562;563;564;565,final_coverage,90,2.444202829967253,0.033412510936614126,2.304255815979559,0.03343066497473046,2.261536002974026,0.033911211939994246,1.9103910729754716,0.02890145097626373,0.824775995,0.008399445000000005,0.3502500259783119,0.0011968890321440995,0.0037285920116119087,0.00013539299834519625,0.18415546000000002,0.0003216619999999448,0.18768827800000001,0.0013518189999999486,491936.0,0.0,1467584.0,0.0
T,stress_n16_l2,stress,16,upmem_d1_t23_serial_nodes_v1_0_f32,upmem,1,False,panel_only_v1,split_complex_float32_v1,serial_nodes_v1,23,1,1,5,5,0,True,True,567;568;569;570;571,final_coverage,91,2.4411503950250335,0.010843340016435832,2.3010855540051125,0.009772788966074586,2.2583669700543396,0.009381428943015635,1.9046209570369683,0.009299091005232185,0.83076783,0.0009009489999999287,0.3517875279649161,0.0006746640428900719,0.00380335800582543,0.00014667795039713383,0.18240490599999995,0.0022885909999999787,0.18713034199999998,0.002824412000000054,491936.0,0.0,1467584.0,0.0
T,stress_n16_l2,stress,16,upmem_d1_t24_serial_nodes_v1_0_f32,upmem,1,False,panel_only_v1,split_complex_float32_v1,serial_nodes_v1,24,1,1,5,5,0,True,True,573;574;575;576;577,final_coverage,92,2.442746619984973,0.00946491799550131,2.3033585170051083,0.008962391992099583,2.26006161904661,0.008744924969505519,1.9096401020069607,0.005570976994931698,0.8345837460000001,0.0012849449999998708,0.3483895539538935,0.0020992099307477474,0.004131173016503453,0.00018286402337253094,0.18382789500000002,0.001101253999999996,0.18797538499999994,0.00044327399999996575,491936.0,0.0,1467584.0,0.0
T,stress_n16_l2,stress,16,upmem_d1_t2_serial_nodes_v1_0_f32,upmem,1,False,panel_only_v1,split_complex_float32_v1,serial_nodes_v1,2,1,1,5,5,0,True,True,441;442;443;444;445,final_coverage,70,4.854212988982908,0.003862176032271236,4.715374152001459,0.0029029970173723996,4.672765341005288,0.0024725180701352656,4.329230477975216,0.00337104604113847,3.261930445,0.0011229959999998762,0.3398560430505313,0.00232668494572863,0.003994398983195424,8.626398630440235e-05,0.180535376,0.0012956909999999877,0.17945552299999995,0.001215268999999991,491936.0,0.0,1467584.0,0.0
T,stress_n16_l2,stress,16,upmem_d1_t3_serial_nodes_v1_0_f32,upmem,1,False,panel_only_v1,split_complex_float32_v1,serial_nodes_v1,3,1,1,5,5,0,True,True,447;448;449;450;451,final_coverage,71,4.180325007997453,0.011379897012375295,4.04118144401582,0.01121274899924174,3.9983967690495774,0.010514675930608064,3.6525536740082316,0.012276259949430823,2.560313453,0.002253916999999994,0.3407293450436555,0.001911490981001407,0.0038659590063616633,0.00013252999633550644,0.180355491,0.001357271999999965,0.18182795399999996,0.0044074309999999894,491936.0,0.0,1467584.0,0.0
T,stress_n16_l2,stress,16,upmem_d1_t4_serial_nodes_v1_0_f32,upmem,1,False,panel_only_v1,split_complex_float32_v1,serial_nodes_v1,4,1,1,5,5,0,True,True,453;454;455;456;457,final_coverage,72,3.3537671000231057,0.02034797501983121,3.215761861996725,0.01820734201464802,3.1727865129942074,0.01831406494602561,2.831840011989698,0.011472409998532385,1.7485151879999998,0.001532637000000392,0.33979991503292695,0.0038468879647552967,0.00414135295432061,6.913492688909173e-05,0.18170830899999998,0.0014194720000000605,0.186747031,0.006789489000000093,491936.0,0.0,1467584.0,0.0
T,stress_n16_l2,stress,16,upmem_d1_t5_serial_nodes_v1_0_f32,upmem,1,False,panel_only_v1,split_complex_float32_v1,serial_nodes_v1,5,1,1,5,5,0,True,True,459;460;461;462;463,final_coverage,73,3.319497844961006,0.008917354920413345,3.181154674035497,0.010371924028731883,3.1380695760599338,0.01050855708308518,2.796462609025184,0.003982005931902677,1.7429927049999998,0.0022076830000004044,0.341691586014349,0.0013903320068493485,0.003791040973737836,0.0001244409941136837,0.18440033900000005,0.000501245999999983,0.1882779130000001,0.0042054869999999245,491936.0,0.0,1467584.0,0.0
T,stress_n16_l2,stress,16,upmem_d1_t6_serial_nodes_v1_0_f32,upmem,1,False,panel_only_v1,split_complex_float32_v1,serial_nodes_v1,6,1,1,5,5,0,True,True,465;466;467;468;469,final_coverage,74,2.9955925850081258,0.017682888021226972,2.8568050420144573,0.01650292897829786,2.8134972461266443,0.016845586826093495,2.4683871590532362,0.01381249591941014,1.4013922300000001,0.0009127479999999633,0.3431773550109938,0.001112136000301689,0.0039015000220388174,0.00033001694828271866,0.18217158600000005,0.0013210269999999469,0.18714913600000002,0.0068347910000000345,491936.0,0.0,1467584.0,0.0
T,stress_n16_l2,stress,16,upmem_d1_t7_serial_nodes_v1_0_f32,upmem,1,False,panel_only_v1,split_complex_float32_v1,serial_nodes_v1,7,1,1,5,5,0,True,True,471;472;473;474;475,final_coverage,75,3.053283774992451,0.03363297402393073,2.915008009003941,0.03387171099893749,2.8723764721071348,0.03378606110345572,2.5221847469802015,0.0265465920092538,1.4553524810000003,0.00354686900000023,0.3415507400059141,0.0018499760190024972,0.003920219023711979,3.182498039677739e-05,0.18199110899999998,0.0035388990000000398,0.18310988699999997,0.009258085999999971,491936.0,0.0,1467584.0,0.0
T,stress_n16_l2,stress,16,upmem_d1_t8_serial_nodes_v1_0_f32,upmem,1,False,panel_only_v1,split_complex_float32_v1,serial_nodes_v1,8,1,1,5,5,0,True,True,477;478;479;480;481,final_coverage,76,2.6726497859926894,0.019138553994707763,2.5338867899845354,0.018608785001561046,2.490783182962332,0.0188956480124034,2.1478037069900893,0.01613720500608906,1.0521635630000001,0.0006419059999998034,0.33861365902703255,0.0003916090354323387,0.003742558998055756,9.980500908568501e-05,0.18432114500000005,0.0012811189999999417,0.18958551000000004,0.005456282999999895,491936.0,0.0,1467584.0,0.0
T,stress_n16_l2,stress,16,upmem_d1_t9_serial_nodes_v1_0_f32,upmem,1,False,panel_only_v1,split_complex_float32_v1,serial_nodes_v1,9,1,1,5,5,0,True,True,483;484;485;486;487,final_coverage,77,2.6406688860151917,0.007254435040522367,2.502640340011567,0.008399323036428541,2.459367632982321,0.00767296802951023,2.1115990719990805,0.010427286033518612,1.0518080319999998,0.0021193560000001277,0.3438037119922228,0.001138826017268002,0.0036459059920161963,6.361800478771329e-05,0.1829706999999999,0.0020196830000000776,0.18538586399999998,0.0031442839999999694,491936.0,0.0,1467584.0,0.0
W,bb84_n08,bb84,8,numpy_p1,numpy,,,,,,,1,1,5,5,0,True,True,597;598;599;600;601,final_coverage,96,0.006080965045839548,1.1811032891273499e-05,0.004385274020023644,1.6056059394031763e-05,0.004075303033459932,1.257704570889473e-05,0.004075303033459932,1.257704570889473e-05,0.0013051899150013924,2.024503191933036e-05,,,,,,,,,,,,
W,bb84_n08,bb84,8,quest32_p1,quest32,,,,,,,1,1,5,5,0,True,True,591;592;593;594;595,final_coverage,95,0.00024819502141326666,1.5090336091816425e-06,0.00022415700368583202,2.3139873519539833e-06,0.0001660780399106443,1.2909877113997936e-06,,,9.419099660590291e-05,4.973029717803001e-06,,,,,,,,,,,,
W,bb84_n08,bb84,8,quest32_p8,quest32,,,,,,,8,1,5,5,0,True,True,585;586;587;588;589,final_coverage,94,0.014051794947590679,0.0013106829719617963,0.01402533397777006,0.0013123519602231681,0.013955983042251319,0.001311932981479913,,,0.00013604701962321997,1.827022060751915e-06,,,,,,,,,,,,
W,bb84_n08,bb84,8,upmem_d64_t24_static_dag_waves_v1_1_f32,upmem,64,True,panel_only_v1,split_complex_float32_v1,static_dag_waves_v1,24,1,1,5,5,0,True,True,579;580;581;582;583,final_coverage,93,0.2698566080071032,0.003871331049595028,0.25599155004601926,0.0038885969552211463,0.2467451550764963,0.0026690429658629,0.1403228480485268,0.006778572977054864,0.002259486,3.156999999999986e-05,0.10059777001151815,0.0014786000247113407,0.004303394991438836,0.0001588579616509378,0.04258509,0.0021345810000000034,0.024097990000000003,0.0004103699999999967,46976.0,0.0,28160.0,0.0
W,bb84_n12,bb84,12,numpy_p1,numpy,,,,,,,1,1,5,5,0,True,True,621;622;623;624;625,final_coverage,100,0.008977912017144263,3.5744975320994854e-05,0.006677886005491018,2.4622015189379454e-05,0.006188405037391931,3.3360032830387354e-05,0.006188405037391931,3.3360032830387354e-05,0.0020618970156647265,1.8497114069759846e-05,,,,,,,,,,,,
W,bb84_n12,bb84,12,quest32_p1,quest32,,,,,,,1,1,5,5,0,True,True,615;616;617;618;619,final_coverage,99,0.0004465219681151211,4.512956365942955e-06,0.0004175429930910468,5.118956323713064e-06,0.00035854504676535726,6.930902600288391e-06,,,0.0002377339988015592,8.850474841892719e-07,,,,,,,,,,,,
W,bb84_n12,bb84,12,quest32_p8,quest32,,,,,,,8,1,5,5,0,True,True,609;610;611;612;613,final_coverage,98,0.015172927000094205,0.0006259270012378693,0.015140784031245857,0.0006256380002014339,0.015069447923451662,0.0006252980674616992,,,0.0001911389990709722,2.3770262487232685e-06,,,,,,,,,,,,
W,bb84_n12,bb84,12,upmem_d64_t24_static_dag_waves_v1_1_f32,upmem,64,True,panel_only_v1,split_complex_float32_v1,static_dag_waves_v1,24,1,1,5,5,0,True,True,603;604;605;606;607,final_coverage,97,0.3148150809574872,0.004618497972842306,0.2943076000083238,0.004606188973411918,0.2806182610220276,0.003927376994397491,0.16251380502944812,0.002603599976282567,0.006180483,2.4922000000001006e-05,0.1112916209967807,0.0015695089823566377,0.004020213964395225,9.223195957019925e-05,0.046355816,5.605799999999772e-05,0.027496992999999997,0.000638442999999999,49472.0,0.0,94208.0,0.0
W,bb84_n16,bb84,16,numpy_p1,numpy,,,,,,,1,1,5,5,0,True,True,645;646;647;648;649,final_coverage,104,0.01529770001070574,9.108002996072173e-05,0.01234989397926256,8.626596536487341e-05,0.011357238050550222,9.018008131533861e-05,0.011357238050550222,9.018008131533861e-05,0.004145316139329225,2.5766901671886444e-05,,,,,,,,,,,,
W,bb84_n16,bb84,16,quest32_p1,quest32,,,,,,,1,1,5,5,0,True,True,639;640;641;642;643,final_coverage,103,0.0036677889875136316,6.154004950076342e-06,0.003638312977273017,5.943002179265022e-06,0.0035696749691851437,2.3099128156900406e-06,,,0.0027449250337667763,4.2380415834486485e-06,,,,,,,,,,,,
W,bb84_n16,bb84,16,quest32_p8,quest32,,,,,,,8,1,5,5,0,True,True,633;634;635;636;637,final_coverage,102,0.015229317999910563,0.0013819130253978074,0.015195575018879026,0.001381659065373242,0.015114354027900845,0.0013800090528093278,,,0.000635403033811599,1.7140409909188747e-06,,,,,,,,,,,,
W,bb84_n16,bb84,16,upmem_d64_t24_static_dag_waves_v1_1_f32,upmem,64,True,panel_only_v1,split_complex_float32_v1,static_dag_waves_v1,24,1,1,5,5,0,True,True,627;628;629;630;631,final_coverage,101,0.5347112970193848,0.004308605974074453,0.5063090299954638,0.004388083994854242,0.4917645140667446,0.0035232219379395247,0.3594291710178368,0.0066165109747089446,0.054926379,3.606800000000021e-05,0.12891921703703701,0.001209704962093383,0.003889310988597572,0.0002326460089534521,0.08082123299999999,0.0014442029999999911,0.064257271,0.00038339300000000964,92928.0,0.0,1100288.0,0.0
W,bb84_n18,bb84,18,numpy_p1,numpy,,,,,,,1,1,5,5,0,True,True,669;670;671;672;673,final_coverage,108,0.04217682499438524,0.00019818497821688652,0.038974113995209336,0.0002199260052293539,0.03330321598332375,0.00023447501007467508,0.03330321598332375,0.00023447501007467508,0.011464830953627825,4.163512494415045e-05,,,,,,,,,,,,
W,bb84_n18,bb84,18,quest32_p1,quest32,,,,,,,1,1,5,5,0,True,True,663;664;665;666;667,final_coverage,107,0.01473429601173848,1.3025070074945688e-05,0.0147032699896954,1.2374017387628555e-05,0.014636111038271338,1.5691097360104322e-05,,,0.011272792995441705,1.645000884309411e-05,,,,,,,,,,,,
W,bb84_n18,bb84,18,quest32_p8,quest32,,,,,,,8,1,5,5,0,True,True,657;658;659;660;661,final_coverage,106,0.020216457021888345,3.801501588895917e-05,0.020180031016934663,3.817200195044279e-05,0.020097902859561145,3.377714892849326e-05,,,0.001980288012418896,9.610084816813469e-07,,,,,,,,,,,,
W,bb84_n18,bb84,18,upmem_d64_t24_static_dag_waves_v1_1_f32,upmem,64,True,panel_only_v1,split_complex_float32_v1,static_dag_waves_v1,24,1,1,5,5,0,True,True,651;652;653;654;655,final_coverage,105,0.6509419499780051,0.03265435603680089,0.6195167179685086,0.03248556004837155,0.5800945070222951,0.033177664037793875,0.4395975359948352,0.03154321003239602,0.055266888,0.00015525499999999998,0.13270028098486364,0.0036391160101629794,0.004157574032433331,0.00016771693481132388,0.080044512,0.0056822110000000065,0.11573017000000001,0.004583322000000001,118128.0,0.0,4259424.0,0.0
W,bb84_n20,bb84,20,quest32_p8,quest32,,,,,,,8,1,5,5,0,True,True,681;682;683;684;685,final_coverage,110,0.053117901959922165,0.003391919075511396,0.05308053595945239,0.0033914430532604456,0.0529909020406194,0.0033769040019251406,,,0.03232413803925738,0.0018104069749824703,,,,,,,,,,,,
W,bb84_n20,bb84,20,upmem_d64_t24_static_dag_waves_v1_1_f32,upmem,64,True,panel_only_v1,split_complex_float32_v1,static_dag_waves_v1,24,1,1,5,5,0,True,True,675;676;677;678;679,final_coverage,109,1.2803441329742782,0.03193563799140975,1.2428795589949004,0.03063190303510055,1.1129088020534255,0.03182562894653529,0.9631415600306354,0.026145370036829263,0.058575920999999996,2.2747000000003514e-05,0.14223214105004445,0.0030998470028862357,0.004158187017310411,0.00011802196968346834,0.094197377,0.0030299309999999996,0.359580923,0.011506764999999974,218304.0,0.0,16894976.0,0.0
W,bb84_n22,bb84,22,quest32_p8,quest32,,,,,,,8,1,5,5,0,True,True,693;694;695;696;697,final_coverage,112,0.12184437102405354,0.0014672719407826662,0.12180251203244552,0.0014639539876952767,0.12169210897991434,0.001471823954489082,,,0.0825302840094082,0.0011875680065713823,,,,,,,,,,,,
W,bb84_n22,bb84,22,upmem_d64_t24_static_dag_waves_v1_1_f32,upmem,64,True,panel_only_v1,split_complex_float32_v1,static_dag_waves_v1,24,1,1,5,5,0,True,True,687;688;689;690;691,final_coverage,111,3.6933473009848967,0.02447750000283122,3.6498739829985425,0.024784231965895742,3.067813554953318,0.03849167103180662,2.9088564749690704,0.04468180105322972,0.067617589,8.428100000000549e-05,0.15184818295529112,0.0031578199705109,0.004076586978044361,0.0001474320306442678,0.121702796,0.015146859000000013,1.270453467,0.02225655400000015,612144.0,0.0,67424352.0,0.0
W,bb84_n24,bb84,24,quest32_p8,quest32,,,,,,,8,1,5,5,0,True,True,705;706;707;708;709,final_coverage,114,0.5252267869655043,0.0021273749880492687,0.5251864310121164,0.0021297300118021667,0.5250837110797875,0.002136393159162253,,,0.40341178799280897,0.0002458440139889717,,,,,,,,,,,,
W,bb84_n24,bb84,24,upmem_d64_t24_static_dag_waves_v1_1_f32,upmem,64,True,panel_only_v1,split_complex_float32_v1,static_dag_waves_v1,24,1,1,5,5,0,True,True,699;700;701;702;703,final_coverage,113,14.01636279199738,0.12039167800685391,13.958314997027628,0.11971891397843137,11.75739985605469,0.0980341579997912,11.540756909002084,0.08499230595771223,0.266282367,6.731200000004156e-05,0.2110327669652179,0.0018017890397459269,0.005203378037549555,0.00010804500197991729,0.444541491,0.010879543999999963,5.280697473,0.08266253399999979,2329216.0,0.0,269609984.0,0.0
W,bb84_n26,bb84,26,quest32_p8,quest32,,,,,,,8,1,5,5,0,True,True,717;718;719;720;721,final_coverage,116,2.157923002028838,0.005172597011551261,2.1578811510116793,0.005171879020053893,2.1577140959561802,0.0051682908670045435,,,1.781526036967989,0.0013231009361334145,,,,,,,,,,,,
W,bb84_n26,bb84,26,upmem_d64_t24_static_dag_waves_v1_1_f32,upmem,64,True,panel_only_v1,split_complex_float32_v1,static_dag_waves_v1,24,1,1,5,0,5,False,False,711;712;713;714;715,final_coverage,115,,,,,,,,,,,,,,,,,,,,,,
W,bv_n08,bv,8,numpy_p1,numpy,,,,,,,1,1,5,5,0,True,True,741;742;743;744;745,final_coverage,120,0.010906900046393275,2.057896926999092e-05,0.007840871985536069,3.7563033401966095e-05,0.007324350997805595,3.430695505812764e-05,0.007324350997805595,3.430695505812764e-05,0.002486896002665162,1.1789030395448208e-05,,,,,,,,,,,,
W,bv_n08,bv,8,quest32_p1,quest32,,,,,,,1,1,5,5,0,True,True,735;736;737;738;739,final_coverage,119,0.00035434094024822116,2.9999646358191967e-06,0.00032219995046034455,3.5269767977297306e-06,0.00026435096515342593,2.7539790607988834e-06,,,0.0001900809584185481,9.180512279272079e-07,,,,,,,,,,,,
W,bv_n08,bv,8,quest32_p8,quest32,,,,,,,8,1,5,5,0,True,True,729;730;731;732;733,final_coverage,118,0.014286771009210497,0.001181522966362536,0.014248677005525678,0.0011806429829448462,0.014179768098983914,0.0011787257972173393,,,0.00027750496519729495,2.468994352966547e-06,,,,,,,,,,,,
W,bv_n08,bv,8,upmem_d64_t24_static_dag_waves_v1_1_f32,upmem,64,True,panel_only_v1,split_complex_float32_v1,static_dag_waves_v1,24,1,1,5,5,0,True,True,723;724;725;726;727,final_coverage,117,0.37001696397783235,0.02538008603733033,0.3430366599932313,0.025360661034937948,0.3235039509017952,0.025746176135726273,0.2103209959459491,0.009249859082046896,0.0033169420000000002,4.281099999999937e-05,0.11771503800991923,0.008172980044037104,0.0036408969899639487,6.846000906080008e-05,0.06279950299999999,0.0013231560000000059,0.035391008999999994,0.0017571410000000037,66912.0,0.0,38848.0,0.0
W,bv_n12,bv,12,numpy_p1,numpy,,,,,,,1,1,5,5,0,True,True,765;766;767;768;769,final_coverage,124,0.016199764038901776,0.00013955292524769902,0.011861587001476437,0.00017081195255741477,0.011093452980276197,0.00017042603576555848,0.011093452980276197,0.00017042603576555848,0.003904532815795392,3.923237090930343e-05,,,,,,,,,,,,
W,bv_n12,bv,12,quest32_p1,quest32,,,,,,,1,1,5,5,0,True,True,759;760;761;762;763,final_coverage,123,0.0007652100175619125,1.092033926397562e-06,0.0007279399433173239,1.4030956663191319e-06,0.0006651529693044722,1.6490812413394451e-06,,,0.0005469280295073986,1.702981535345316e-06,,,,,,,,,,,,
W,bv_n12,bv,12,quest32_p8,quest32,,,,,,,8,1,5,5,0,True,True,753;754;755;756;757,final_coverage,122,0.016207693028263748,0.001629804028198123,0.01616247504716739,0.0016293380758725107,0.01608559599844739,0.0016280519776046276,,,0.00043770798947662115,3.1850067898631096e-06,,,,,,,,,,,,
W,bv_n12,bv,12,upmem_d64_t24_static_dag_waves_v1_1_f32,upmem,64,True,panel_only_v1,split_complex_float32_v1,static_dag_waves_v1,24,1,1,5,5,0,True,True,747;748;749;750;751,final_coverage,121,0.487657097983174,0.008319371961988509,0.44290613499470055,0.00845767097780481,0.42069141496904194,0.008612409990746528,0.2617644429556094,0.014065553026739508,0.0070013869999999995,9.13299999999971e-06,0.14822740899398923,0.0025630229501985013,0.0039808659930713475,0.00023363297805190086,0.075431652,0.0005367059999999979,0.044738373,0.002458215999999999,78496.0,0.0,108480.0,0.0
W,bv_n16,bv,16,numpy_p1,numpy,,,,,,,1,1,5,5,0,True,True,789;790;791;792;793,final_coverage,128,0.025289143028203398,0.00019004999194294214,0.019605665002018213,0.0001894019660539925,0.018153080018237233,0.00019112502923235297,0.018153080018237233,0.00019112502923235297,0.00625645974650979,3.541837213560939e-05,,,,,,,,,,,,
W,bv_n16,bv,16,quest32_p1,quest32,,,,,,,1,1,5,5,0,True,True,783;784;785;786;787,final_coverage,127,0.007251693983562291,1.4154997188597918e-05,0.007209934992715716,1.514999894425273e-05,0.0071439219755120575,1.3487064279615879e-05,,,0.006318415980786085,1.1860043741762638e-05,,,,,,,,,,,,
W,bv_n16,bv,16,quest32_p8,quest32,,,,,,,8,1,5,5,0,True,True,777;778;779;780;781,final_coverage,126,0.017049323010724038,0.0014931049663573503,0.01699860399821773,0.0014945679577067494,0.016918734938371927,0.0014956631348468363,,,0.0014875319902785122,7.043010555207729e-06,,,,,,,,,,,,
W,bv_n16,bv,16,upmem_d64_t24_static_dag_waves_v1_1_f32,upmem,64,True,panel_only_v1,split_complex_float32_v1,static_dag_waves_v1,24,1,1,5,5,0,True,True,771;772;773;774;775,final_coverage,125,0.7271293919766322,0.0016228100284934044,0.6598681480390951,0.001497975958045572,0.6384435700019822,0.001590341969858855,0.4464527739910409,0.003936402965337038,0.031074155,7.79939999999979e-05,0.1865322010125965,0.0013299619895406067,0.003973153012339026,0.0001272810040973127,0.111989129,0.0008010130000000032,0.084619133,0.0007342060000000011,128224.0,0.0,1120192.0,0.0
W,bv_n18,bv,18,numpy_p1,numpy,,,,,,,1,1,5,5,0,True,True,813;814;815;816;817,final_coverage,132,0.05066256097052246,0.0001789480447769165,0.04435707599623129,0.0001312029780820012,0.03838872699998319,0.0001128559815697372,0.03838872699998319,0.0001128559815697372,0.011663371755275875,4.360731691122055e-05,,,,,,,,,,,,
W,bv_n18,bv,18,quest32_p1,quest32,,,,,,,1,1,5,5,0,True,True,807;808;809;810;811,final_coverage,131,0.03095949097769335,2.242991467937827e-05,0.030915432958863676,2.3157917894423008e-05,0.030845311004668474,2.3928936570882797e-05,,,0.02746028098044917,2.6067020371556282e-05,,,,,,,,,,,,
W,bv_n18,bv,18,quest32_p8,quest32,,,,,,,8,1,5,5,0,True,True,801;802;803;804;805,final_coverage,130,0.021132255962584168,0.00047493993770331144,0.02108029997907579,0.0004761149757541716,0.02099973411532119,0.00047641212586313486,,,0.004865321971010417,7.52095365896821e-06,,,,,,,,,,,,
W,bv_n18,bv,18,upmem_d64_t24_static_dag_waves_v1_1_f32,upmem,64,True,panel_only_v1,split_complex_float32_v1,static_dag_waves_v1,24,1,1,5,5,0,True,True,795;796;797;798;799,final_coverage,129,0.9514660029672086,0.033666992967482656,0.8676227270043455,0.033564624027349055,0.8222465100116096,0.03416342398850247,0.6087763250106946,0.03168940596515313,0.058225019,0.00019053100000000073,0.2116401660023257,0.00040205003460869193,0.004259866022039205,0.0002736260066740215,0.114804178,0.010385601999999966,0.144173708,0.007773794999999972,158992.0,0.0,4282336.0,0.0
W,bv_n20,bv,20,quest32_p8,quest32,,,,,,,8,1,5,5,0,True,True,825;826;827;828;829,final_coverage,134,0.06404524599201977,0.001156201062258333,0.06398982100654393,0.0011554870288819075,0.06389963097171858,0.001143988047260791,,,0.042784004006534815,0.0007251820061355829,,,,,,,,,,,,
W,bv_n20,bv,20,upmem_d64_t24_static_dag_waves_v1_1_f32,upmem,64,True,panel_only_v1,split_complex_float32_v1,static_dag_waves_v1,24,1,1,5,5,0,True,True,819;820;821;822;823,final_coverage,133,1.5920094710309058,0.012845488963648677,1.4934990489855409,0.013343056023586541,1.3569880920113064,0.012229529034812003,1.1222090829978697,0.014502760022878647,0.060457402,0.000134651999999999,0.23103750898735598,0.0025892139528878033,0.0040918089798651636,3.58290271833539e-05,0.136410798,0.006600073000000012,0.391459438,0.008684753999999961,258976.0,0.0,16888512.0,0.0
W,bv_n22,bv,22,quest32_p8,quest32,,,,,,,8,1,5,5,0,True,True,837;838;839;840;841,final_coverage,136,0.21986945701064542,0.004100155958440155,0.21980985696427524,0.004100328020285815,0.21970760897966102,0.004098700010217726,,,0.17582748498534784,0.002360439975745976,,,,,,,,,,,,
W,bv_n22,bv,22,upmem_d64_t24_static_dag_waves_v1_1_f32,upmem,64,True,panel_only_v1,split_complex_float32_v1,static_dag_waves_v1,24,1,1,5,5,0,True,True,831;832;833;834;835,final_coverage,135,4.139509844011627,0.006719621014781296,4.009243203967344,0.006978401041124016,3.4160385810537264,0.03340147394919768,3.132177807041444,0.02854509395547211,0.064490057,8.779899999999952e-05,0.2845175529946573,0.0009991980041377246,0.00398259999928996,6.175501039251685e-05,0.18544898899999998,0.0021895739999999997,1.311416769,0.024270960000000175,663248.0,0.0,67268832.0,0.0
W,bv_n24,bv,24,quest32_p8,quest32,,,,,,,8,1,5,5,0,True,True,849;850;851;852;853,final_coverage,138,1.0561269850004464,0.0024785370333120227,1.0560655639856122,0.0024815649958327413,1.0559663930907845,0.0024855860974639654,,,0.9360185400000773,0.000760912022087723,,,,,,,,,,,,
W,bv_n24,bv,24,upmem_d64_t24_static_dag_waves_v1_1_f32,upmem,64,True,panel_only_v1,split_complex_float32_v1,static_dag_waves_v1,24,1,1,5,5,0,True,True,843;844;845;846;847,final_coverage,137,14.32509973901324,0.07411062001483515,14.16666189901298,0.07451865897746757,11.91223578795325,0.038327693997416645,11.546627727977466,0.04928522399859503,0.228969798,0.00011955200000002275,0.3564600870013237,0.0026907710125669837,0.0051354210008867085,0.0002513490035198629,0.46672226299999997,0.0022118099999999807,5.335571568,0.03029281500000014,2349792.0,0.0,268738240.0,0.0
W,bv_n26,bv,26,quest32_p8,quest32,,,,,,,8,1,5,5,0,True,True,861;862;863;864;865,final_coverage,140,4.675723492051475,0.0057675690040923655,4.6756594110047445,0.005767624999862164,4.675448240072001,0.005748604075051844,,,4.296237280999776,0.00402635702630505,,,,,,,,,,,,
W,bv_n26,bv,26,upmem_d64_t24_static_dag_waves_v1_1_f32,upmem,64,True,panel_only_v1,split_complex_float32_v1,static_dag_waves_v1,24,1,1,5,0,5,False,False,855;856;857;858;859,final_coverage,139,,,,,,,,,,,,,,,,,,,,,,
W,edc_n07,edc,7,numpy_p1,numpy,,,,,,,1,1,5,5,0,True,True,885;886;887;888;889,final_coverage,144,0.007961101015098393,1.8051941879093647e-05,0.005535706994123757,1.2949982192367315e-05,0.005151566991116852,1.367996446788311e-05,0.005151566991116852,1.367996446788311e-05,0.0018434139783494174,6.985850632190704e-06,,,,,,,,,,,,
W,edc_n07,edc,7,quest32_p1,quest32,,,,,,,1,1,5,5,0,True,True,879;880;881;882;883,final_coverage,143,0.0003057990106754005,1.1139782145619392e-06,0.00027891999343410134,8.280039764940739e-07,0.0002250429824925959,1.8319697119295597e-06,,,0.00015022599836811423,3.2170210033655167e-06,,,,,,,,,,,,
W,edc_n07,edc,7,quest32_p8,quest32,,,,,,,8,1,5,5,0,True,True,873;874;875;876;877,final_coverage,142,0.00037037598667666316,1.5640398487448692e-06,0.0003365720040164888,2.194021362811327e-06,0.00027081702137365937,2.3519969545304775e-06,,,0.00018881302094087005,4.344969056546688e-06,,,,,,,,,,,,
W,edc_n07,edc,7,upmem_d64_t24_static_dag_waves_v1_1_f32,upmem,64,True,panel_only_v1,split_complex_float32_v1,static_dag_waves_v1,24,1,1,5,5,0,True,True,867;868;869;870;871,final_coverage,141,0.3911597380065359,0.008409688947722316,0.36676189402351156,0.008392454939894378,0.35595962102524936,0.009309742017649114,0.2303932819631882,0.004729911044705659,0.005839594,3.401100000000046e-05,0.1258301810012199,0.0022452459670603275,0.004043318971525878,0.0002547979820519686,0.06933842600000001,0.0007319130000000007,0.03870988,0.0010114309999999932,78432.0,0.0,45664.0,0.0
W,edc_n11,edc,11,numpy_p1,numpy,,,,,,,1,1,5,5,0,True,True,909;910;911;912;913,final_coverage,148,0.02018674201099202,6.16449979133904e-05,0.016466388013213873,8.059601532295346e-05,0.015870696981437504,8.439598605036736e-05,0.015870696981437504,8.439598605036736e-05,0.010716843185946345,1.9094033632427454e-05,,,,,,,,,,,,
W,edc_n11,edc,11,quest32_p1,quest32,,,,,,,1,1,5,5,0,True,True,903;904;905;906;907,final_coverage,147,0.0004518950008787215,4.244968295097351e-06,0.0004208420286886394,4.205969162285328e-06,0.00036260398337617517,3.5050325095653534e-06,,,0.0002694539725780487,5.846959538757801e-06,,,,,,,,,,,,
W,edc_n11,edc,11,quest32_p8,quest32,,,,,,,8,1,5,5,0,True,True,897;898;899;900;901,final_coverage,146,0.014591076993383467,0.00048763101221993566,0.014554538996890187,0.0004883380024693906,0.014483100967481732,0.0004911539726890624,,,0.00031809002393856645,4.043977241963148e-06,,,,,,,,,,,,
W,edc_n11,edc,11,upmem_d64_t24_static_dag_waves_v1_1_f32,upmem,64,True,panel_only_v1,split_complex_float32_v1,static_dag_waves_v1,24,1,1,5,5,0,True,True,891;892;893;894;895,final_coverage,145,0.4625440600211732,0.006366028974298388,0.43211918300949037,0.006432308000512421,0.4127407839987427,0.007039861986413598,0.2771729700034484,0.009856327960733324,0.033237433999999996,6.499000000000088e-05,0.1288842880167067,0.0032495809718966484,0.0035883160308003426,0.00015437102410942316,0.07108029700000001,0.001533537999999987,0.039933196000000004,0.003411506999999994,94752.0,0.0,107360.0,0.0
W,edc_n15,edc,15,numpy_p1,numpy,,,,,,,1,1,5,5,0,True,True,933;934;935;936;937,final_coverage,152,0.027189133979845792,4.335498670116067e-05,0.022211242001503706,4.8148969653993845e-05,0.021246691001579165,5.230598617345095e-05,0.021246691001579165,5.230598617345095e-05,0.013492792204488069,5.2414252422749996e-05,,,,,,,,,,,,
W,edc_n15,edc,15,quest32_p1,quest32,,,,,,,1,1,5,5,0,True,True,927;928;929;930;931,final_coverage,151,0.002024524030275643,3.1379167921841145e-06,0.0019886880181729794,3.2370444387197495e-06,0.0019209289457648993,2.0178849808871746e-06,,,0.0014782340149395168,3.286055289208889e-06,,,,,,,,,,,,
W,edc_n15,edc,15,quest32_p8,quest32,,,,,,,8,1,5,5,0,True,True,921;922;923;924;925,final_coverage,150,0.016358662047423422,0.001079015084542334,0.01631859503686428,0.0010791650274768472,0.016238952928688377,0.0010799908777698874,,,0.0005957990069873631,4.502013325691223e-06,,,,,,,,,,,,
W,edc_n15,edc,15,upmem_d64_t24_static_dag_waves_v1_1_f32,upmem,64,True,panel_only_v1,split_complex_float32_v1,static_dag_waves_v1,24,1,1,5,5,0,True,True,915;916;917;918;919,final_coverage,149,0.6455922279856168,0.01553296303609386,0.5962574949953705,0.015680190990678966,0.5789877649513073,0.014720548992045224,0.41807691601570696,0.010709279973525554,0.083240554,0.00010040499999999786,0.15785708802286536,0.002079275029245764,0.0037568059633485973,0.00020045501878485084,0.08682003199999999,0.0023152840000000147,0.060582176,0.0008776939999999983,194784.0,0.0,770144.0,0.0
W,edc_n17,edc,17,numpy_p1,numpy,,,,,,,1,1,5,5,0,True,True,957;958;959;960;961,final_coverage,156,0.0839405280421488,0.0001785140484571457,0.07830621302127838,0.00020758796017616987,0.0754594060126692,0.00027561403112486005,0.0754594060126692,0.00027561403112486005,0.05571190983755514,0.00013944628881290555,,,,,,,,,,,,
W,edc_n17,edc,17,quest32_p1,quest32,,,,,,,1,1,5,5,0,True,True,951;952;953;954;955,final_coverage,155,0.007650027982890606,1.1811964213848114e-05,0.007614334987010807,1.147901639342308e-05,0.007536577002611011,1.0644958820194006e-05,,,0.005818842968437821,5.560927093029022e-06,,,,,,,,,,,,
W,edc_n17,edc,17,quest32_p8,quest32,,,,,,,8,1,5,5,0,True,True,945;946;947;948;949,final_coverage,154,0.01550754701020196,0.00024060200667008758,0.015465105010662228,0.00024066900368779898,0.015382646000944078,0.0002471059560775757,,,0.0013059679768048227,3.1480449251830578e-06,,,,,,,,,,,,
W,edc_n17,edc,17,upmem_d64_t24_static_dag_waves_v1_1_f32,upmem,64,True,panel_only_v1,split_complex_float32_v1,static_dag_waves_v1,24,1,1,5,5,0,True,True,939;940;941;942;943,final_coverage,153,1.5042878150125034,0.003514064010232687,1.3613001150079072,0.004059278988279402,1.3020855798968114,0.003842438047286123,0.9959053749917075,0.002563327958341688,0.07235171000000001,0.00032169499999999684,0.2974788490100764,0.00312247802503407,0.00455589999910444,0.00023205002071335912,0.218078457,0.0025255989999999895,0.226278079,0.003141696999999999,2107648.0,0.0,6022240.0,0.0
W,edc_n19,edc,19,quest32_p8,quest32,,,,,,,8,1,5,5,0,True,True,969;970;971;972;973,final_coverage,158,0.03792478598188609,0.0009339189855381846,0.03788110299501568,0.0009323169942945242,0.03778793301898986,0.0009322819532826543,,,0.004342952976003289,4.870234988629818e-07,,,,,,,,,,,,
W,edc_n19,edc,19,upmem_d64_t24_static_dag_waves_v1_1_f32,upmem,64,True,panel_only_v1,split_complex_float32_v1,static_dag_waves_v1,24,1,1,5,5,0,True,True,963;964;965;966;967,final_coverage,157,1.5131676140008494,0.0038685740437358618,1.4427590310224332,0.0029615769744850695,1.3710538890445605,0.0024950290680862963,1.1745523539721034,0.0024574099807068706,0.403223094,1.1133999999968225e-05,0.19358205696335062,0.0011344460654072464,0.004134527000132948,0.00016114098252728581,0.14207567499999998,0.0005903540000000151,0.225822963,0.001537643999999977,729760.0,0.0,8903520.0,0.0
W,edc_n21,edc,21,quest32_p8,quest32,,,,,,,8,1,5,5,0,True,True,981;982;983;984;985,final_coverage,160,0.07023261493304744,0.0018758370424620807,0.0701868609758094,0.0018763430416584015,0.07008305797353387,0.0018769840826280415,,,0.04246850300114602,0.0038178189424797893,,,,,,,,,,,,
W,edc_n21,edc,21,upmem_d64_t24_static_dag_waves_v1_1_f32,upmem,64,True,panel_only_v1,split_complex_float32_v1,static_dag_waves_v1,24,1,1,5,5,0,True,True,975;976;977;978;979,final_coverage,159,2.8006334959645756,0.0011063680285587907,2.7243947469978593,0.001131984987296164,2.439800583058968,0.006844382907729596,2.237085457018111,0.008680846949573606,0.43354579,8.441000000025678e-06,0.1992055220180191,0.0007482449873350561,0.0040654659969732165,0.00019238301320001483,0.196114212,0.00017895900000003406,0.674098689,0.002744504999999897,2281152.0,0.0,34333280.0,0.0
W,edc_n23,edc,23,quest32_p8,quest32,,,,,,,8,1,5,5,0,True,True,993;994;995;996;997,final_coverage,162,0.3026240880135447,0.0002042599953711033,0.30257590900873765,0.00020391802536323667,0.30245774710783735,0.00020798685727640986,,,0.2426954290131107,0.0003595199668779969,,,,,,,,,,,,
W,edc_n23,edc,23,upmem_d64_t24_static_dag_waves_v1_1_f32,upmem,64,True,panel_only_v1,split_complex_float32_v1,static_dag_waves_v1,24,1,1,5,5,0,True,True,987;988;989;990;991,final_coverage,161,10.496794713952113,0.05272910598432645,10.331794350000564,0.049546298978384584,9.090150821954012,0.044695107149891555,8.743379690975416,0.05213471705792472,0.825717283,8.38499999998854e-05,0.33626437903149053,0.004995046940166503,0.0045160899753682315,0.00017491192556917667,0.788565554,0.008321104000000079,3.242961876,0.007571401000000311,11787744.0,0.0,153051744.0,0.0
W,edc_n25,edc,25,quest32_p8,quest32,,,,,,,8,1,5,5,0,True,True,1005;1006;1007;1008;1009,final_coverage,164,1.3248151279985905,0.002312240016181022,1.3247651089914143,0.00231318298028782,1.324604975990951,0.0023182890727184713,,,1.1213635239982978,0.0017710489919409156,,,,,,,,,,,,
W,edc_n25,edc,25,upmem_d64_t24_static_dag_waves_v1_1_f32,upmem,64,True,panel_only_v1,split_complex_float32_v1,static_dag_waves_v1,24,1,1,5,0,5,False,False,999;1000;1001;1002;1003,final_coverage,163,,,,,,,,,,,,,,,,,,,,,,
W,hs_n08,hs,8,numpy_p1,numpy,,,,,,,1,1,5,5,0,True,True,1029;1030;1031;1032;1033,final_coverage,168,0.024184133973903954,5.58079918846488e-05,0.01744054100709036,4.9106020014733076e-05,0.01635138096753508,4.19180141761899e-05,0.01635138096753508,4.19180141761899e-05,0.005684000323526561,5.2269024308770895e-05,,,,,,,,,,,,
W,hs_n08,hs,8,quest32_p1,quest32,,,,,,,1,1,5,5,0,True,True,1023;1024;1025;1026;1027,final_coverage,167,0.0006683160318061709,2.629007212817669e-06,0.000618476013187319,3.469001967459917e-06,0.0005589010543189943,2.4730106815695763e-06,,,0.00048451300244778395,5.979964043945074e-06,,,,,,,,,,,,
W,hs_n08,hs,8,quest32_p8,quest32,,,,,,,8,1,5,5,0,True,True,1017;1018;1019;1020;1021,final_coverage,166,0.017078965029213578,0.002056064025964588,0.01702100900001824,0.0020576179958879948,0.016948682023212314,0.0020621420117095113,,,0.0007119699730537832,1.9971979781985283e-05,,,,,,,,,,,,
W,hs_n08,hs,8,upmem_d64_t24_static_dag_waves_v1_1_f32,upmem,64,True,panel_only_v1,split_complex_float32_v1,static_dag_waves_v1,24,1,1,5,5,0,True,True,1011;1012;1013;1014;1015,final_coverage,165,0.5978155159973539,0.0026568520115688443,0.5168884880258702,0.0010924069210886955,0.4855568819330074,0.003986576048191637,0.28587466798489913,0.00022572098532691598,0.0038137839999999998,1.9234000000000785e-05,0.1988877429976128,0.0008139960118569434,0.003687282034661621,0.0002222119364887476,0.07884188199999999,0.0015923400000000115,0.048514811000000005,0.00028166299999998756,80064.0,0.0,48256.0,0.0
W,hs_n12,hs,12,numpy_p1,numpy,,,,,,,1,1,5,5,0,True,True,1053;1054;1055;1056;1057,final_coverage,172,0.03712814295431599,0.0003054669941775501,0.02670523099368438,0.0003344999859109521,0.025043956993613392,0.00034798303386196494,0.025043956993613392,0.00034798303386196494,0.00887610879726708,4.672195063903928e-05,,,,,,,,,,,,
W,hs_n12,hs,12,quest32_p1,quest32,,,,,,,1,1,5,5,0,True,True,1047;1048;1049;1050;1051,final_coverage,171,0.0017258480074815452,7.1140239015221596e-06,0.0016605890123173594,6.661983206868172e-06,0.001600996998604387,7.398892194032669e-06,,,0.001479815982747823,1.97096960619092e-06,,,,,,,,,,,,
W,hs_n12,hs,12,quest32_p8,quest32,,,,,,,8,1,5,5,0,True,True,1041;1042;1043;1044;1045,final_coverage,170,0.015630295034497976,0.0010229219915345311,0.01554687402676791,0.0010243789874948561,0.015474390995223075,0.0010232829372398555,,,0.0011527430033311248,5.526992026716471e-06,,,,,,,,,,,,
W,hs_n12,hs,12,upmem_d64_t24_static_dag_waves_v1_1_f32,upmem,64,True,panel_only_v1,split_complex_float32_v1,static_dag_waves_v1,24,1,1,5,5,0,True,True,1035;1036;1037;1038;1039,final_coverage,169,0.8584568389924243,0.008038354979362339,0.7037851650384255,0.00873152498388663,0.6656587720499374,0.00750199897447601,0.36502218700479716,0.005005833983886987,0.008093638,3.9450999999999375e-05,0.30272232298739254,0.003187954018358141,0.003723505011294037,0.00016140600200742483,0.095759861,0.0013231430000000127,0.062029376000000004,0.0014210649999999991,94496.0,0.0,122048.0,0.0
W,hs_n16,hs,16,numpy_p1,numpy,,,,,,,1,1,5,5,0,True,True,1077;1078;1079;1080;1081,final_coverage,176,0.052737482998054475,5.914794746786356e-05,0.03779569099424407,0.0001546880230307579,0.03512002801289782,0.00010399398161098361,0.03512002801289782,0.00010399398161098361,0.01158423232845962,4.818866727873683e-05,,,,,,,,,,,,
W,hs_n16,hs,16,quest32_p1,quest32,,,,,,,1,1,5,5,0,True,True,1071;1072;1073;1074;1075,final_coverage,175,0.018987382005434483,4.561035893857479e-06,0.018906429002527148,6.7140208557248116e-06,0.018839598924387246,7.208960596472025e-06,,,0.018019066948909312,1.7406942788511515e-05,,,,,,,,,,,,
W,hs_n16,hs,16,quest32_p8,quest32,,,,,,,8,1,5,5,0,True,True,1065;1066;1067;1068;1069,final_coverage,174,0.019366114982403815,0.00022771890508010983,0.019270573975518346,0.00022958993213251233,0.019192247069440782,0.000230745121371001,,,0.004208605969324708,8.29729251563549e-05,,,,,,,,,,,,
W,hs_n16,hs,16,upmem_d64_t24_static_dag_waves_v1_1_f32,upmem,64,True,panel_only_v1,split_complex_float32_v1,static_dag_waves_v1,24,1,1,5,5,0,True,True,1059;1060;1061;1062;1063,final_coverage,173,1.2453347810078412,0.0080092329881154,1.0154200700344518,0.006950272072572261,0.9728690230404027,0.0070859669940546155,0.5530572000425309,0.004264165065251291,0.05590736,0.00011121999999999521,0.41530342295300215,0.001826089050155133,0.003971728030592203,0.00025445903884246945,0.129232111,0.0016169909999999843,0.09913622799999999,0.0019507400000000064,131456.0,0.0,1126656.0,0.0
W,hs_n18,hs,18,numpy_p1,numpy,,,,,,,1,1,5,5,0,True,True,1101;1102;1103;1104;1105,final_coverage,180,0.08262712601572275,0.0007071880390867591,0.06532464805059135,0.0006210210267454386,0.058015365968458354,0.0005384729593060911,0.058015365968458354,0.0005384729593060911,0.018344921409152448,0.0002373156021349132,,,,,,,,,,,,
W,hs_n18,hs,18,quest32_p1,quest32,,,,,,,1,1,5,5,0,True,True,1095;1096;1097;1098;1099,final_coverage,179,0.08225905400468037,8.239102317020297e-05,0.08217409095959738,8.15059756860137e-05,0.08210499107372016,8.1123027484864e-05,,,0.07872756902361289,8.966401219367981e-05,,,,,,,,,,,,
W,hs_n18,hs,18,quest32_p8,quest32,,,,,,,8,1,5,5,0,True,True,1089;1090;1091;1092;1093,final_coverage,178,0.054878210998140275,0.0021263930830173194,0.0547748229582794,0.002128607069607824,0.05469352309592068,0.0021269668941386044,,,0.03765582601772621,0.0023573599755764008,,,,,,,,,,,,
W,hs_n18,hs,18,upmem_d64_t24_static_dag_waves_v1_1_f32,upmem,64,True,panel_only_v1,split_complex_float32_v1,static_dag_waves_v1,24,1,1,5,5,0,True,True,1083;1084;1085;1086;1087,final_coverage,177,1.5854212929843925,0.0062213659984990954,1.2886828180053271,0.012683333014138043,1.220380456012208,0.012987593945581466,0.7194242560071871,0.011893499991856515,0.057162151,7.486599999999982e-05,0.49636824801564217,0.0015041320584714413,0.004294901969842613,0.0002040849649347365,0.145169887,0.0028570829999999825,0.164656598,0.001609420000000028,167280.0,0.0,4292000.0,0.0
W,hs_n20,hs,20,quest32_p8,quest32,,,,,,,8,1,5,5,0,True,True,1113;1114;1115;1116;1117,final_coverage,182,0.10184390097856522,0.0018513479735702276,0.10172030795365572,0.0018468909547664225,0.10161352093564346,0.001837648916989565,,,0.0797676490037702,0.002606599999126047,,,,,,,,,,,,
W,hs_n20,hs,20,upmem_d64_t24_static_dag_waves_v1_1_f32,upmem,64,True,panel_only_v1,split_complex_float32_v1,static_dag_waves_v1,24,1,1,5,5,0,True,True,1107;1108;1109;1110;1111,final_coverage,181,2.3432072889991105,0.010537578025832772,1.9953362119849771,0.006882006011437625,1.8291078170295805,0.006183774909004569,1.2311940749641508,0.01385867508361116,0.060290936,4.2551999999994317e-05,0.588240026962012,0.0030450389604084194,0.004288733005523682,7.79610127210617e-05,0.15521711,0.011192120000000028,0.413313745,0.011918071999999946,268768.0,0.0,16929088.0,0.0
W,hs_n22,hs,22,quest32_p8,quest32,,,,,,,8,1,5,5,0,True,True,1125;1126;1127;1128;1129,final_coverage,184,0.4970078289625235,0.0009945739875547588,0.49688689899630845,0.0009794869692996144,0.49678407795727253,0.0009795610676519573,,,0.45856438600458205,0.0003487180219963193,,,,,,,,,,,,
W,hs_n22,hs,22,upmem_d64_t24_static_dag_waves_v1_1_f32,upmem,64,True,panel_only_v1,split_complex_float32_v1,static_dag_waves_v1,24,1,1,5,5,0,True,True,1119;1120;1121;1122;1123,final_coverage,183,5.0337949999957345,0.011546959052793682,4.616650217969436,0.013432694016955793,3.9679125969996676,0.019415529037360102,3.2717935480177402,0.019376770011149347,0.069569584,4.5132999999988876e-05,0.6914436699589714,0.0011981010320596397,0.004549359029624611,0.00012601999333128333,0.205217745,0.00048338600000003007,1.369944004,0.01259001400000015,664016.0,0.0,67460064.0,0.0
W,hs_n24,hs,24,quest32_p8,quest32,,,,,,,8,1,5,5,0,True,True,1137;1138;1139;1140;1141,final_coverage,186,2.8025082500535063,0.00633713899878785,2.8023806320270523,0.00633946101879701,2.802121184999123,0.006351333984639496,,,2.6826214939937927,0.006319954001810402,,,,,,,,,,,,
W,hs_n24,hs,24,upmem_d64_t24_static_dag_waves_v1_1_f32,upmem,64,True,panel_only_v1,split_complex_float32_v1,static_dag_waves_v1,24,1,1,5,5,0,True,True,1131;1132;1133;1134;1135,final_coverage,185,15.546504292986356,0.01046243798919022,15.059360830986407,0.015044834988657385,12.796016864012927,0.027593915001489222,11.960866149980575,0.022318004979752004,0.264715298,0.00018638499999995561,0.8254297230159864,0.000662940030451864,0.005065442994236946,0.0001096649793908,0.512589346,0.0016151749999999687,5.389596192,0.023145163999999774,2382400.0,0.0,269647232.0,0.0
W,hs_n26,hs,26,quest32_p8,quest32,,,,,,,8,1,5,5,0,True,True,1149;1150;1151;1152;1153,final_coverage,188,12.65203004097566,0.005785398010630161,12.651899090968072,0.005787399015389383,12.651690972037613,0.005796290002763271,,,12.275806273974013,0.003432501049246639,,,,,,,,,,,,
W,hs_n26,hs,26,upmem_d64_t24_static_dag_waves_v1_1_f32,upmem,64,True,panel_only_v1,split_complex_float32_v1,static_dag_waves_v1,24,1,1,5,0,5,False,False,1143;1144;1145;1146;1147,final_coverage,187,,,,,,,,,,,,,,,,,,,,,,
W,qrng_n08,qrng,8,numpy_p1,numpy,,,,,,,1,1,5,5,0,True,True,1173;1174;1175;1176;1177,final_coverage,192,0.006084485969040543,4.72039682790637e-05,0.004388611996546388,6.445200415328145e-05,0.00408420100575313,5.620898446068168e-05,0.00408420100575313,5.620898446068168e-05,0.0012942430912517011,1.5933881513774395e-05,,,,,,,,,,,,
W,qrng_n08,qrng,8,quest32_p1,quest32,,,,,,,1,1,5,5,0,True,True,1167;1168;1169;1170;1171,final_coverage,191,0.00023767101811245084,5.449401214718819e-07,0.0002142610028386116,1.0879593901336193e-06,0.00015993800479918718,6.160116754472256e-07,,,8.299498585984111e-05,2.9929797165095806e-06,,,,,,,,,,,,
W,qrng_n08,qrng,8,quest32_p8,quest32,,,,,,,8,1,5,5,0,True,True,1161;1162;1163;1164;1165,final_coverage,190,0.014623011986259371,0.0009946539648808539,0.014595217013265938,0.0009949320228770375,0.014524305996019393,0.0009932180400937796,,,0.00012737297220155597,1.3620010577142239e-06,,,,,,,,,,,,
W,qrng_n08,qrng,8,upmem_d64_t24_static_dag_waves_v1_1_f32,upmem,64,True,panel_only_v1,split_complex_float32_v1,static_dag_waves_v1,24,1,1,5,5,0,True,True,1155;1156;1157;1158;1159,final_coverage,189,0.22711261198855937,0.006515451008453965,0.21360900095896795,0.006451385037507862,0.204601542907767,0.005557577067520469,0.10398769599851221,0.009735980012919754,0.0018562459999999998,2.9924000000000183e-05,0.09951504395576194,0.002126620034687221,0.004404208972118795,0.00021801202092319727,0.032316791,0.001911222000000004,0.018520785,0.0017106769999999973,37760.0,0.0,23552.0,0.0
W,qrng_n12,qrng,12,numpy_p1,numpy,,,,,,,1,1,5,5,0,True,True,1197;1198;1199;1200;1201,final_coverage,196,0.008866380027029663,6.832799408584833e-05,0.006586620002053678,7.055100286379457e-05,0.006094862008467317,6.429001223295927e-05,0.006094862008467317,6.429001223295927e-05,0.0019636658835224807,7.73079227656126e-06,,,,,,,,,,,,
W,qrng_n12,qrng,12,quest32_p1,quest32,,,,,,,1,1,5,5,0,True,True,1191;1192;1193;1194;1195,final_coverage,195,0.00043202203232795,3.5820994526147842e-06,0.00040401401929557323,1.9970466382801533e-06,0.0003466529888100922,6.902962923049927e-06,,,0.00022689002798870206,2.9060174711048603e-06,,,,,,,,,,,,
W,qrng_n12,qrng,12,quest32_p8,quest32,,,,,,,8,1,5,5,0,True,True,1185;1186;1187;1188;1189,final_coverage,194,0.01519825798459351,0.0006003989838063717,0.015165827993769199,0.0005997419939376414,0.015088262967765331,0.0005934559158049524,,,0.00018509203800931573,8.145056199282408e-06,,,,,,,,,,,,
W,qrng_n12,qrng,12,upmem_d64_t24_static_dag_waves_v1_1_f32,upmem,64,True,panel_only_v1,split_complex_float32_v1,static_dag_waves_v1,24,1,1,5,5,0,True,True,1179;1180;1181;1182;1183,final_coverage,193,0.26360301597742364,0.01681460498366505,0.24312532600015402,0.0167399889905937,0.2359220179496333,0.01668291201349348,0.12024191801901907,0.012526461039669812,0.00759903,2.896499999999972e-05,0.11161257000640035,0.0005407229764387012,0.003659688984043896,0.00013867602683603764,0.030663892,0.002520783000000002,0.021497033999999998,0.0024868159999999993,49472.0,0.0,94208.0,0.0
W,qrng_n16,qrng,16,numpy_p1,numpy,,,,,,,1,1,5,5,0,True,True,1221;1222;1223;1224;1225,final_coverage,200,0.013922586978878826,7.019797340035439e-05,0.011007492954377085,6.677594501525164e-05,0.010031492973212153,5.4661999456584454e-05,0.010031492973212153,5.4661999456584454e-05,0.0028800449799746275,2.6914000045508146e-05,,,,,,,,,,,,
W,qrng_n16,qrng,16,quest32_p1,quest32,,,,,,,1,1,5,5,0,True,True,1215;1216;1217;1218;1219,final_coverage,199,0.003658002009615302,1.607497688382864e-05,0.0036288429982960224,1.538300421088934e-05,0.0035633519873954356,1.42599456012249e-05,,,0.0027342530083842576,5.070993211120367e-06,,,,,,,,,,,,
W,qrng_n16,qrng,16,quest32_p8,quest32,,,,,,,8,1,5,5,0,True,True,1209;1210;1211;1212;1213,final_coverage,198,0.014457201003096998,0.0007231949712149799,0.014423592016100883,0.0007238590042106807,0.01434273092309013,0.0007301178993657231,,,0.0006217610207386315,8.160131983458996e-07,,,,,,,,,,,,
W,qrng_n16,qrng,16,upmem_d64_t24_static_dag_waves_v1_1_f32,upmem,64,True,panel_only_v1,split_complex_float32_v1,static_dag_waves_v1,24,1,1,5,5,0,True,True,1203;1204;1205;1206;1207,final_coverage,197,0.5236011859960854,0.0020162540022283792,0.49615918000927195,0.00204114499501884,0.48158821708057076,0.0022411548998206854,0.35088831395842135,0.0003216209006495774,0.08168485,3.5942999999996617e-05,0.1271884750458412,0.001984857954084873,0.003833048976957798,9.76879964582622e-05,0.07259369,0.0005562790000000067,0.059827295,0.00036708700000000205,83712.0,0.0,1095680.0,0.0
W,qrng_n18,qrng,18,numpy_p1,numpy,,,,,,,1,1,5,5,0,True,True,1245;1246;1247;1248;1249,final_coverage,204,0.039624997007194906,6.30730064585805e-05,0.036391640023794025,8.729205001145601e-05,0.03093274199636653,0.0001377059961669147,0.03093274199636653,0.0001377059961669147,0.009372078930027783,3.0556926503777504e-05,,,,,,,,,,,,
W,qrng_n18,qrng,18,quest32_p1,quest32,,,,,,,1,1,5,5,0,True,True,1239;1240;1241;1242;1243,final_coverage,203,0.015353985014371574,2.0128965843468904e-05,0.015321669983677566,2.2639986127614975e-05,0.01525240601040423,2.0180887077003717e-05,,,0.011874590010847896,1.394201535731554e-05,,,,,,,,,,,,
W,qrng_n18,qrng,18,quest32_p8,quest32,,,,,,,8,1,5,5,0,True,True,1233;1234;1235;1236;1237,final_coverage,202,0.019193965010344982,0.0009284279658459127,0.019158069975674152,0.0009305179701186717,0.0190712459734641,0.0009282921091653407,,,0.0020812900038436055,1.38290342874825e-05,,,,,,,,,,,,
W,qrng_n18,qrng,18,upmem_d64_t24_static_dag_waves_v1_1_f32,upmem,64,True,panel_only_v1,split_complex_float32_v1,static_dag_waves_v1,24,1,1,5,5,0,True,True,1227;1228;1229;1230;1231,final_coverage,201,0.6999884649994783,0.01155249000294134,0.6674293470568955,0.01187819498591125,0.6285909940488636,0.011918327014427632,0.4960645519895479,0.0017329060356132686,0.083209529,0.00015486400000000455,0.13749858300434425,0.001097767031751573,0.004115513002034277,6.722001126036048e-05,0.080495498,0.006835692000000004,0.118831823,0.0036550979999999955,118176.0,0.0,4259456.0,0.0
W,qrng_n20,qrng,20,quest32_p8,quest32,,,,,,,8,1,5,5,0,True,True,1257;1258;1259;1260;1261,final_coverage,206,0.0537819680175744,0.0076575500424951315,0.053744109987746924,0.007657638052478433,0.05363450100412592,0.007673480955418199,,,0.030068361957091838,0.0022698750253766775,,,,,,,,,,,,
W,qrng_n20,qrng,20,upmem_d64_t24_static_dag_waves_v1_1_f32,upmem,64,True,panel_only_v1,split_complex_float32_v1,static_dag_waves_v1,24,1,1,5,5,0,True,True,1251;1252;1253;1254;1255,final_coverage,205,1.3032895310316235,0.0036212500417605042,1.2656655049649999,0.0031316649983637035,1.136257331003435,0.0037500860053114593,0.9940280530136079,0.007188395014964044,0.087535624,3.06169999999828e-05,0.14329012896632776,0.0036847740411758423,0.004142432007938623,0.00016308098565787077,0.097076396,0.0005053579999999974,0.361354591,0.005064211000000041,218304.0,0.0,16894976.0,0.0
W,qrng_n22,qrng,22,quest32_p8,quest32,,,,,,,8,1,5,5,0,True,True,1269;1270;1271;1272;1273,final_coverage,208,0.12908972305012867,0.003948143043089658,0.12905077601317316,0.003947364981286228,0.12894508306635544,0.00395859609125182,,,0.08665469498373568,0.00280496699269861,,,,,,,,,,,,
W,qrng_n22,qrng,22,upmem_d64_t24_static_dag_waves_v1_1_f32,upmem,64,True,panel_only_v1,split_complex_float32_v1,static_dag_waves_v1,24,1,1,5,5,0,True,True,1263;1264;1265;1266;1267,final_coverage,207,3.7326090700225905,0.05344641098054126,3.6882786949863657,0.053514591010753065,3.0918365360121243,0.05057739501353353,2.931244053004775,0.05500301101710647,0.102213631,0.00021790200000000592,0.15642040100647137,0.003176686994265765,0.004004642018117011,3.7210993468761444e-05,0.135988456,0.0009862100000000151,1.254662856,0.04871556999999993,612192.0,0.0,67424384.0,0.0
W,qrng_n24,qrng,24,quest32_p8,quest32,,,,,,,8,1,5,5,0,True,True,1281;1282;1283;1284;1285,final_coverage,210,0.5254861119901761,0.0005911359912715852,0.5254471219959669,0.0005920669646002352,0.5253275249851868,0.0005948099424131215,,,0.4039904910023324,0.0007452399586327374,,,,,,,,,,,,
W,qrng_n24,qrng,24,upmem_d64_t24_static_dag_waves_v1_1_f32,upmem,64,True,panel_only_v1,split_complex_float32_v1,static_dag_waves_v1,24,1,1,5,5,0,True,True,1275;1276;1277;1278;1279,final_coverage,209,14.125566688016988,0.043065295030828565,14.068023770989385,0.043251243012491614,11.864686087996233,0.049295119009912014,11.6500539080007,0.05424084101105109,0.40064401899999996,3.412100000005358e-05,0.2091903819818981,0.002818181994371116,0.00525617302628234,0.0003843239974230528,0.43588882900000003,0.0003238999999999881,5.182741698999999,0.050296304000000625,2329216.0,0.0,269609984.0,0.0
W,qrng_n26,qrng,26,quest32_p8,quest32,,,,,,,8,1,5,5,0,True,True,1293;1294;1295;1296;1297,final_coverage,212,2.2321098780375905,0.001309446059167385,2.232068696001079,0.0013099980424158275,2.2319026280893013,0.0012982211192138493,,,1.8526708239805885,0.0013726700562983751,,,,,,,,,,,,
W,qrng_n26,qrng,26,upmem_d64_t24_static_dag_waves_v1_1_f32,upmem,64,True,panel_only_v1,split_complex_float32_v1,static_dag_waves_v1,24,1,1,5,0,5,False,False,1287;1288;1289;1290;1291,final_coverage,211,,,,,,,,,,,,,,,,,,,,,,
W,xor_n08,xor,8,numpy_p1,numpy,,,,,,,1,1,5,5,0,True,True,1317;1318;1319;1320;1321,final_coverage,216,0.008931148040574044,6.463198224082589e-05,0.00632960902294144,7.525598630309105e-05,0.0058680090005509555,7.695198291912675e-05,0.0058680090005509555,7.695198291912675e-05,0.0020003319368697703,1.9279832486063242e-05,,,,,,,,,,,,
W,xor_n08,xor,8,quest32_p1,quest32,,,,,,,1,1,5,5,0,True,True,1311;1312;1313;1314;1315,final_coverage,215,0.00031896395375952125,1.3669487088918686e-06,0.00029021198861300945,1.1579832062125206e-06,0.00023099209647625685,4.128669388592243e-07,,,0.00015904399333521724,2.7101486921310425e-07,,,,,,,,,,,,
W,xor_n08,xor,8,quest32_p8,quest32,,,,,,,8,1,5,5,0,True,True,1305;1306;1307;1308;1309,final_coverage,214,0.014638980966992676,0.0009377350215800107,0.014605036994908005,0.0009381360141560435,0.014535936992615461,0.0009362189448438585,,,0.0002379890065640211,6.187998224049807e-06,,,,,,,,,,,,
W,xor_n08,xor,8,upmem_d64_t24_static_dag_waves_v1_1_f32,upmem,64,True,panel_only_v1,split_complex_float32_v1,static_dag_waves_v1,24,1,1,5,5,0,True,True,1299;1300;1301;1302;1303,final_coverage,213,0.33347434701863676,0.01119076699251309,0.3133344530360773,0.011206803959794343,0.3008843729621731,0.008446265012025833,0.18276795197743922,0.006850578996818513,0.004163636,2.1710000000000305e-05,0.1130877939867787,0.0029974430217407644,0.0039478359976783395,0.00032096600625663996,0.053542904,0.0008416069999999942,0.030750703,0.0009023610000000008,58736.0,0.0,36128.0,0.0
W,xor_n12,xor,12,numpy_p1,numpy,,,,,,,1,1,5,5,0,True,True,1341;1342;1343;1344;1345,final_coverage,220,0.013762894959654659,0.00010602892143651843,0.009901143028400838,0.00012086506467312574,0.009235705016180873,0.00011484697461128235,0.009235705016180873,0.00011484697461128235,0.0031958399922586977,4.6370027121156454e-05,,,,,,,,,,,,
W,xor_n12,xor,12,quest32_p1,quest32,,,,,,,1,1,5,5,0,True,True,1335;1336;1337;1338;1339,final_coverage,219,0.0006263169925659895,1.6900012269616127e-06,0.0005930669722147286,1.6310368664562702e-06,0.0005278960452415049,3.0889641493558884e-06,,,0.00041165301809087396,2.6199850253760815e-06,,,,,,,,,,,,
W,xor_n12,xor,12,quest32_p8,quest32,,,,,,,8,1,5,5,0,True,True,1329;1330;1331;1332;1333,final_coverage,218,0.01444777101278305,0.00039861700497567654,0.014407331007532775,0.00039690599078312516,0.014334461011458188,0.0004057220066897571,,,0.0003560120239853859,2.8730137273669243e-06,,,,,,,,,,,,
W,xor_n12,xor,12,upmem_d64_t24_static_dag_waves_v1_1_f32,upmem,64,True,panel_only_v1,split_complex_float32_v1,static_dag_waves_v1,24,1,1,5,5,0,True,True,1323;1324;1325;1326;1327,final_coverage,217,0.4768359150039032,0.005606997001450509,0.4387937459978275,0.004724682017695159,0.4194297330104746,0.005775425990577787,0.27430492104031146,0.004158449009992182,0.015745732999999998,8.825999999999973e-05,0.13952355296351016,0.0025689549511298537,0.003869383013807237,0.00016152701573446393,0.075164012,0.0008437790000000028,0.044127574,0.001115335000000002,99120.0,0.0,148896.0,0.0
W,xor_n16,xor,16,numpy_p1,numpy,,,,,,,1,1,5,5,0,True,True,1365;1366;1367;1368;1369,final_coverage,224,0.02287726802751422,0.0002684810315258801,0.0176462969975546,0.00017984199803322554,0.016282733995467424,0.000188659003470093,0.016282733995467424,0.000188659003470093,0.0052243529935367405,3.7837016861885786e-05,,,,,,,,,,,,
W,xor_n16,xor,16,quest32_p1,quest32,,,,,,,1,1,5,5,0,True,True,1359;1360;1361;1362;1363,final_coverage,223,0.005155910970643163,2.958928234875202e-06,0.00511896499665454,3.5329721868038177e-06,0.005047150072641671,3.4370459616184235e-06,,,0.004224275995511562,2.554035745561123e-06,,,,,,,,,,,,
W,xor_n16,xor,16,quest32_p8,quest32,,,,,,,8,1,5,5,0,True,True,1353;1354;1355;1356;1357,final_coverage,222,0.01696455798810348,0.00024359702365472913,0.01691924297483638,0.00024303898680955172,0.01683313399553299,0.0002416290226392448,,,0.0010537230409681797,5.824025720357895e-06,,,,,,,,,,,,
W,xor_n16,xor,16,upmem_d64_t24_static_dag_waves_v1_1_f32,upmem,64,True,panel_only_v1,split_complex_float32_v1,static_dag_waves_v1,24,1,1,5,5,0,True,True,1347;1348;1349;1350;1351,final_coverage,221,0.7739384890301153,0.0516940260422416,0.7007668190053664,0.05184176698094234,0.6715223540668376,0.05197517707711086,0.47734789503738284,0.05068496003514156,0.027074139,0.0002884829999999991,0.19066149200079963,0.002508824982214719,0.004091431037522852,0.0003476860001683235,0.10528897400000001,0.019781332000000013,0.102348464,0.004551464000000005,452656.0,0.0,1797664.0,0.0
W,xor_n18,xor,18,numpy_p1,numpy,,,,,,,1,1,5,5,0,True,True,1389;1390;1391;1392;1393,final_coverage,228,0.05537309200735763,0.0004504589596763253,0.0496237360057421,0.00044680997962132096,0.04370390600524843,0.00041635497473180294,0.04370390600524843,0.00041635497473180294,0.012728099711239338,9.352253982797265e-05,,,,,,,,,,,,
W,xor_n18,xor,18,quest32_p1,quest32,,,,,,,1,1,5,5,0,True,True,1383;1384;1385;1386;1387,final_coverage,227,0.021780923998448998,3.6198936868458986e-05,0.021740685973782092,3.6180950701236725e-05,0.02167149295564741,4.076003096997738e-05,,,0.01830536697525531,3.8865022361278534e-05,,,,,,,,,,,,
W,xor_n18,xor,18,quest32_p8,quest32,,,,,,,8,1,5,5,0,True,True,1377;1378;1379;1380;1381,final_coverage,226,0.01888188102748245,0.00041926198173314333,0.018834683985915035,0.00041978899389505386,0.01875391893554479,0.00041800597682595253,,,0.003312591987196356,7.066992111504078e-06,,,,,,,,,,,,
W,xor_n18,xor,18,upmem_d64_t24_static_dag_waves_v1_1_f32,upmem,64,True,panel_only_v1,split_complex_float32_v1,static_dag_waves_v1,24,1,1,5,5,0,True,True,1371;1372;1373;1374;1375,final_coverage,225,1.595644743007142,0.007653049018699676,1.4772827650303952,0.0075648329220712185,1.3881065630703233,0.012271061888895929,1.1205217689857818,0.013230154057964683,0.050508006999999994,5.2894000000004715e-05,0.2633736410061829,0.0019884869689121842,0.004254789964761585,0.00012795504881069064,0.268385032,0.006006103999999957,0.29687251800000003,0.008220738000000005,1559088.0,0.0,7059552.0,0.0
W,xor_n20,xor,20,quest32_p8,quest32,,,,,,,8,1,5,5,0,True,True,1401;1402;1403;1404;1405,final_coverage,230,0.05926055699819699,0.008499966992530972,0.059211687999777496,0.008499470015522093,0.059112127986736596,0.008492436027154326,,,0.020372082013636827,0.00706310902023688,,,,,,,,,,,,
W,xor_n20,xor,20,upmem_d64_t24_static_dag_waves_v1_1_f32,upmem,64,True,panel_only_v1,split_complex_float32_v1,static_dag_waves_v1,24,1,1,5,5,0,True,True,1395;1396;1397;1398;1399,final_coverage,229,4.540047633985523,0.014468620007392019,4.319443699030671,0.012127467954996973,3.950540727004409,0.012738300021737814,3.502006891008932,0.003938026027753949,0.143756533,0.0002535649999999834,0.44758615602040663,0.004720412020105869,0.004504857992287725,0.0001395990257151425,0.861335229,0.004176672999999909,1.094141671,0.007473257000000011,5983280.0,0.0,28105376.0,0.0
W,xor_n22,xor,22,quest32_p8,quest32,,,,,,,8,1,5,5,0,True,True,1413;1414;1415;1416;1417,final_coverage,232,0.16690541000571102,0.00534297403646633,0.1668520870152861,0.005340562027413398,0.166749932046514,0.005341116106137633,,,0.12271193601191044,0.0052756210207007825,,,,,,,,,,,,
W,xor_n22,xor,22,upmem_d64_t24_static_dag_waves_v1_1_f32,upmem,64,True,panel_only_v1,split_complex_float32_v1,static_dag_waves_v1,24,1,1,5,5,0,True,True,1407;1408;1409;1410;1411,final_coverage,231,16.334008194040507,0.08060125593328848,15.81243444699794,0.08241112501127645,14.332200806064066,0.07968453486682847,13.320249323034659,0.07686888292664662,0.517364005,0.00040260900000010924,1.0101972490083426,0.0031654509948566556,0.0046038610162213445,0.00026364298537373543,3.3326497,0.03419902300000022,4.290354368,0.031417105000000056,23678512.0,0.0,112286944.0,0.0
W,xor_n24,xor,24,quest32_p8,quest32,,,,,,,8,1,5,5,0,True,True,1425;1426;1427;1428;1429,final_coverage,234,0.7507747240015306,0.0002957630204036832,0.7507208949537016,0.000295668956823647,0.7506147219683044,0.00030552386306226254,,,0.6346866950043477,0.0022385530173778534,,,,,,,,,,,,
W,xor_n24,xor,24,upmem_d64_t24_static_dag_waves_v1_1_f32,upmem,64,True,panel_only_v1,split_complex_float32_v1,static_dag_waves_v1,24,1,1,5,5,0,True,True,1419;1420;1421;1422;1423,final_coverage,233,65.87219017196912,0.14223402400966734,64.3177348600002,0.1413478390313685,57.44919564796146,0.0762443040148355,54.321818412980065,0.0755266590276733,2.011188015,0.002365198000000124,3.123688278021291,0.0029735269490629435,0.0051170699880458415,0.0005874409689567983,13.433087547,0.05990937099999982,17.473579594,0.10596134699999737,94457904.0,0.0,449011488.0,0.0
W,xor_n26,xor,26,quest32_p8,quest32,,,,,,,8,1,5,5,0,True,True,1437;1438;1439;1440;1441,final_coverage,236,3.270032722968608,0.005756124970503151,3.269976207986474,0.005755411984864622,3.269820644054562,0.005756726081017405,,,2.894371456990484,0.005723614012822509,,,,,,,,,,,,
W,xor_n26,xor,26,upmem_d64_t24_static_dag_waves_v1_1_f32,upmem,64,True,panel_only_v1,split_complex_float32_v1,static_dag_waves_v1,24,1,1,5,0,5,False,False,1431;1432;1433;1434;1435,final_coverage,235,,,,,,,,,,,,,,,,,,,,,,
