suite,case_id,comparison,numerator,denominator,metric,ratio,descriptive_low,descriptive_high,denominator_time_reduction_percent,paired_blocks,equal_quality_claim,parallel_efficiency,input_source_id,source_row,time_reduction_pct,denominator_time_increase_pct,family,n
T,hs_n18,tasklet_scaling,upmem_d1_t1_serial_nodes_v1_0_f32,upmem_d1_t1_serial_nodes_v1_0_f32,job_to_state_s,1.0,1.0,1.0,0.0,5,True,1.0,final_comparisons,2,0.0,0.0,hs,18
T,hs_n18,tasklet_scaling,upmem_d1_t1_serial_nodes_v1_0_f32,upmem_d1_t1_serial_nodes_v1_0_f32,prepared_call_s,1.0,1.0,1.0,0.0,5,True,1.0,final_comparisons,3,0.0,0.0,hs,18
T,hs_n18,tasklet_scaling,upmem_d1_t1_serial_nodes_v1_0_f32,upmem_d1_t1_serial_nodes_v1_0_f32,session_inclusive_s,1.0,1.0,1.0,0.0,5,True,1.0,final_comparisons,4,0.0,0.0,hs,18
T,hs_n18,tasklet_scaling,upmem_d1_t1_serial_nodes_v1_0_f32,upmem_d1_t2_serial_nodes_v1_0_f32,job_to_state_s,1.3706865837420517,1.3288583524595612,1.380052650026542,27.04386167770435,5,True,0.6853432918710258,final_comparisons,5,27.04386167770435,-27.04386167770435,hs,18
T,hs_n18,tasklet_scaling,upmem_d1_t1_serial_nodes_v1_0_f32,upmem_d1_t2_serial_nodes_v1_0_f32,prepared_call_s,1.3896227768250198,1.3442107842581372,1.4003354380654007,28.038024658405615,5,True,0.6948113884125099,final_comparisons,6,28.038024658405615,-28.038024658405615,hs,18
T,hs_n18,tasklet_scaling,upmem_d1_t1_serial_nodes_v1_0_f32,upmem_d1_t2_serial_nodes_v1_0_f32,session_inclusive_s,1.3990272547318832,1.351977771683713,1.4099730965692117,28.521764203110887,5,True,0.6995136273659416,final_comparisons,7,28.521764203110887,-28.521764203110887,hs,18
T,hs_n18,tasklet_scaling,upmem_d1_t1_serial_nodes_v1_0_f32,upmem_d1_t3_serial_nodes_v1_0_f32,job_to_state_s,1.5515441741201201,1.540365740579833,1.573014984545402,35.548080636047665,5,True,0.5171813913733734,final_comparisons,8,35.548080636047665,-35.548080636047665,hs,18
T,hs_n18,tasklet_scaling,upmem_d1_t1_serial_nodes_v1_0_f32,upmem_d1_t3_serial_nodes_v1_0_f32,prepared_call_s,1.5838601457517953,1.5728156558223283,1.6083442199416715,36.86311239775909,5,True,0.5279533819172652,final_comparisons,9,36.86311239775909,-36.86311239775909,hs,18
T,hs_n18,tasklet_scaling,upmem_d1_t1_serial_nodes_v1_0_f32,upmem_d1_t3_serial_nodes_v1_0_f32,session_inclusive_s,1.5989425021003771,1.5876512685641195,1.624175188032173,37.458664167948754,5,True,0.5329808340334591,final_comparisons,10,37.458664167948754,-37.458664167948754,hs,18
T,hs_n18,tasklet_scaling,upmem_d1_t1_serial_nodes_v1_0_f32,upmem_d1_t4_serial_nodes_v1_0_f32,job_to_state_s,1.6689013871853977,1.6541981146464402,1.6839128634398672,40.08034221323885,5,True,0.41722534679634943,final_comparisons,11,40.08034221323885,-40.08034221323885,hs,18
T,hs_n18,tasklet_scaling,upmem_d1_t1_serial_nodes_v1_0_f32,upmem_d1_t4_serial_nodes_v1_0_f32,prepared_call_s,1.7120118470830794,1.6958356487892676,1.7292445191225345,41.58918925100916,5,True,0.42800296177076985,final_comparisons,12,41.58918925100916,-41.58918925100916,hs,18
T,hs_n18,tasklet_scaling,upmem_d1_t1_serial_nodes_v1_0_f32,upmem_d1_t4_serial_nodes_v1_0_f32,session_inclusive_s,1.7322789329140018,1.7150670494874536,1.7497648449933423,42.272576257807295,5,True,0.43306973322850045,final_comparisons,13,42.272576257807295,-42.272576257807295,hs,18
T,hs_n18,tasklet_scaling,upmem_d1_t1_serial_nodes_v1_0_f32,upmem_d1_t5_serial_nodes_v1_0_f32,job_to_state_s,1.7464417829832688,1.7133369194484371,1.9793761190038726,42.74071945920797,5,True,0.34928835659665375,final_comparisons,14,42.74071945920797,-42.74071945920797,hs,18
T,hs_n18,tasklet_scaling,upmem_d1_t1_serial_nodes_v1_0_f32,upmem_d1_t5_serial_nodes_v1_0_f32,prepared_call_s,1.7967279879332612,1.761319551096471,2.0564870361035217,44.343272508918886,5,True,0.35934559758665224,final_comparisons,15,44.343272508918886,-44.343272508918886,hs,18
T,hs_n18,tasklet_scaling,upmem_d1_t1_serial_nodes_v1_0_f32,upmem_d1_t5_serial_nodes_v1_0_f32,session_inclusive_s,1.8202659411388775,1.7835250470945134,2.0923698117844984,45.0629725360716,5,True,0.3640531882277755,final_comparisons,16,45.0629725360716,-45.0629725360716,hs,18
T,hs_n18,tasklet_scaling,upmem_d1_t1_serial_nodes_v1_0_f32,upmem_d1_t6_serial_nodes_v1_0_f32,job_to_state_s,1.7945514422029454,1.7800636146368918,1.8248420416993771,44.275768502215485,5,True,0.2990919070338242,final_comparisons,17,44.275768502215485,-44.275768502215485,hs,18
T,hs_n18,tasklet_scaling,upmem_d1_t1_serial_nodes_v1_0_f32,upmem_d1_t6_serial_nodes_v1_0_f32,prepared_call_s,1.8509086334550384,1.833343298117234,1.8838389112239071,45.972481735452895,5,True,0.3084847722425064,final_comparisons,18,45.972481735452895,-45.972481735452895,hs,18
T,hs_n18,tasklet_scaling,upmem_d1_t1_serial_nodes_v1_0_f32,upmem_d1_t6_serial_nodes_v1_0_f32,session_inclusive_s,1.8767229996428056,1.8589756056942495,1.9106964920252199,46.71563143893218,5,True,0.3127871666071343,final_comparisons,19,46.71563143893218,-46.71563143893218,hs,18
T,hs_n18,tasklet_scaling,upmem_d1_t1_serial_nodes_v1_0_f32,upmem_d1_t7_serial_nodes_v1_0_f32,job_to_state_s,1.8356236310418121,1.8110612979205225,1.8795750701144855,45.52260152412355,5,True,0.2622319472916875,final_comparisons,20,45.52260152412355,-45.52260152412355,hs,18
T,hs_n18,tasklet_scaling,upmem_d1_t1_serial_nodes_v1_0_f32,upmem_d1_t7_serial_nodes_v1_0_f32,prepared_call_s,1.8948425416438255,1.8685245040851102,1.9422742645603508,47.22516631210561,5,True,0.2706917916634036,final_comparisons,21,47.22516631210561,-47.22516631210561,hs,18
T,hs_n18,tasklet_scaling,upmem_d1_t1_serial_nodes_v1_0_f32,upmem_d1_t7_serial_nodes_v1_0_f32,session_inclusive_s,1.9224806812815332,1.895345555533057,1.972449868131977,47.983872621627796,5,True,0.2746400973259333,final_comparisons,22,47.983872621627796,-47.983872621627796,hs,18
T,hs_n18,tasklet_scaling,upmem_d1_t1_serial_nodes_v1_0_f32,upmem_d1_t8_serial_nodes_v1_0_f32,job_to_state_s,1.8746401064443718,1.853609736848706,1.899247051448921,46.65642772912295,5,True,0.23433001330554648,final_comparisons,23,46.65642772912295,-46.65642772912295,hs,18
T,hs_n18,tasklet_scaling,upmem_d1_t1_serial_nodes_v1_0_f32,upmem_d1_t8_serial_nodes_v1_0_f32,prepared_call_s,1.9400060132354797,1.9134471158593909,1.9743606596823597,48.45376802042834,5,True,0.24250075165443497,final_comparisons,24,48.45376802042834,-48.45376802042834,hs,18
T,hs_n18,tasklet_scaling,upmem_d1_t1_serial_nodes_v1_0_f32,upmem_d1_t8_serial_nodes_v1_0_f32,session_inclusive_s,1.969837104415329,1.94267461872472,2.0057195728345163,49.23438096690681,5,True,0.24622963805191614,final_comparisons,25,49.23438096690681,-49.23438096690681,hs,18
T,hs_n18,tasklet_scaling,upmem_d1_t1_serial_nodes_v1_0_f32,upmem_d1_t9_serial_nodes_v1_0_f32,job_to_state_s,1.8827996127747906,1.825177383112479,1.9285478684277129,46.887603268292466,5,True,0.20919995697497673,final_comparisons,26,46.887603268292466,-46.887603268292466,hs,18
T,hs_n18,tasklet_scaling,upmem_d1_t1_serial_nodes_v1_0_f32,upmem_d1_t9_serial_nodes_v1_0_f32,prepared_call_s,1.9480289984972343,1.8829226903511862,1.998211137378415,48.666061913275996,5,True,0.21644766649969271,final_comparisons,27,48.666061913275996,-48.666061913275996,hs,18
T,hs_n18,tasklet_scaling,upmem_d1_t1_serial_nodes_v1_0_f32,upmem_d1_t9_serial_nodes_v1_0_f32,session_inclusive_s,1.9793769536370194,1.9104377097864114,2.031483388618907,49.47905207431342,5,True,0.21993077262633548,final_comparisons,28,49.47905207431342,-49.47905207431342,hs,18
T,hs_n18,tasklet_scaling,upmem_d1_t1_serial_nodes_v1_0_f32,upmem_d1_t10_serial_nodes_v1_0_f32,job_to_state_s,1.8838258850488354,1.8446421374263753,1.9338768976176697,46.916537885130694,5,True,0.18838258850488354,final_comparisons,29,46.916537885130694,-46.916537885130694,hs,18
T,hs_n18,tasklet_scaling,upmem_d1_t1_serial_nodes_v1_0_f32,upmem_d1_t10_serial_nodes_v1_0_f32,prepared_call_s,1.9487038647120494,1.9044791817962217,2.006621182014012,48.68383964806448,5,True,0.19487038647120494,final_comparisons,30,48.68383964806448,-48.68383964806448,hs,18
T,hs_n18,tasklet_scaling,upmem_d1_t1_serial_nodes_v1_0_f32,upmem_d1_t10_serial_nodes_v1_0_f32,session_inclusive_s,1.9796660414920773,1.9331306492176878,2.0395699811273063,49.48642957747062,5,True,0.19796660414920772,final_comparisons,31,49.48642957747062,-49.48642957747062,hs,18
T,hs_n18,tasklet_scaling,upmem_d1_t1_serial_nodes_v1_0_f32,upmem_d1_t11_serial_nodes_v1_0_f32,job_to_state_s,1.9363373127352053,1.917630144421411,1.9572015125620548,48.35610544593424,5,True,0.17603066479410956,final_comparisons,32,48.35610544593424,-48.35610544593424,hs,18
T,hs_n18,tasklet_scaling,upmem_d1_t1_serial_nodes_v1_0_f32,upmem_d1_t11_serial_nodes_v1_0_f32,prepared_call_s,2.0065672978640734,1.9859336526783924,2.0321091597685177,50.16364509356512,5,True,0.18241520889673393,final_comparisons,33,50.16364509356512,-50.16364509356512,hs,18
T,hs_n18,tasklet_scaling,upmem_d1_t1_serial_nodes_v1_0_f32,upmem_d1_t11_serial_nodes_v1_0_f32,session_inclusive_s,2.0401771901031323,2.018857781318509,2.06634732177486,50.98464952696342,5,True,0.1854706536457393,final_comparisons,34,50.98464952696342,-50.98464952696342,hs,18
T,hs_n18,tasklet_scaling,upmem_d1_t1_serial_nodes_v1_0_f32,upmem_d1_t12_serial_nodes_v1_0_f32,job_to_state_s,1.9375147241576176,1.8689577953476746,1.9720232624875473,48.387489006837114,5,True,0.16145956034646813,final_comparisons,35,48.387489006837114,-48.387489006837114,hs,18
T,hs_n18,tasklet_scaling,upmem_d1_t1_serial_nodes_v1_0_f32,upmem_d1_t12_serial_nodes_v1_0_f32,prepared_call_s,2.007569136178048,1.9313209834488387,2.047488517967049,50.18851495676153,5,True,0.16729742801483735,final_comparisons,36,50.18851495676153,-50.18851495676153,hs,18
T,hs_n18,tasklet_scaling,upmem_d1_t1_serial_nodes_v1_0_f32,upmem_d1_t12_serial_nodes_v1_0_f32,session_inclusive_s,2.0407283312599582,1.9611185871496981,2.082379550320931,50.99788714245008,5,True,0.17006069427166318,final_comparisons,37,50.99788714245008,-50.99788714245008,hs,18
T,hs_n18,tasklet_scaling,upmem_d1_t1_serial_nodes_v1_0_f32,upmem_d1_t13_serial_nodes_v1_0_f32,job_to_state_s,1.9269125184112763,1.8774043662218898,1.9460906330586611,48.10350805004413,5,True,0.14822403987779048,final_comparisons,38,48.10350805004413,-48.10350805004413,hs,18
T,hs_n18,tasklet_scaling,upmem_d1_t1_serial_nodes_v1_0_f32,upmem_d1_t13_serial_nodes_v1_0_f32,prepared_call_s,1.9985454288461055,1.9431292900707269,2.019100463997962,49.963609254688436,5,True,0.15373426375739274,final_comparisons,39,49.963609254688436,-49.963609254688436,hs,18
T,hs_n18,tasklet_scaling,upmem_d1_t1_serial_nodes_v1_0_f32,upmem_d1_t13_serial_nodes_v1_0_f32,session_inclusive_s,2.0315693470097016,1.97282647286836,2.0535606933196826,50.776969465900066,5,True,0.15627456515459243,final_comparisons,40,50.776969465900066,-50.776969465900066,hs,18
T,hs_n18,tasklet_scaling,upmem_d1_t1_serial_nodes_v1_0_f32,upmem_d1_t14_serial_nodes_v1_0_f32,job_to_state_s,1.927791292488768,1.903888365974043,1.9511022141205954,48.12716480791831,5,True,0.137699378034912,final_comparisons,41,48.12716480791831,-48.12716480791831,hs,18
T,hs_n18,tasklet_scaling,upmem_d1_t1_serial_nodes_v1_0_f32,upmem_d1_t14_serial_nodes_v1_0_f32,prepared_call_s,1.9971617052952695,1.9708713293076505,2.0234503699502135,49.9289417903116,5,True,0.14265440752109068,final_comparisons,42,49.9289417903116,-49.9289417903116,hs,18
T,hs_n18,tasklet_scaling,upmem_d1_t1_serial_nodes_v1_0_f32,upmem_d1_t14_serial_nodes_v1_0_f32,session_inclusive_s,2.029943231211862,2.0027505319375356,2.057245734135885,50.73753863535351,5,True,0.14499594508656158,final_comparisons,43,50.73753863535351,-50.73753863535351,hs,18
T,hs_n18,tasklet_scaling,upmem_d1_t1_serial_nodes_v1_0_f32,upmem_d1_t15_serial_nodes_v1_0_f32,job_to_state_s,1.91309956889335,1.8855040907949845,1.957293225199863,47.72880532410244,5,True,0.12753997125955668,final_comparisons,44,47.72880532410244,-47.72880532410244,hs,18
T,hs_n18,tasklet_scaling,upmem_d1_t1_serial_nodes_v1_0_f32,upmem_d1_t15_serial_nodes_v1_0_f32,prepared_call_s,1.9819219549914393,1.9514575592939523,2.030638746685096,49.54392641539109,5,True,0.13212813033276263,final_comparisons,45,49.54392641539109,-49.54392641539109,hs,18
T,hs_n18,tasklet_scaling,upmem_d1_t1_serial_nodes_v1_0_f32,upmem_d1_t15_serial_nodes_v1_0_f32,session_inclusive_s,2.013838315511964,1.9817679249238167,2.0646182033680462,50.34358059942975,5,True,0.1342558877007976,final_comparisons,46,50.34358059942975,-50.34358059942975,hs,18
T,hs_n18,tasklet_scaling,upmem_d1_t1_serial_nodes_v1_0_f32,upmem_d1_t16_serial_nodes_v1_0_f32,job_to_state_s,1.910387708332516,1.8293722052706975,1.945911817751554,47.65460457904375,5,True,0.11939923177078225,final_comparisons,47,47.65460457904375,-47.65460457904375,hs,18
T,hs_n18,tasklet_scaling,upmem_d1_t1_serial_nodes_v1_0_f32,upmem_d1_t16_serial_nodes_v1_0_f32,prepared_call_s,1.9784672683765743,1.888053931385526,2.017083376467546,49.45582289968602,5,True,0.12365420427353589,final_comparisons,48,49.45582289968602,-49.45582289968602,hs,18
T,hs_n18,tasklet_scaling,upmem_d1_t1_serial_nodes_v1_0_f32,upmem_d1_t16_serial_nodes_v1_0_f32,session_inclusive_s,2.010834103733182,1.9158457058468041,2.0508989470596797,50.26939327598106,5,True,0.12567713148332388,final_comparisons,49,50.26939327598106,-50.26939327598106,hs,18
T,hs_n18,tasklet_scaling,upmem_d1_t1_serial_nodes_v1_0_f32,upmem_d1_t17_serial_nodes_v1_0_f32,job_to_state_s,1.8527822020519356,1.8366689885289829,1.9363525612692005,46.027115389358165,5,True,0.1089871883559962,final_comparisons,50,46.027115389358165,-46.027115389358165,hs,18
T,hs_n18,tasklet_scaling,upmem_d1_t1_serial_nodes_v1_0_f32,upmem_d1_t17_serial_nodes_v1_0_f32,prepared_call_s,1.9144064647693075,1.8978773938342788,2.005943123310906,47.76448897332243,5,True,0.11261214498642985,final_comparisons,51,47.76448897332243,-47.76448897332243,hs,18
T,hs_n18,tasklet_scaling,upmem_d1_t1_serial_nodes_v1_0_f32,upmem_d1_t17_serial_nodes_v1_0_f32,session_inclusive_s,1.943100406690765,1.9262128212370584,2.0389348568630425,48.53585555555158,5,True,0.11430002392298617,final_comparisons,52,48.53585555555158,-48.53585555555158,hs,18
T,hs_n18,tasklet_scaling,upmem_d1_t1_serial_nodes_v1_0_f32,upmem_d1_t18_serial_nodes_v1_0_f32,job_to_state_s,1.9261465019081259,1.9105981164370394,1.9422820745050084,48.08286913745368,5,True,0.10700813899489588,final_comparisons,53,48.08286913745368,-48.08286913745368,hs,18
T,hs_n18,tasklet_scaling,upmem_d1_t1_serial_nodes_v1_0_f32,upmem_d1_t18_serial_nodes_v1_0_f32,prepared_call_s,1.9958655759361938,1.9779419822943964,2.0126198862315094,49.89642528751299,5,True,0.1108814208853441,final_comparisons,54,49.89642528751299,-49.89642528751299,hs,18
T,hs_n18,tasklet_scaling,upmem_d1_t1_serial_nodes_v1_0_f32,upmem_d1_t18_serial_nodes_v1_0_f32,session_inclusive_s,2.0286392316216726,2.0104292987820056,2.045926284097816,50.70587296093003,5,True,0.11270217953453737,final_comparisons,55,50.70587296093003,-50.70587296093003,hs,18
T,hs_n18,tasklet_scaling,upmem_d1_t1_serial_nodes_v1_0_f32,upmem_d1_t19_serial_nodes_v1_0_f32,job_to_state_s,1.9017529367361805,1.8492131334020847,1.9496782551131526,47.41693409890475,5,True,0.10009225982822002,final_comparisons,56,47.41693409890475,-47.41693409890475,hs,18
T,hs_n18,tasklet_scaling,upmem_d1_t1_serial_nodes_v1_0_f32,upmem_d1_t19_serial_nodes_v1_0_f32,prepared_call_s,1.9687316248415379,1.911709355501151,2.021239891851596,49.20587512376201,5,True,0.10361745393902831,final_comparisons,57,49.20587512376201,-49.20587512376201,hs,18
T,hs_n18,tasklet_scaling,upmem_d1_t1_serial_nodes_v1_0_f32,upmem_d1_t19_serial_nodes_v1_0_f32,session_inclusive_s,2.000176887860727,1.9403588770340021,2.0545052903910768,50.004421805436316,5,True,0.10527246778214353,final_comparisons,58,50.004421805436316,-50.004421805436316,hs,18
T,hs_n18,tasklet_scaling,upmem_d1_t1_serial_nodes_v1_0_f32,upmem_d1_t20_serial_nodes_v1_0_f32,job_to_state_s,1.8995820692429786,1.8350028265075542,1.9180710101871337,47.35684147626641,5,True,0.09497910346214893,final_comparisons,59,47.35684147626641,-47.35684147626641,hs,18
T,hs_n18,tasklet_scaling,upmem_d1_t1_serial_nodes_v1_0_f32,upmem_d1_t20_serial_nodes_v1_0_f32,prepared_call_s,1.9689883703120308,1.8964047404584468,1.986026162634081,49.2124984038617,5,True,0.09844941851560154,final_comparisons,60,49.2124984038617,-49.2124984038617,hs,18
T,hs_n18,tasklet_scaling,upmem_d1_t1_serial_nodes_v1_0_f32,upmem_d1_t20_serial_nodes_v1_0_f32,session_inclusive_s,2.0005546386182504,1.9241272467578612,2.0180585852806594,50.01386212122239,5,True,0.10002773193091252,final_comparisons,61,50.01386212122239,-50.01386212122239,hs,18
T,hs_n18,tasklet_scaling,upmem_d1_t1_serial_nodes_v1_0_f32,upmem_d1_t21_serial_nodes_v1_0_f32,job_to_state_s,1.8847273468171124,1.8603516627459433,1.9310763310850372,46.941927611504184,5,True,0.08974892127700536,final_comparisons,62,46.941927611504184,-46.941927611504184,hs,18
T,hs_n18,tasklet_scaling,upmem_d1_t1_serial_nodes_v1_0_f32,upmem_d1_t21_serial_nodes_v1_0_f32,prepared_call_s,1.9500829589956208,1.9207639517241981,2.003813098970522,48.7201303212739,5,True,0.09286109328550575,final_comparisons,63,48.7201303212739,-48.7201303212739,hs,18
T,hs_n18,tasklet_scaling,upmem_d1_t1_serial_nodes_v1_0_f32,upmem_d1_t21_serial_nodes_v1_0_f32,session_inclusive_s,1.9804627824407626,1.9499730345444135,2.0362898013017134,49.50675120652458,5,True,0.09430775154479822,final_comparisons,64,49.50675120652458,-49.50675120652458,hs,18
T,hs_n18,tasklet_scaling,upmem_d1_t1_serial_nodes_v1_0_f32,upmem_d1_t22_serial_nodes_v1_0_f32,job_to_state_s,1.892341649026866,1.8385836116404568,1.9129431945252842,47.155419819975506,5,True,0.08601552950122118,final_comparisons,65,47.155419819975506,-47.155419819975506,hs,18
T,hs_n18,tasklet_scaling,upmem_d1_t1_serial_nodes_v1_0_f32,upmem_d1_t22_serial_nodes_v1_0_f32,prepared_call_s,1.9601387537694919,1.9001886088079067,1.98335745747783,48.98320345552446,5,True,0.08909721608043145,final_comparisons,66,48.98320345552446,-48.98320345552446,hs,18
T,hs_n18,tasklet_scaling,upmem_d1_t1_serial_nodes_v1_0_f32,upmem_d1_t22_serial_nodes_v1_0_f32,session_inclusive_s,1.9910288586567082,1.928308234309542,2.0150194703442494,49.77471091631127,5,True,0.0905013117571231,final_comparisons,67,49.77471091631127,-49.77471091631127,hs,18
T,hs_n18,tasklet_scaling,upmem_d1_t1_serial_nodes_v1_0_f32,upmem_d1_t23_serial_nodes_v1_0_f32,job_to_state_s,1.8913055679061492,1.8847377482828054,1.9090422159769154,47.12647089031241,5,True,0.08223067686548476,final_comparisons,68,47.12647089031241,-47.12647089031241,hs,18
T,hs_n18,tasklet_scaling,upmem_d1_t1_serial_nodes_v1_0_f32,upmem_d1_t23_serial_nodes_v1_0_f32,prepared_call_s,1.9562990100512432,1.9482818009351468,1.976742139257571,48.883069772968604,5,True,0.08505647869788013,final_comparisons,69,48.883069772968604,-48.883069772968604,hs,18
T,hs_n18,tasklet_scaling,upmem_d1_t1_serial_nodes_v1_0_f32,upmem_d1_t23_serial_nodes_v1_0_f32,session_inclusive_s,1.9868914419703072,1.9787247831654236,2.0083817706434766,49.67012394958294,5,True,0.08638658443349162,final_comparisons,70,49.67012394958294,-49.67012394958294,hs,18
T,hs_n18,tasklet_scaling,upmem_d1_t1_serial_nodes_v1_0_f32,upmem_d1_t24_serial_nodes_v1_0_f32,job_to_state_s,1.8448619712828223,1.8014024632399368,1.8998085696577742,45.79540282329895,5,True,0.07686924880345093,final_comparisons,71,45.79540282329895,-45.79540282329895,hs,18
T,hs_n18,tasklet_scaling,upmem_d1_t1_serial_nodes_v1_0_f32,upmem_d1_t24_serial_nodes_v1_0_f32,prepared_call_s,1.9049196417451697,1.856406128192676,1.9673430796057296,47.50434726559585,5,True,0.07937165173938207,final_comparisons,72,47.50434726559585,-47.50434726559585,hs,18
T,hs_n18,tasklet_scaling,upmem_d1_t1_serial_nodes_v1_0_f32,upmem_d1_t24_serial_nodes_v1_0_f32,session_inclusive_s,1.9330552018464422,1.8825490701984,1.9988678029069136,48.26841990622894,5,True,0.08054396674360176,final_comparisons,73,48.26841990622894,-48.26841990622894,hs,18
T,stress_n16_l2,tasklet_scaling,upmem_d1_t1_serial_nodes_v1_0_f32,upmem_d1_t1_serial_nodes_v1_0_f32,job_to_state_s,1.0,1.0,1.0,0.0,5,True,1.0,final_comparisons,74,0.0,0.0,stress,16
T,stress_n16_l2,tasklet_scaling,upmem_d1_t1_serial_nodes_v1_0_f32,upmem_d1_t1_serial_nodes_v1_0_f32,prepared_call_s,1.0,1.0,1.0,0.0,5,True,1.0,final_comparisons,75,0.0,0.0,stress,16
T,stress_n16_l2,tasklet_scaling,upmem_d1_t1_serial_nodes_v1_0_f32,upmem_d1_t1_serial_nodes_v1_0_f32,session_inclusive_s,1.0,1.0,1.0,0.0,5,True,1.0,final_comparisons,76,0.0,0.0,stress,16
T,stress_n16_l2,tasklet_scaling,upmem_d1_t1_serial_nodes_v1_0_f32,upmem_d1_t2_serial_nodes_v1_0_f32,job_to_state_s,1.6346693892468445,1.6300222260893145,1.6375802191316744,38.82555050102585,5,True,0.8173346946234222,final_comparisons,77,38.82555050102585,-38.82555050102585,stress,16
T,stress_n16_l2,tasklet_scaling,upmem_d1_t1_serial_nodes_v1_0_f32,upmem_d1_t2_serial_nodes_v1_0_f32,prepared_call_s,1.6535627665182075,1.648972449754853,1.6559692481657733,39.52452121877232,5,True,0.8267813832591038,final_comparisons,78,39.52452121877232,-39.52452121877232,stress,16
T,stress_n16_l2,tasklet_scaling,upmem_d1_t1_serial_nodes_v1_0_f32,upmem_d1_t2_serial_nodes_v1_0_f32,session_inclusive_s,1.6593821412296488,1.6548312084373173,1.66193554131538,39.73660586349496,5,True,0.8296910706148244,final_comparisons,79,39.73660586349496,-39.73660586349496,stress,16
T,stress_n16_l2,tasklet_scaling,upmem_d1_t1_serial_nodes_v1_0_f32,upmem_d1_t3_serial_nodes_v1_0_f32,job_to_state_s,1.8981857551252925,1.8930324442665376,1.9119045275634519,47.31811692823532,5,True,0.6327285850417642,final_comparisons,80,47.31811692823532,-47.31811692823532,stress,16
T,stress_n16_l2,tasklet_scaling,upmem_d1_t1_serial_nodes_v1_0_f32,upmem_d1_t3_serial_nodes_v1_0_f32,prepared_call_s,1.9294276280264582,1.9240890092557192,1.9436157112972678,48.17115783591925,5,True,0.6431425426754861,final_comparisons,81,48.17115783591925,-48.17115783591925,stress,16
T,stress_n16_l2,tasklet_scaling,upmem_d1_t1_serial_nodes_v1_0_f32,upmem_d1_t3_serial_nodes_v1_0_f32,session_inclusive_s,1.9392531069056849,1.9341667840356522,1.9538494671373243,48.43375542681883,5,True,0.646417702301895,final_comparisons,82,48.43375542681883,-48.43375542681883,stress,16
T,stress_n16_l2,tasklet_scaling,upmem_d1_t1_serial_nodes_v1_0_f32,upmem_d1_t4_serial_nodes_v1_0_f32,job_to_state_s,2.366006089665595,2.3397557097740074,2.3817970643967463,57.73468190264306,5,True,0.5915015224163988,final_comparisons,83,57.73468190264306,-57.73468190264306,stress,16
T,stress_n16_l2,tasklet_scaling,upmem_d1_t1_serial_nodes_v1_0_f32,upmem_d1_t4_serial_nodes_v1_0_f32,prepared_call_s,2.4246718079772784,2.396724299116558,2.4411246546650403,58.757304938756846,5,True,0.6061679519943196,final_comparisons,84,58.757304938756846,-58.757304938756846,stress,16
T,stress_n16_l2,tasklet_scaling,upmem_d1_t1_serial_nodes_v1_0_f32,upmem_d1_t4_serial_nodes_v1_0_f32,session_inclusive_s,2.4438780627895342,2.415473969603562,2.460686374006256,59.08142819292046,5,True,0.6109695156973836,final_comparisons,85,59.08142819292046,-59.08142819292046,stress,16
T,stress_n16_l2,tasklet_scaling,upmem_d1_t1_serial_nodes_v1_0_f32,upmem_d1_t5_serial_nodes_v1_0_f32,job_to_state_s,2.3904318522213117,2.3617705376463745,2.4014954464551037,58.16655475575475,5,True,0.47808637044426233,final_comparisons,86,58.16655475575475,-58.16655475575475,stress,16
T,stress_n16_l2,tasklet_scaling,upmem_d1_t1_serial_nodes_v1_0_f32,upmem_d1_t5_serial_nodes_v1_0_f32,prepared_call_s,2.4510493600302614,2.420817983264716,2.4632745933195155,59.201148034503326,5,True,0.49020987200605226,final_comparisons,87,59.201148034503326,-59.201148034503326,stress,16
T,stress_n16_l2,tasklet_scaling,upmem_d1_t1_serial_nodes_v1_0_f32,upmem_d1_t5_serial_nodes_v1_0_f32,session_inclusive_s,2.4709150543298706,2.43977439658826,2.4837272801093353,59.52916316375728,5,True,0.4941830108659741,final_comparisons,88,59.52916316375728,-59.52916316375728,stress,16
T,stress_n16_l2,tasklet_scaling,upmem_d1_t1_serial_nodes_v1_0_f32,upmem_d1_t6_serial_nodes_v1_0_f32,job_to_state_s,2.648902731862406,2.600198073373122,2.6713353537743374,62.24851943518084,5,True,0.44148378864373433,final_comparisons,89,62.24851943518084,-62.24851943518084,stress,16
T,stress_n16_l2,tasklet_scaling,upmem_d1_t1_serial_nodes_v1_0_f32,upmem_d1_t6_serial_nodes_v1_0_f32,prepared_call_s,2.7293311980623844,2.677295157569665,2.7518986049831007,63.36098745693,5,True,0.4548885330103974,final_comparisons,90,63.36098745693,-63.36098745693,stress,16
T,stress_n16_l2,tasklet_scaling,upmem_d1_t1_serial_nodes_v1_0_f32,upmem_d1_t6_serial_nodes_v1_0_f32,session_inclusive_s,2.755966215248969,2.702973188773444,2.7785152803018787,63.71508495035517,5,True,0.4593277025414948,final_comparisons,91,63.71508495035517,-63.71508495035517,stress,16
T,stress_n16_l2,tasklet_scaling,upmem_d1_t1_serial_nodes_v1_0_f32,upmem_d1_t7_serial_nodes_v1_0_f32,job_to_state_s,2.5988522413035153,2.5597657953366704,2.6328686646169825,61.52147536104528,5,True,0.3712646059005022,final_comparisons,92,61.52147536104528,-61.52147536104528,stress,16
T,stress_n16_l2,tasklet_scaling,upmem_d1_t1_serial_nodes_v1_0_f32,upmem_d1_t7_serial_nodes_v1_0_f32,prepared_call_s,2.674835576392215,2.6326950013895356,2.7109125640587397,62.61452446550799,5,True,0.38211936805603075,final_comparisons,93,62.61452446550799,-62.61452446550799,stress,16
T,stress_n16_l2,tasklet_scaling,upmem_d1_t1_serial_nodes_v1_0_f32,upmem_d1_t7_serial_nodes_v1_0_f32,session_inclusive_s,2.6994732174967617,2.6562718262365115,2.736572558311683,62.95573545540466,5,True,0.385639031070966,final_comparisons,94,62.95573545540466,-62.95573545540466,stress,16
T,stress_n16_l2,tasklet_scaling,upmem_d1_t1_serial_nodes_v1_0_f32,upmem_d1_t8_serial_nodes_v1_0_f32,job_to_state_s,2.9689761163479633,2.947866763555392,3.0559776786938393,66.3183548532527,5,True,0.3711220145434954,final_comparisons,95,66.3183548532527,-66.3183548532527,stress,16
T,stress_n16_l2,tasklet_scaling,upmem_d1_t1_serial_nodes_v1_0_f32,upmem_d1_t8_serial_nodes_v1_0_f32,prepared_call_s,3.0771568638232516,3.05472307351383,3.1709594676065977,67.50246918652248,5,True,0.38464460797790645,final_comparisons,96,67.50246918652248,-67.50246918652248,stress,16
T,stress_n16_l2,tasklet_scaling,upmem_d1_t1_serial_nodes_v1_0_f32,upmem_d1_t8_serial_nodes_v1_0_f32,session_inclusive_s,3.113038264454312,3.0895998568906538,3.2096448519937817,67.87704117169626,5,True,0.389129783056789,final_comparisons,97,67.87704117169626,-67.87704117169626,stress,16
T,stress_n16_l2,tasklet_scaling,upmem_d1_t1_serial_nodes_v1_0_f32,upmem_d1_t9_serial_nodes_v1_0_f32,job_to_state_s,3.0049331152414465,2.963740799655334,3.013098370847541,66.7213890742573,5,True,0.3338814572490496,final_comparisons,98,66.7213890742573,-66.7213890742573,stress,16
T,stress_n16_l2,tasklet_scaling,upmem_d1_t1_serial_nodes_v1_0_f32,upmem_d1_t9_serial_nodes_v1_0_f32,prepared_call_s,3.115576378791985,3.071656399356538,3.124847973361052,67.90321024362966,5,True,0.3461751531991094,final_comparisons,99,67.90321024362966,-67.90321024362966,stress,16
T,stress_n16_l2,tasklet_scaling,upmem_d1_t1_serial_nodes_v1_0_f32,upmem_d1_t9_serial_nodes_v1_0_f32,session_inclusive_s,3.152803693532541,3.1071608612010735,3.161540873274473,68.28219904552459,5,True,0.35031152150361566,final_comparisons,100,68.28219904552459,-68.28219904552459,stress,16
T,stress_n16_l2,tasklet_scaling,upmem_d1_t1_serial_nodes_v1_0_f32,upmem_d1_t10_serial_nodes_v1_0_f32,job_to_state_s,3.0558681732168727,3.016818573845903,3.080886147764694,67.27607529786492,5,True,0.30558681732168724,final_comparisons,101,67.27607529786492,-67.27607529786492,stress,16
T,stress_n16_l2,tasklet_scaling,upmem_d1_t1_serial_nodes_v1_0_f32,upmem_d1_t10_serial_nodes_v1_0_f32,prepared_call_s,3.174023032645794,3.1294440350246786,3.19950814065999,68.49424248927323,5,True,0.3174023032645794,final_comparisons,102,68.49424248927323,-68.49424248927323,stress,16
T,stress_n16_l2,tasklet_scaling,upmem_d1_t1_serial_nodes_v1_0_f32,upmem_d1_t10_serial_nodes_v1_0_f32,session_inclusive_s,3.212754497076623,3.1664276944261878,3.238802422594074,68.87406115500177,5,True,0.3212754497076623,final_comparisons,103,68.87406115500177,-68.87406115500177,stress,16
T,stress_n16_l2,tasklet_scaling,upmem_d1_t1_serial_nodes_v1_0_f32,upmem_d1_t11_serial_nodes_v1_0_f32,job_to_state_s,3.0762177987925634,3.005558703293543,3.4271234672775384,67.49254879181484,5,True,0.27965616352659667,final_comparisons,104,67.49254879181484,-67.49254879181484,stress,16
T,stress_n16_l2,tasklet_scaling,upmem_d1_t1_serial_nodes_v1_0_f32,upmem_d1_t11_serial_nodes_v1_0_f32,prepared_call_s,3.195957394752654,3.117478490151478,3.582989658809615,68.71047149621363,5,True,0.2905415813411504,final_comparisons,105,68.71047149621363,-68.71047149621363,stress,16
T,stress_n16_l2,tasklet_scaling,upmem_d1_t1_serial_nodes_v1_0_f32,upmem_d1_t11_serial_nodes_v1_0_f32,session_inclusive_s,3.2345661558459087,3.1539156028528494,3.634964332425801,69.08395278319857,5,True,0.29405146871326443,final_comparisons,106,69.08395278319857,-69.08395278319857,stress,16
T,stress_n16_l2,tasklet_scaling,upmem_d1_t1_serial_nodes_v1_0_f32,upmem_d1_t12_serial_nodes_v1_0_f32,job_to_state_s,3.037792602237731,2.9594541079382175,3.043654001269173,67.08136035148122,5,True,0.2531493835198109,final_comparisons,107,67.08136035148122,-67.08136035148122,stress,16
T,stress_n16_l2,tasklet_scaling,upmem_d1_t1_serial_nodes_v1_0_f32,upmem_d1_t12_serial_nodes_v1_0_f32,prepared_call_s,3.1563332592105304,3.0687500191639305,3.161733951106438,68.31766743635549,5,True,0.26302777160087754,final_comparisons,108,68.31766743635549,-68.31766743635549,stress,16
T,stress_n16_l2,tasklet_scaling,upmem_d1_t1_serial_nodes_v1_0_f32,upmem_d1_t12_serial_nodes_v1_0_f32,session_inclusive_s,3.1937426630913275,3.104038648547523,3.1995524582077604,68.68877347080722,5,True,0.2661452219242773,final_comparisons,109,68.68877347080722,-68.68877347080722,stress,16
T,stress_n16_l2,tasklet_scaling,upmem_d1_t1_serial_nodes_v1_0_f32,upmem_d1_t13_serial_nodes_v1_0_f32,job_to_state_s,2.9269048020309985,2.9034620130716853,2.9681920800215815,65.8342150620651,5,True,0.22514652323315373,final_comparisons,110,65.8342150620651,-65.8342150620651,stress,16
T,stress_n16_l2,tasklet_scaling,upmem_d1_t1_serial_nodes_v1_0_f32,upmem_d1_t13_serial_nodes_v1_0_f32,prepared_call_s,3.032968638345314,3.0070721809474064,3.0778487791163456,67.02900295910852,5,True,0.23330527987271646,final_comparisons,111,67.02900295910852,-67.02900295910852,stress,16
T,stress_n16_l2,tasklet_scaling,upmem_d1_t1_serial_nodes_v1_0_f32,upmem_d1_t13_serial_nodes_v1_0_f32,session_inclusive_s,3.0670216855603485,3.04039749137905,3.1131939689349104,67.39507892272047,5,True,0.23592474504310373,final_comparisons,112,67.39507892272047,-67.39507892272047,stress,16
T,stress_n16_l2,tasklet_scaling,upmem_d1_t1_serial_nodes_v1_0_f32,upmem_d1_t14_serial_nodes_v1_0_f32,job_to_state_s,2.9044039334880116,2.8335278274010025,2.922687237055559,65.5695274176598,5,True,0.20745742382057225,final_comparisons,113,65.5695274176598,-65.5695274176598,stress,16
T,stress_n16_l2,tasklet_scaling,upmem_d1_t1_serial_nodes_v1_0_f32,upmem_d1_t14_serial_nodes_v1_0_f32,prepared_call_s,3.0084435527666016,2.9288152544623993,3.0270717973640933,66.76022061040874,5,True,0.2148888251976144,final_comparisons,114,66.76022061040874,-66.76022061040874,stress,16
T,stress_n16_l2,tasklet_scaling,upmem_d1_t1_serial_nodes_v1_0_f32,upmem_d1_t14_serial_nodes_v1_0_f32,session_inclusive_s,3.0422641691067533,2.960282611443277,3.0612987123306636,67.12974467652451,5,True,0.21730458350762524,final_comparisons,115,67.12974467652451,-67.12974467652451,stress,16
T,stress_n16_l2,tasklet_scaling,upmem_d1_t1_serial_nodes_v1_0_f32,upmem_d1_t15_serial_nodes_v1_0_f32,job_to_state_s,2.8616482597511417,2.818722854120097,3.1363522856346497,65.05510428849969,5,True,0.19077655065007612,final_comparisons,116,65.05510428849969,-65.05510428849969,stress,16
T,stress_n16_l2,tasklet_scaling,upmem_d1_t1_serial_nodes_v1_0_f32,upmem_d1_t15_serial_nodes_v1_0_f32,prepared_call_s,2.9627147292398663,2.914258631795257,3.262290577204364,66.24717222584009,5,True,0.19751431528265775,final_comparisons,117,66.24717222584009,-66.24717222584009,stress,16
T,stress_n16_l2,tasklet_scaling,upmem_d1_t1_serial_nodes_v1_0_f32,upmem_d1_t15_serial_nodes_v1_0_f32,session_inclusive_s,2.9950994706421725,2.9453014705676255,3.3033482419156477,66.61212724979741,5,True,0.1996732980428115,final_comparisons,118,66.61212724979741,-66.61212724979741,stress,16
T,stress_n16_l2,tasklet_scaling,upmem_d1_t1_serial_nodes_v1_0_f32,upmem_d1_t16_serial_nodes_v1_0_f32,job_to_state_s,3.263846124525448,3.209670362548655,3.320905370230577,69.3613006910552,5,True,0.2039903827828405,final_comparisons,119,69.3613006910552,-69.3613006910552,stress,16
T,stress_n16_l2,tasklet_scaling,upmem_d1_t1_serial_nodes_v1_0_f32,upmem_d1_t16_serial_nodes_v1_0_f32,prepared_call_s,3.403960543608525,3.3445047385049462,3.4644567806388813,70.62245618922762,5,True,0.2127475339755328,final_comparisons,120,70.62245618922762,-70.62245618922762,stress,16
T,stress_n16_l2,tasklet_scaling,upmem_d1_t1_serial_nodes_v1_0_f32,upmem_d1_t16_serial_nodes_v1_0_f32,session_inclusive_s,3.4488046117448348,3.3877735473260433,3.512137079326962,71.00444610302016,5,True,0.21555028823405217,final_comparisons,121,71.00444610302016,-71.00444610302016,stress,16
T,stress_n16_l2,tasklet_scaling,upmem_d1_t1_serial_nodes_v1_0_f32,upmem_d1_t17_serial_nodes_v1_0_f32,job_to_state_s,3.303291467107928,3.1774760738955354,3.320871726445953,69.72716425548992,5,True,0.1943112627710546,final_comparisons,122,69.72716425548992,-69.72716425548992,stress,16
T,stress_n16_l2,tasklet_scaling,upmem_d1_t1_serial_nodes_v1_0_f32,upmem_d1_t17_serial_nodes_v1_0_f32,prepared_call_s,3.446351279511618,3.309766707967383,3.464995381145686,70.98380522191836,5,True,0.20272654585362457,final_comparisons,123,70.98380522191836,-70.98380522191836,stress,16
T,stress_n16_l2,tasklet_scaling,upmem_d1_t1_serial_nodes_v1_0_f32,upmem_d1_t17_serial_nodes_v1_0_f32,session_inclusive_s,3.493192846699714,3.352001799456921,3.512221013135308,71.37289454417679,5,True,0.2054819321588067,final_comparisons,124,71.37289454417679,-71.37289454417679,stress,16
T,stress_n16_l2,tasklet_scaling,upmem_d1_t1_serial_nodes_v1_0_f32,upmem_d1_t18_serial_nodes_v1_0_f32,job_to_state_s,3.319632978520272,3.2069902178429293,3.336505227382754,69.87618792587877,5,True,0.18442405436223733,final_comparisons,125,69.87618792587877,-69.87618792587877,stress,16
T,stress_n16_l2,tasklet_scaling,upmem_d1_t1_serial_nodes_v1_0_f32,upmem_d1_t18_serial_nodes_v1_0_f32,prepared_call_s,3.4640840536590383,3.3399331550219182,3.4820844237819415,71.13234019412083,5,True,0.1924491140921688,final_comparisons,126,71.13234019412083,-71.13234019412083,stress,16
T,stress_n16_l2,tasklet_scaling,upmem_d1_t1_serial_nodes_v1_0_f32,upmem_d1_t18_serial_nodes_v1_0_f32,session_inclusive_s,3.5109968245949954,3.3832082702416706,3.5297646108421556,71.51806025585475,5,True,0.1950553791441664,final_comparisons,127,71.51806025585475,-71.51806025585475,stress,16
T,stress_n16_l2,tasklet_scaling,upmem_d1_t1_serial_nodes_v1_0_f32,upmem_d1_t19_serial_nodes_v1_0_f32,job_to_state_s,3.261936856598351,3.2008739035479468,3.3181439747925454,69.34336733167696,5,True,0.1716808871893869,final_comparisons,128,69.34336733167696,-69.34336733167696,stress,16
T,stress_n16_l2,tasklet_scaling,upmem_d1_t1_serial_nodes_v1_0_f32,upmem_d1_t19_serial_nodes_v1_0_f32,prepared_call_s,3.402561468820028,3.3330688545856564,3.462347766358267,70.6103766481906,5,True,0.17908218256947517,final_comparisons,129,70.6103766481906,-70.6103766481906,stress,16
T,stress_n16_l2,tasklet_scaling,upmem_d1_t1_serial_nodes_v1_0_f32,upmem_d1_t19_serial_nodes_v1_0_f32,session_inclusive_s,3.448784564474037,3.3763351232874923,3.509318446813149,71.00427755618574,5,True,0.1815149770775809,final_comparisons,130,71.00427755618574,-71.00427755618574,stress,16
T,stress_n16_l2,tasklet_scaling,upmem_d1_t1_serial_nodes_v1_0_f32,upmem_d1_t20_serial_nodes_v1_0_f32,job_to_state_s,3.2484685281833956,3.2390308775817425,3.2923175409562484,69.21626325377335,5,True,0.1624234264091698,final_comparisons,131,69.21626325377335,-69.21626325377335,stress,16
T,stress_n16_l2,tasklet_scaling,upmem_d1_t1_serial_nodes_v1_0_f32,upmem_d1_t20_serial_nodes_v1_0_f32,prepared_call_s,3.3863660084499507,3.3739763455675673,3.433772082461772,70.46981934307412,5,True,0.16931830042249754,final_comparisons,132,70.46981934307412,-70.46981934307412,stress,16
T,stress_n16_l2,tasklet_scaling,upmem_d1_t1_serial_nodes_v1_0_f32,upmem_d1_t20_serial_nodes_v1_0_f32,session_inclusive_s,3.430970101100437,3.4185277569276953,3.4799805544329714,70.85372444139739,5,True,0.17154850505502187,final_comparisons,133,70.85372444139739,-70.85372444139739,stress,16
T,stress_n16_l2,tasklet_scaling,upmem_d1_t1_serial_nodes_v1_0_f32,upmem_d1_t21_serial_nodes_v1_0_f32,job_to_state_s,3.2468989521644707,3.1154156138617934,3.2818092117286275,69.20138215778557,5,True,0.15461423581735576,final_comparisons,134,69.20138215778557,-69.20138215778557,stress,16
T,stress_n16_l2,tasklet_scaling,upmem_d1_t1_serial_nodes_v1_0_f32,upmem_d1_t21_serial_nodes_v1_0_f32,prepared_call_s,3.3828302996417663,3.238987923574871,3.4206559788985884,70.43895462016236,5,True,0.1610871571257984,final_comparisons,135,70.43895462016236,-70.43895462016236,stress,16
T,stress_n16_l2,tasklet_scaling,upmem_d1_t1_serial_nodes_v1_0_f32,upmem_d1_t21_serial_nodes_v1_0_f32,session_inclusive_s,3.4273776918234597,3.2796619608495554,3.4666126033400246,70.8231747441884,5,True,0.16320846151540286,final_comparisons,136,70.8231747441884,-70.8231747441884,stress,16
T,stress_n16_l2,tasklet_scaling,upmem_d1_t1_serial_nodes_v1_0_f32,upmem_d1_t22_serial_nodes_v1_0_f32,job_to_state_s,3.246470908505209,3.202493491363768,3.614550326692595,69.19732139351171,5,True,0.1475668594775095,final_comparisons,137,69.19732139351171,-69.19732139351171,stress,16
T,stress_n16_l2,tasklet_scaling,upmem_d1_t1_serial_nodes_v1_0_f32,upmem_d1_t22_serial_nodes_v1_0_f32,prepared_call_s,3.3838114127260375,3.333554398814503,3.791735760449353,70.44752564403734,5,True,0.15380960966936533,final_comparisons,138,70.44752564403734,-70.44752564403734,stress,16
T,stress_n16_l2,tasklet_scaling,upmem_d1_t1_serial_nodes_v1_0_f32,upmem_d1_t22_serial_nodes_v1_0_f32,session_inclusive_s,3.4286004497935467,3.376490667545991,3.8519757260385847,70.83358021316788,5,True,0.15584547499061577,final_comparisons,139,70.83358021316788,-70.83358021316788,stress,16
T,stress_n16_l2,tasklet_scaling,upmem_d1_t1_serial_nodes_v1_0_f32,upmem_d1_t23_serial_nodes_v1_0_f32,job_to_state_s,3.2505303229764415,3.202152875309821,3.2934924243794255,69.23578922087023,5,True,0.1413274053468018,final_comparisons,140,69.23578922087023,-69.23578922087023,stress,16
T,stress_n16_l2,tasklet_scaling,upmem_d1_t1_serial_nodes_v1_0_f32,upmem_d1_t23_serial_nodes_v1_0_f32,prepared_call_s,3.388473372656989,3.3344730130974973,3.434629248946808,70.48818479527037,5,True,0.14732492924595605,final_comparisons,141,70.48818479527037,-70.48818479527037,stress,16
T,stress_n16_l2,tasklet_scaling,upmem_d1_t1_serial_nodes_v1_0_f32,upmem_d1_t23_serial_nodes_v1_0_f32,session_inclusive_s,3.4334116022049663,3.3776570408407647,3.4810694392286043,70.8744503758946,5,True,0.1492787653132594,final_comparisons,142,70.8744503758946,-70.8744503758946,stress,16
T,stress_n16_l2,tasklet_scaling,upmem_d1_t1_serial_nodes_v1_0_f32,upmem_d1_t24_serial_nodes_v1_0_f32,job_to_state_s,3.2484062477276514,3.234393979838861,3.69355793452327,69.21567304891354,5,True,0.13535026032198547,final_comparisons,143,69.21567304891354,-69.21567304891354,stress,16
T,stress_n16_l2,tasklet_scaling,upmem_d1_t1_serial_nodes_v1_0_f32,upmem_d1_t24_serial_nodes_v1_0_f32,prepared_call_s,3.3851296141644838,3.368138882776181,3.8815405520037203,70.45903365662353,5,True,0.14104706725685348,final_comparisons,144,70.45903365662353,-70.45903365662353,stress,16
T,stress_n16_l2,tasklet_scaling,upmem_d1_t1_serial_nodes_v1_0_f32,upmem_d1_t24_serial_nodes_v1_0_f32,session_inclusive_s,3.4308371469499894,3.411939962155154,3.944673776799646,70.8525949449685,5,True,0.14295154778958288,final_comparisons,145,70.8525949449685,-70.8525949449685,stress,16
W,bb84_n08,cpu_vs_upmem,quest32_p8,upmem_d64_t24_static_dag_waves_v1_1_f32,job_to_state_s,0.052071339113625874,0.046756135380319856,0.16891496694378474,-1820.4422567621716,5,True,,final_comparisons,146,-1820.4422567621716,1820.4422567621716,bb84,8
W,bb84_n08,cpu_vs_upmem,quest32_p8,upmem_d64_t24_static_dag_waves_v1_1_f32,prepared_call_s,0.05478826928173506,0.049162174577802344,0.17795253011385084,-1725.208229991257,5,True,,final_comparisons,147,-1725.208229991257,1725.208229991257,bb84,8
W,bb84_n08,cpu_vs_upmem,quest32_p1,upmem_d64_t24_static_dag_waves_v1_1_f32,job_to_state_s,0.0009197292712088548,0.0009067215508529333,0.0011065376012859857,-108627.64750497074,5,True,,final_comparisons,148,-108627.64750497074,108627.64750497074,bb84,8
W,bb84_n08,cpu_vs_upmem,quest32_p1,upmem_d64_t24_static_dag_waves_v1_1_f32,prepared_call_s,0.0008756421985238795,0.0008625399295497633,0.001061761981627248,-114101.89681193502,5,True,,final_comparisons,149,-114101.89681193502,114101.89681193502,bb84,8
W,bb84_n08,cpu_vs_upmem,numpy_p1,upmem_d64_t24_static_dag_waves_v1_1_f32,job_to_state_s,0.022534060183842096,0.022272011047090305,0.027276849144229308,-4337.726676158625,5,True,,final_comparisons,150,-4337.726676158625,4337.726676158625,bb84,8
W,bb84_n08,cpu_vs_upmem,numpy_p1,upmem_d64_t24_static_dag_waves_v1_1_f32,prepared_call_s,0.017130542079358907,0.01689613466395751,0.020988342614631807,-5737.526888334312,5,True,,final_comparisons,151,-5737.526888334312,5737.526888334312,bb84,8
W,bb84_n12,cpu_vs_upmem,quest32_p8,upmem_d64_t24_static_dag_waves_v1_1_f32,job_to_state_s,0.04819631560834649,0.04258177123504984,0.061189353188124844,-1974.8473973118873,5,True,,final_comparisons,152,-1974.8473973118873,1974.8473973118873,bb84,12
W,bb84_n12,cpu_vs_upmem,quest32_p8,upmem_d64_t24_static_dag_waves_v1_1_f32,prepared_call_s,0.05144544018169302,0.04544915218531009,0.06673457150538636,-1843.8068689241238,5,True,,final_comparisons,153,-1843.8068689241238,1843.8068689241238,bb84,12
W,bb84_n12,cpu_vs_upmem,quest32_p1,upmem_d64_t24_static_dag_waves_v1_1_f32,job_to_state_s,0.0014183626996427776,0.0013661217156569433,0.0018063789643120451,-70403.82812885981,5,True,,final_comparisons,154,-70403.82812885981,70403.82812885981,bb84,12
W,bb84_n12,cpu_vs_upmem,quest32_p1,upmem_d64_t24_static_dag_waves_v1_1_f32,prepared_call_s,0.0014187299039482419,0.0013674271143809889,0.0018480465030782701,-70385.57989910968,5,True,,final_comparisons,155,-70385.57989910968,70385.57989910968,bb84,12
W,bb84_n12,cpu_vs_upmem,numpy_p1,upmem_d64_t24_static_dag_waves_v1_1_f32,job_to_state_s,0.02851804935722455,0.027990238478720716,0.036206107714453505,-3406.551193153986,5,True,,final_comparisons,156,-3406.551193153986,3406.551193153986,bb84,12
W,bb84_n12,cpu_vs_upmem,numpy_p1,upmem_d64_t24_static_dag_waves_v1_1_f32,prepared_call_s,0.022690158206251386,0.022193059813329554,0.029433473208427326,-4307.197124454113,5,True,,final_comparisons,157,-4307.197124454113,4307.197124454113,bb84,12
W,bb84_n16,cpu_vs_upmem,quest32_p8,upmem_d64_t24_static_dag_waves_v1_1_f32,job_to_state_s,0.028481384412116614,0.02583179640602473,0.03120884872946411,-3411.0652822570587,5,True,,final_comparisons,158,-3411.0652822570587,3411.0652822570587,bb84,16
W,bb84_n16,cpu_vs_upmem,quest32_p8,upmem_d64_t24_static_dag_waves_v1_1_f32,prepared_call_s,0.030012451128938328,0.02722219361758349,0.032891356899870584,-3231.950448511649,5,True,,final_comparisons,159,-3231.950448511649,3231.950448511649,bb84,16
W,bb84_n16,cpu_vs_upmem,quest32_p1,upmem_d64_t24_static_dag_waves_v1_1_f32,job_to_state_s,0.006859381890674107,0.006804552052984468,0.007010387107615436,-14478.573054222017,5,True,,final_comparisons,160,-14478.573054222017,14478.573054222017,bb84,16
W,bb84_n16,cpu_vs_upmem,quest32_p1,upmem_d64_t24_static_dag_waves_v1_1_f32,prepared_call_s,0.007185953166400398,0.007124209002955113,0.007353572872647059,-13816.038371579341,5,True,,final_comparisons,161,-13816.038371579341,13816.038371579341,bb84,16
W,bb84_n16,cpu_vs_upmem,numpy_p1,upmem_d64_t24_static_dag_waves_v1_1_f32,job_to_state_s,0.028609270265990198,0.028374768906255964,0.029429499939729955,-3395.370523968829,5,True,,final_comparisons,162,-3395.370523968829,3395.370523968829,bb84,16
W,bb84_n16,cpu_vs_upmem,numpy_p1,upmem_d64_t24_static_dag_waves_v1_1_f32,prepared_call_s,0.02439200813655883,0.024177419930826064,0.02515407029323283,-3999.7034536947217,5,True,,final_comparisons,163,-3999.7034536947217,3999.7034536947217,bb84,16
W,bb84_n18,cpu_vs_upmem,quest32_p8,upmem_d64_t24_static_dag_waves_v1_1_f32,job_to_state_s,0.031057234861835904,0.025802418571403227,0.034514987770141316,-3119.861666528565,5,True,,final_comparisons,164,-3119.861666528565,3119.861666528565,bb84,18
W,bb84_n18,cpu_vs_upmem,quest32_p8,upmem_d64_t24_static_dag_waves_v1_1_f32,prepared_call_s,0.03257382800436462,0.02699303948308396,0.03640971079783488,-2969.949285254433,5,True,,final_comparisons,165,-2969.949285254433,2969.949285254433,bb84,18
W,bb84_n18,cpu_vs_upmem,quest32_p1,upmem_d64_t24_static_dag_waves_v1_1_f32,job_to_state_s,0.022635345612978763,0.0214879232269463,0.02513321132196058,-4317.869367219271,5,True,,final_comparisons,166,-4317.869367219271,4317.869367219271,bb84,18
W,bb84_n18,cpu_vs_upmem,quest32_p1,upmem_d64_t24_static_dag_waves_v1_1_f32,prepared_call_s,0.023733451516707575,0.02247910330011632,0.02650596885921204,-4113.462164557198,5,True,,final_comparisons,167,-4113.462164557198,4113.462164557198,bb84,18
W,bb84_n18,cpu_vs_upmem,numpy_p1,upmem_d64_t24_static_dag_waves_v1_1_f32,job_to_state_s,0.06479352728121204,0.0608638680403994,0.07234566122938614,-1443.364039528014,5,True,,final_comparisons,168,-1443.364039528014,1443.364039528014,bb84,18
W,bb84_n18,cpu_vs_upmem,numpy_p1,upmem_d64_t24_static_dag_waves_v1_1_f32,prepared_call_s,0.06291051212146703,0.058926319904664,0.0707156327072639,-1489.559465148224,5,True,,final_comparisons,169,-1489.559465148224,1489.559465148224,bb84,18
W,bb84_n20,cpu_vs_upmem,quest32_p8,upmem_d64_t24_static_dag_waves_v1_1_f32,job_to_state_s,0.04148720690938589,0.039496865582617516,0.04713301405464044,-2310.3815959077356,5,True,,final_comparisons,170,-2310.3815959077356,2310.3815959077356,bb84,20
W,bb84_n20,cpu_vs_upmem,quest32_p8,upmem_d64_t24_static_dag_waves_v1_1_f32,prepared_call_s,0.04270770693370956,0.04071290024641739,0.04852198072457505,-2241.4977571897953,5,True,,final_comparisons,171,-2241.4977571897953,2241.4977571897953,bb84,20
W,bb84_n22,cpu_vs_upmem,quest32_p8,upmem_d64_t24_static_dag_waves_v1_1_f32,job_to_state_s,0.032990228401093384,0.031716657977844884,0.03723538192122233,-2931.200596255518,5,True,,final_comparisons,172,-2931.200596255518,2931.200596255518,bb84,22
W,bb84_n22,cpu_vs_upmem,quest32_p8,upmem_d64_t24_static_dag_waves_v1_1_f32,prepared_call_s,0.03337170340669654,0.03207053849531046,0.03770948871593923,-2896.5506639356468,5,True,,final_comparisons,173,-2896.5506639356468,2896.5506639356468,bb84,22
W,bb84_n24,cpu_vs_upmem,quest32_p8,upmem_d64_t24_static_dag_waves_v1_1_f32,job_to_state_s,0.037472402417079394,0.037048417892615246,0.038060854086816226,-2568.6306067854725,5,True,,final_comparisons,174,-2568.6306067854725,2568.6306067854725,bb84,24
W,bb84_n24,cpu_vs_upmem,quest32_p8,upmem_d64_t24_static_dag_waves_v1_1_f32,prepared_call_s,0.0376253459764988,0.03719764903432135,0.03821574745032088,-2557.7828696236065,5,True,,final_comparisons,175,-2557.7828696236065,2557.7828696236065,bb84,24
W,bv_n08,cpu_vs_upmem,quest32_p8,upmem_d64_t24_static_dag_waves_v1_1_f32,job_to_state_s,0.03861112435392669,0.0357312399567387,0.16270877173673753,-2489.9271692623,5,True,,final_comparisons,176,-2489.9271692623,2489.9271692623,bv,8
W,bv_n08,cpu_vs_upmem,quest32_p8,upmem_d64_t24_static_dag_waves_v1_1_f32,prepared_call_s,0.04153689289595704,0.03832839502201957,0.18011811467782587,-2307.498323249244,5,True,,final_comparisons,177,-2307.498323249244,2307.498323249244,bv,8
W,bv_n08,cpu_vs_upmem,quest32_p1,upmem_d64_t24_static_dag_waves_v1_1_f32,job_to_state_s,0.0009576343107054132,0.0008914026561700836,0.0012937660010651642,-104323.99450614708,5,True,,final_comparisons,178,-104323.99450614708,104323.99450614708,bv,8
W,bv_n08,cpu_vs_upmem,quest32_p1,upmem_d64_t24_static_dag_waves_v1_1_f32,prepared_call_s,0.0009392580678307155,0.0008693249392944548,0.0013044773984146557,-106367.01202253948,5,True,,final_comparisons,179,-106367.01202253948,106367.01202253948,bv,8
W,bv_n08,cpu_vs_upmem,numpy_p1,upmem_d64_t24_static_dag_waves_v1_1_f32,job_to_state_s,0.02947675676579711,0.02736252336373609,0.03950745553853068,-3292.503483152306,5,True,,final_comparisons,180,-3292.503483152306,3292.503483152306,bv,8
W,bv_n08,cpu_vs_upmem,numpy_p1,upmem_d64_t24_static_dag_waves_v1_1_f32,prepared_call_s,0.022857242096779928,0.021126779475822498,0.031652813682195045,-4274.981004995689,5,True,,final_comparisons,181,-4274.981004995689,4274.981004995689,bv,8
W,bv_n12,cpu_vs_upmem,quest32_p8,upmem_d64_t24_static_dag_waves_v1_1_f32,job_to_state_s,0.03323583947674432,0.029810985366277874,0.09036829943976984,-2908.800186015211,5,True,,final_comparisons,182,-2908.800186015211,2908.800186015211,bv,12
W,bv_n12,cpu_vs_upmem,quest32_p8,upmem_d64_t24_static_dag_waves_v1_1_f32,prepared_call_s,0.03649187439537449,0.03278897766468144,0.0990324883935849,-2640.3360791101336,5,True,,final_comparisons,183,-2640.3360791101336,2640.3360791101336,bv,12
W,bv_n12,cpu_vs_upmem,quest32_p1,upmem_d64_t24_static_dag_waves_v1_1_f32,job_to_state_s,0.0015691559104268696,0.0015195596988149362,0.001733349947108105,-63628.5303107938,5,True,,final_comparisons,184,-63628.5303107938,63628.5303107938,bv,12
W,bv_n12,cpu_vs_upmem,quest32_p1,upmem_d64_t24_static_dag_waves_v1_1_f32,prepared_call_s,0.0016435535338114786,0.001584968257228526,0.0018366760768082535,-60743.7741410803,5,True,,final_comparisons,185,-60743.7741410803,60743.7741410803,bv,12
W,bv_n12,cpu_vs_upmem,numpy_p1,upmem_d64_t24_static_dag_waves_v1_1_f32,job_to_state_s,0.03321958012279507,0.032431142542306925,0.03699064828367318,-2910.272846024945,5,True,,final_comparisons,186,-2910.272846024945,2910.272846024945,bv,12
W,bv_n12,cpu_vs_upmem,numpy_p1,upmem_d64_t24_static_dag_waves_v1_1_f32,prepared_call_s,0.02678126597099036,0.02619854917363691,0.030152109063112376,-3633.9534325345426,5,True,,final_comparisons,187,-3633.9534325345426,3633.9534325345426,bv,12
W,bv_n16,cpu_vs_upmem,quest32_p8,upmem_d64_t24_static_dag_waves_v1_1_f32,job_to_state_s,0.023447440302718437,0.021610815395227353,0.060459042537439736,-4164.857856932308,5,True,,final_comparisons,188,-4164.857856932308,4164.857856932308,bv,16
W,bv_n16,cpu_vs_upmem,quest32_p8,upmem_d64_t24_static_dag_waves_v1_1_f32,prepared_call_s,0.02576060694660264,0.023737790799476226,0.06654598727231074,-3781.8961139884245,5,True,,final_comparisons,189,-3781.8961139884245,3781.8961139884245,bv,16
W,bv_n16,cpu_vs_upmem,quest32_p1,upmem_d64_t24_static_dag_waves_v1_1_f32,job_to_state_s,0.00997304477522116,0.009923002541348461,0.012238208795322251,-9927.028079574868,5,True,,final_comparisons,190,-9927.028079574868,9927.028079574868,bv,16
W,bv_n16,cpu_vs_upmem,quest32_p1,upmem_d64_t24_static_dag_waves_v1_1_f32,prepared_call_s,0.010926326742912511,0.010870562781889057,0.013720325679340702,-9052.206624688957,5,True,,final_comparisons,191,-9052.206624688957,9052.206624688957,bv,16
W,bv_n16,cpu_vs_upmem,numpy_p1,upmem_d64_t24_static_dag_waves_v1_1_f32,job_to_state_s,0.034779426202889784,0.03424550741521319,0.042358094790988725,-2775.263076988059,5,True,,final_comparisons,192,-2775.263076988059,2775.263076988059,bv,16
W,bv_n16,cpu_vs_upmem,numpy_p1,upmem_d64_t24_static_dag_waves_v1_1_f32,prepared_call_s,0.029711488666758074,0.02922990300804845,0.037042158989769855,-3265.7014335967083,5,True,,final_comparisons,193,-3265.7014335967083,3265.7014335967083,bv,16
W,bv_n18,cpu_vs_upmem,quest32_p8,upmem_d64_t24_static_dag_waves_v1_1_f32,job_to_state_s,0.02221020603645517,0.021049372437549462,0.053351885621243114,-4402.434594071887,5,True,,final_comparisons,194,-4402.434594071887,4402.434594071887,bv,18
W,bv_n18,cpu_vs_upmem,quest32_p8,upmem_d64_t24_static_dag_waves_v1_1_f32,prepared_call_s,0.02429662032005555,0.022959041522852053,0.05825126859979346,-4015.7987688293993,5,True,,final_comparisons,195,-4015.7987688293993,4015.7987688293993,bv,18
W,bv_n18,cpu_vs_upmem,quest32_p1,upmem_d64_t24_static_dag_waves_v1_1_f32,job_to_state_s,0.03253872537867266,0.03126492119042488,0.034250572309864315,-2973.2611322736225,5,True,,final_comparisons,196,-2973.2611322736225,2973.2611322736225,bv,18
W,bv_n18,cpu_vs_upmem,quest32_p1,upmem_d64_t24_static_dag_waves_v1_1_f32,prepared_call_s,0.03563234571506197,0.03412165513980487,0.037667543859326094,-2706.438868764385,5,True,,final_comparisons,197,-2706.438868764385,2706.438868764385,bv,18
W,bv_n18,cpu_vs_upmem,numpy_p1,upmem_d64_t24_static_dag_waves_v1_1_f32,job_to_state_s,0.05324684309531604,0.050797319787479464,0.05554439349177673,-1778.0456114739447,5,True,,final_comparisons,198,-1778.0456114739447,1778.0456114739447,bv,18
W,bv_n18,cpu_vs_upmem,numpy_p1,upmem_d64_t24_static_dag_waves_v1_1_f32,prepared_call_s,0.051124843339896885,0.048501255249719204,0.05352934008580877,-1855.9962137226119,5,True,,final_comparisons,199,-1855.9962137226119,1855.9962137226119,bv,18
W,bv_n20,cpu_vs_upmem,quest32_p8,upmem_d64_t24_static_dag_waves_v1_1_f32,job_to_state_s,0.04022918654532078,0.03459621919910148,0.042238810567503275,-2385.7574459613675,5,True,,final_comparisons,200,-2385.7574459613675,2385.7574459613675,bv,20
W,bv_n20,cpu_vs_upmem,quest32_p8,upmem_d64_t24_static_dag_waves_v1_1_f32,prepared_call_s,0.042845571980785,0.03681015206197284,0.04525945119856636,-2233.96347339807,5,True,,final_comparisons,201,-2233.96347339807,2233.96347339807,bv,20
W,bv_n22,cpu_vs_upmem,quest32_p8,upmem_d64_t24_static_dag_waves_v1_1_f32,job_to_state_s,0.05311485303718192,0.051203304799513474,0.0554013406314178,-1782.712542384277,5,True,,final_comparisons,202,-1782.712542384277,1782.712542384277,bv,22
W,bv_n22,cpu_vs_upmem,quest32_p8,upmem_d64_t24_static_dag_waves_v1_1_f32,prepared_call_s,0.05482577279092536,0.052845992059952995,0.057233422008198975,-1723.959698321877,5,True,,final_comparisons,203,-1723.959698321877,1723.959698321877,bv,22
W,bv_n24,cpu_vs_upmem,quest32_p8,upmem_d64_t24_static_dag_waves_v1_1_f32,job_to_state_s,0.07372562873849813,0.07290246768076804,0.07556964634406957,-1256.38042985969,5,True,,final_comparisons,204,-1256.38042985969,1256.38042985969,bv,24
W,bv_n24,cpu_vs_upmem,quest32_p8,upmem_d64_t24_static_dag_waves_v1_1_f32,prepared_call_s,0.07454582960430435,0.07371403837889527,0.07642320766882645,-1241.4566653937393,5,True,,final_comparisons,205,-1241.4566653937393,1241.4566653937393,bv,24
W,edc_n07,cpu_vs_upmem,quest32_p8,upmem_d64_t24_static_dag_waves_v1_1_f32,job_to_state_s,0.0009468663328291587,0.0009350288075075779,0.0010070434980620642,-105511.52776570714,5,True,,final_comparisons,206,-105511.52776570714,105511.52776570714,edc,7
W,edc_n07,cpu_vs_upmem,quest32_p8,upmem_d64_t24_static_dag_waves_v1_1_f32,prepared_call_s,0.0009176853143715977,0.0009085845913062736,0.0009800695148521209,-108869.81616021271,5,True,,final_comparisons,207,-108869.81616021271,108869.81616021271,edc,7
W,edc_n07,cpu_vs_upmem,quest32_p1,upmem_d64_t24_static_dag_waves_v1_1_f32,job_to_state_s,0.0007817752722553742,0.0007653213435431526,0.0008311813545979012,-127813.99721752015,5,True,,final_comparisons,208,-127813.99721752015,127813.99721752015,edc,7
W,edc_n07,cpu_vs_upmem,quest32_p1,upmem_d64_t24_static_dag_waves_v1_1_f32,prepared_call_s,0.0007604933827073675,0.0007434806345835759,0.0008101625314339562,-131393.58334190698,5,True,,final_comparisons,209,-131393.58334190698,131393.58334190698,edc,7
W,edc_n07,cpu_vs_upmem,numpy_p1,upmem_d64_t24_static_dag_waves_v1_1_f32,job_to_state_s,0.020352557386581975,0.019840046379963363,0.02183757848889475,-4813.387448101631,5,True,,final_comparisons,210,-4813.387448101631,4813.387448101631,edc,7
W,edc_n07,cpu_vs_upmem,numpy_p1,upmem_d64_t24_static_dag_waves_v1_1_f32,prepared_call_s,0.015093462773340586,0.01459155676294886,0.016257978877774193,-6525.384876996475,5,True,,final_comparisons,211,-6525.384876996475,6525.384876996475,edc,7
W,edc_n11,cpu_vs_upmem,quest32_p8,upmem_d64_t24_static_dag_waves_v1_1_f32,job_to_state_s,0.03154526942301573,0.03154526942301573,0.03754731622765612,-3070.047421659967,5,True,,final_comparisons,212,-3070.047421659967,3070.047421659967,edc,11
W,edc_n11,cpu_vs_upmem,quest32_p8,upmem_d64_t24_static_dag_waves_v1_1_f32,prepared_call_s,0.03368177014388767,0.03368177014388767,0.04087844243173405,-2868.9650981169493,5,True,,final_comparisons,213,-2868.9650981169493,2868.9650981169493,edc,11
W,edc_n11,cpu_vs_upmem,quest32_p1,upmem_d64_t24_static_dag_waves_v1_1_f32,job_to_state_s,0.0009769772005244987,0.0009522934630103825,0.0012638598636034607,-102256.53395628284,5,True,,final_comparisons,214,-102256.53395628284,102256.53395628284,edc,11
W,edc_n11,cpu_vs_upmem,quest32_p1,upmem_d64_t24_static_dag_waves_v1_1_f32,prepared_call_s,0.0009739026760110225,0.0009451615159252289,0.0012857555125645843,-102579.66447077329,5,True,,final_comparisons,215,-102579.66447077329,102579.66447077329,edc,11
W,edc_n11,cpu_vs_upmem,numpy_p1,upmem_d64_t24_static_dag_waves_v1_1_f32,job_to_state_s,0.04364285212108866,0.04291888250089024,0.055932859930738585,-2191.3259592326003,5,True,,final_comparisons,216,-2191.3259592326003,2191.3259592326003,edc,11
W,edc_n11,cpu_vs_upmem,numpy_p1,upmem_d64_t24_static_dag_waves_v1_1_f32,prepared_call_s,0.038106125950099816,0.03736343926263651,0.04981025499958385,-2524.2499731132616,5,True,,final_comparisons,217,-2524.2499731132616,2524.2499731132616,edc,11
W,edc_n15,cpu_vs_upmem,quest32_p8,upmem_d64_t24_static_dag_waves_v1_1_f32,job_to_state_s,0.02533900090226594,0.022184071275468762,0.07696213429851849,-3846.485513998995,5,True,,final_comparisons,218,-3846.485513998995,3846.485513998995,edc,15
W,edc_n15,cpu_vs_upmem,quest32_p8,upmem_d64_t24_static_dag_waves_v1_1_f32,prepared_call_s,0.027368368823591865,0.02395105157611652,0.08360273198774243,-3553.8531267453104,5,True,,final_comparisons,219,-3553.8531267453104,3553.8531267453104,edc,15
W,edc_n15,cpu_vs_upmem,quest32_p1,upmem_d64_t24_static_dag_waves_v1_1_f32,job_to_state_s,0.0031359176001740027,0.0030679893555505817,0.0036705723875080916,-31788.592989321944,5,True,,final_comparisons,220,-31788.592989321944,31788.592989321944,edc,15
W,edc_n15,cpu_vs_upmem,quest32_p1,upmem_d64_t24_static_dag_waves_v1_1_f32,prepared_call_s,0.003335283891380552,0.0032588612561835215,0.003962691885123044,-29882.45524419442,5,True,,final_comparisons,221,-29882.45524419442,29882.45524419442,edc,15
W,edc_n15,cpu_vs_upmem,numpy_p1,upmem_d64_t24_static_dag_waves_v1_1_f32,job_to_state_s,0.04211502679436151,0.04119112285596249,0.04899950121173015,-2274.449397557746,5,True,,final_comparisons,222,-2274.449397557746,2274.449397557746,edc,15
W,edc_n15,cpu_vs_upmem,numpy_p1,upmem_d64_t24_static_dag_waves_v1_1_f32,prepared_call_s,0.03725109065786445,0.03637525761350994,0.043917252217100265,-2584.485158259064,5,True,,final_comparisons,223,-2584.485158259064,2584.485158259064,edc,15
W,edc_n17,cpu_vs_upmem,quest32_p8,upmem_d64_t24_static_dag_waves_v1_1_f32,job_to_state_s,0.010308896246741894,0.010284690341714364,0.036700967863788646,-9600.359534766372,5,True,,final_comparisons,224,-9600.359534766372,9600.359534766372,edc,17
W,edc_n17,cpu_vs_upmem,quest32_p8,upmem_d64_t24_static_dag_waves_v1_1_f32,prepared_call_s,0.011360540442305332,0.011332975948491584,0.04094467612965036,-8702.398134829187,5,True,,final_comparisons,225,-8702.398134829187,8702.398134829187,edc,17
W,edc_n17,cpu_vs_upmem,quest32_p1,upmem_d64_t24_static_dag_waves_v1_1_f32,job_to_state_s,0.005085481585734323,0.005073329733610812,0.00555468644661559,-19563.821078522382,5,True,,final_comparisons,226,-19563.821078522382,19563.821078522382,edc,17
W,edc_n17,cpu_vs_upmem,quest32_p1,upmem_d64_t24_static_dag_waves_v1_1_f32,prepared_call_s,0.005593428593052443,0.005577371094299742,0.006173728686970743,-17778.12221724065,5,True,,final_comparisons,227,-17778.12221724065,17778.12221724065,edc,17
W,edc_n17,cpu_vs_upmem,numpy_p1,upmem_d64_t24_static_dag_waves_v1_1_f32,job_to_state_s,0.05580084290016741,0.05567079416067173,0.061338164610379435,-1692.08762453479,5,True,,final_comparisons,228,-1692.08762453479,1692.08762453479,edc,17
W,edc_n17,cpu_vs_upmem,numpy_p1,upmem_d64_t24_static_dag_waves_v1_1_f32,prepared_call_s,0.057523107621880676,0.05735208866296275,0.06376597326502108,-1638.4318082627708,5,True,,final_comparisons,229,-1638.4318082627708,1638.4318082627708,edc,17
W,edc_n19,cpu_vs_upmem,quest32_p8,upmem_d64_t24_static_dag_waves_v1_1_f32,job_to_state_s,0.025063175837878326,0.014610376243350024,0.02584902193843492,-3889.9173451462048,5,True,,final_comparisons,230,-3889.9173451462048,3889.9173451462048,edc,19
W,edc_n19,cpu_vs_upmem,quest32_p8,upmem_d64_t24_static_dag_waves_v1_1_f32,prepared_call_s,0.026256015162955285,0.015289931422898596,0.02707690309509017,-3708.65106069448,5,True,,final_comparisons,231,-3708.65106069448,3708.65106069448,edc,19
W,edc_n21,cpu_vs_upmem,quest32_p8,upmem_d64_t24_static_dag_waves_v1_1_f32,job_to_state_s,0.025077403035508004,0.021254260559725742,0.025878160652520486,-3887.6537398392634,5,True,,final_comparisons,232,-3887.6537398392634,3887.6537398392634,edc,21
W,edc_n21,cpu_vs_upmem,quest32_p8,upmem_d64_t24_static_dag_waves_v1_1_f32,prepared_call_s,0.025762368340032826,0.02183215449976827,0.026597389403034723,-3781.6307056912683,5,True,,final_comparisons,233,-3781.6307056912683,3781.6307056912683,edc,21
W,edc_n23,cpu_vs_upmem,quest32_p8,upmem_d64_t24_static_dag_waves_v1_1_f32,job_to_state_s,0.028830142558785424,0.028760164487383694,0.029351982760348994,-3368.5919362381696,5,True,,final_comparisons,234,-3368.5919362381696,3368.5919362381696,edc,23
W,edc_n23,cpu_vs_upmem,quest32_p8,upmem_d64_t24_static_dag_waves_v1_1_f32,prepared_call_s,0.02928590124412621,0.029202076084085312,0.029814473573639987,-3314.6123476414004,5,True,,final_comparisons,235,-3314.6123476414004,3314.6123476414004,edc,23
W,hs_n08,cpu_vs_upmem,quest32_p8,upmem_d64_t24_static_dag_waves_v1_1_f32,job_to_state_s,0.02856895576007293,0.025129660574610253,0.08686998159357881,-3400.3029456105232,5,True,,final_comparisons,236,-3400.3029456105232,3400.3029456105232,hs,8
W,hs_n08,cpu_vs_upmem,quest32_p8,upmem_d64_t24_static_dag_waves_v1_1_f32,prepared_call_s,0.03292975060254455,0.02894897323265851,0.10083142841104059,-2936.767608931505,5,True,,final_comparisons,237,-2936.767608931505,2936.767608931505,hs,8
W,hs_n08,cpu_vs_upmem,quest32_p1,upmem_d64_t24_static_dag_waves_v1_1_f32,job_to_state_s,0.0011179302208160302,0.0011027501449093085,0.0011925499185888625,-89351.02130525219,5,True,,final_comparisons,238,-89351.02130525219,89351.02130525219,hs,8
W,hs_n08,cpu_vs_upmem,quest32_p1,upmem_d64_t24_static_dag_waves_v1_1_f32,prepared_call_s,0.001196536637040298,0.0011812096023125988,0.0012954999262150416,-83474.54080750569,5,True,,final_comparisons,239,-83474.54080750569,83474.54080750569,hs,8
W,hs_n08,cpu_vs_upmem,numpy_p1,upmem_d64_t24_static_dag_waves_v1_1_f32,job_to_state_s,0.04045417578959426,0.04045417578959426,0.04288612555748894,-2371.932700349868,5,True,,final_comparisons,240,-2371.932700349868,2371.932700349868,hs,8
W,hs_n08,cpu_vs_upmem,numpy_p1,upmem_d64_t24_static_dag_waves_v1_1_f32,prepared_call_s,0.03374139956898685,0.033714966463689655,0.03610467751944334,-2863.7182001162228,5,True,,final_comparisons,241,-2863.7182001162228,2863.7182001162228,hs,8
W,hs_n12,cpu_vs_upmem,quest32_p8,upmem_d64_t24_static_dag_waves_v1_1_f32,job_to_state_s,0.018207432598292703,0.01637654255163152,0.05601804181909715,-5392.262539495927,5,True,,final_comparisons,242,-5392.262539495927,5392.262539495927,hs,12
W,hs_n12,cpu_vs_upmem,quest32_p8,upmem_d64_t24_static_dag_waves_v1_1_f32,prepared_call_s,0.022090369048797832,0.019862369444940166,0.06800976830190794,-4426.859636391726,5,True,,final_comparisons,243,-4426.859636391726,4426.859636391726,hs,12
W,hs_n12,cpu_vs_upmem,quest32_p1,upmem_d64_t24_static_dag_waves_v1_1_f32,job_to_state_s,0.0020104074300429393,0.001981524973307514,0.0023316041030820786,-49641.16117242173,5,True,,final_comparisons,244,-49641.16117242173,49641.16117242173,hs,12
W,hs_n12,cpu_vs_upmem,quest32_p1,upmem_d64_t24_static_dag_waves_v1_1_f32,prepared_call_s,0.002359511246911114,0.002319635710514135,0.0028368359744139226,-42281.658545138154,5,True,,final_comparisons,245,-42281.658545138154,42281.658545138154,hs,12
W,hs_n12,cpu_vs_upmem,numpy_p1,upmem_d64_t24_static_dag_waves_v1_1_f32,job_to_state_s,0.04324986565182881,0.04250917862701953,0.051235565126412974,-2212.14591057976,5,True,,final_comparisons,246,-2212.14591057976,2212.14591057976,hs,12
W,hs_n12,cpu_vs_upmem,numpy_p1,upmem_d64_t24_static_dag_waves_v1_1_f32,prepared_call_s,0.037945146218343946,0.03717393769797872,0.046826587176246846,-2535.383177194259,5,True,,final_comparisons,247,-2535.383177194259,2535.383177194259,hs,12
W,hs_n16,cpu_vs_upmem,quest32_p8,upmem_d64_t24_static_dag_waves_v1_1_f32,job_to_state_s,0.015550930784034592,0.01536807320344424,0.042035380805283816,-6330.483254588547,5,True,,final_comparisons,248,-6330.483254588547,6330.483254588547,hs,16
W,hs_n16,cpu_vs_upmem,quest32_p8,upmem_d64_t24_static_dag_waves_v1_1_f32,prepared_call_s,0.01897793292077093,0.018751829518929834,0.051486462494862,-5169.277766840044,5,True,,final_comparisons,249,-5169.277766840044,5169.277766840044,hs,16
W,hs_n16,cpu_vs_upmem,quest32_p1,upmem_d64_t24_static_dag_waves_v1_1_f32,job_to_state_s,0.015246809368054524,0.015136519547668904,0.0163460888741977,-6458.749282293931,5,True,,final_comparisons,250,-6458.749282293931,6458.749282293931,hs,16
W,hs_n16,cpu_vs_upmem,quest32_p1,upmem_d64_t24_static_dag_waves_v1_1_f32,prepared_call_s,0.018619317817783216,0.018453260132838212,0.0203149159197061,-5270.766049467747,5,True,,final_comparisons,251,-5270.766049467747,5270.766049467747,hs,16
W,hs_n16,cpu_vs_upmem,numpy_p1,upmem_d64_t24_static_dag_waves_v1_1_f32,job_to_state_s,0.04234803669048284,0.041833779076660874,0.04543522722317759,-2261.3845603017926,5,True,,final_comparisons,252,-2261.3845603017926,2261.3845603017926,hs,16
W,hs_n16,cpu_vs_upmem,numpy_p1,upmem_d64_t24_static_dag_waves_v1_1_f32,prepared_call_s,0.03722172932130612,0.0367373301454102,0.040790558255132656,-2586.6027404793067,5,True,,final_comparisons,253,-2586.6027404793067,2586.6027404793067,hs,16
W,hs_n18,cpu_vs_upmem,quest32_p8,upmem_d64_t24_static_dag_waves_v1_1_f32,job_to_state_s,0.034614276496083694,0.020502296318303085,0.03588762439396184,-2788.9813719294157,5,True,,final_comparisons,254,-2788.9813719294157,2788.9813719294157,hs,18
W,hs_n18,cpu_vs_upmem,quest32_p8,upmem_d64_t24_static_dag_waves_v1_1_f32,prepared_call_s,0.04250450319735152,0.025014514035454235,0.04372591832307162,-2252.691890920185,5,True,,final_comparisons,255,-2252.691890920185,2252.691890920185,hs,18
W,hs_n18,cpu_vs_upmem,quest32_p1,upmem_d64_t24_static_dag_waves_v1_1_f32,job_to_state_s,0.0518846658416175,0.05172638317004892,0.056097908515569395,-1827.3517209354065,5,True,,final_comparisons,256,-1827.3517209354065,1827.3517209354065,hs,18
W,hs_n18,cpu_vs_upmem,quest32_p1,upmem_d64_t24_static_dag_waves_v1_1_f32,prepared_call_s,0.06376595529285445,0.06307825857281608,0.0696126091071309,-1468.2349545417364,5,True,,final_comparisons,257,-1468.2349545417364,1468.2349545417364,hs,18
W,hs_n18,cpu_vs_upmem,numpy_p1,upmem_d64_t24_static_dag_waves_v1_1_f32,job_to_state_s,0.05211682622237632,0.05177850090563611,0.056509769823236106,-1818.7661116068707,5,True,,final_comparisons,258,-1818.7661116068707,1818.7661116068707,hs,18
W,hs_n18,cpu_vs_upmem,numpy_p1,upmem_d64_t24_static_dag_waves_v1_1_f32,prepared_call_s,0.05069102120233383,0.05004734673859874,0.055496334270921786,-1872.7359526029034,5,True,,final_comparisons,259,-1872.7359526029034,1872.7359526029034,hs,18
W,hs_n20,cpu_vs_upmem,quest32_p8,upmem_d64_t24_static_dag_waves_v1_1_f32,job_to_state_s,0.04346346200641401,0.04248232440391142,0.04688490236799424,-2200.7831264164543,5,True,,final_comparisons,260,-2200.7831264164543,2200.7831264164543,hs,20
W,hs_n20,cpu_vs_upmem,quest32_p8,upmem_d64_t24_static_dag_waves_v1_1_f32,prepared_call_s,0.050979031675300227,0.04993312894405023,0.05553292306273594,-1861.5908092748423,5,True,,final_comparisons,261,-1861.5908092748423,1861.5908092748423,hs,20
W,hs_n22,cpu_vs_upmem,quest32_p8,upmem_d64_t24_static_dag_waves_v1_1_f32,job_to_state_s,0.0987342211915552,0.09868903859755573,0.1004180447782546,-912.8200617087874,5,True,,final_comparisons,262,-912.8200617087874,912.8200617087874,hs,22
W,hs_n22,cpu_vs_upmem,quest32_p8,upmem_d64_t24_static_dag_waves_v1_1_f32,prepared_call_s,0.10762931466245165,0.10752861135093887,0.10972583589283208,-829.1149006534251,5,True,,final_comparisons,263,-829.1149006534251,829.1149006534251,hs,22
W,hs_n24,cpu_vs_upmem,quest32_p8,upmem_d64_t24_static_dag_waves_v1_1_f32,job_to_state_s,0.18026613554005377,0.17869822358686674,0.18205237371942606,-454.7353622487833,5,True,,final_comparisons,264,-454.7353622487833,454.7353622487833,hs,24
W,hs_n24,cpu_vs_upmem,quest32_p8,upmem_d64_t24_static_dag_waves_v1_1_f32,prepared_call_s,0.1860889491578437,0.18444873972892417,0.18799326454956347,-437.37742328362737,5,True,,final_comparisons,265,-437.37742328362737,437.37742328362737,hs,24
W,qrng_n08,cpu_vs_upmem,quest32_p8,upmem_d64_t24_static_dag_waves_v1_1_f32,job_to_state_s,0.06438661357563003,0.05650536416206951,0.0735393703429519,-1453.1178679328686,5,True,,final_comparisons,266,-1453.1178679328686,1453.1178679328686,qrng,8
W,qrng_n08,cpu_vs_upmem,quest32_p8,upmem_d64_t24_static_dag_waves_v1_1_f32,prepared_call_s,0.06832678842063179,0.059998032921124954,0.07874566539782617,-1363.5548122704424,5,True,,final_comparisons,267,-1363.5548122704424,1363.5548122704424,qrng,8
W,qrng_n08,cpu_vs_upmem,quest32_p1,upmem_d64_t24_static_dag_waves_v1_1_f32,job_to_state_s,0.0010464897393035282,0.0009351878827733262,0.0012369118637257542,-95457.55421601472,5,True,,final_comparisons,268,-95457.55421601472,95457.55421601472,qrng,8
W,qrng_n08,cpu_vs_upmem,quest32_p1,upmem_d64_t24_static_dag_waves_v1_1_f32,prepared_call_s,0.0010030523146342925,0.0008861290483475145,0.001201971895935409,-99595.69736395999,5,True,,final_comparisons,269,-99595.69736395999,99595.69736395999,qrng,8
W,qrng_n08,cpu_vs_upmem,numpy_p1,upmem_d64_t24_static_dag_waves_v1_1_f32,job_to_state_s,0.026790612444486547,0.023660149615624695,0.030598981074775582,-3632.650763666278,5,True,,final_comparisons,270,-3632.650763666278,3632.650763666278,qrng,8
W,qrng_n08,cpu_vs_upmem,numpy_p1,upmem_d64_t24_static_dag_waves_v1_1_f32,prepared_call_s,0.020545070558095978,0.017951046310492897,0.023677905681485797,-4767.347606192283,5,True,,final_comparisons,271,-4767.347606192283,4767.347606192283,qrng,8
W,qrng_n12,cpu_vs_upmem,quest32_p8,upmem_d64_t24_static_dag_waves_v1_1_f32,job_to_state_s,0.05765585772317252,0.04641576434318146,0.1893989476314427,-1634.4291447390767,5,True,,final_comparisons,272,-1634.4291447390767,1634.4291447390767,qrng,12
W,qrng_n12,cpu_vs_upmem,quest32_p8,upmem_d64_t24_static_dag_waves_v1_1_f32,prepared_call_s,0.062378643324717195,0.04940550680589259,0.20605205884854771,-1503.1127749836064,5,True,,final_comparisons,273,-1503.1127749836064,1503.1127749836064,qrng,12
W,qrng_n12,cpu_vs_upmem,quest32_p1,upmem_d64_t24_static_dag_waves_v1_1_f32,job_to_state_s,0.0016389115683143423,0.0013194033726709878,0.0017360617994585277,-60916.1047937762,5,True,,final_comparisons,274,-60916.1047937762,60916.1047937762,qrng,12
W,qrng_n12,cpu_vs_upmem,quest32_p1,upmem_d64_t24_static_dag_waves_v1_1_f32,prepared_call_s,0.0016617520928087816,0.0013161508483535576,0.0017758083538790138,-60077.44790739194,5,True,,final_comparisons,275,-60077.44790739194,60077.44790739194,qrng,12
W,qrng_n12,cpu_vs_upmem,numpy_p1,upmem_d64_t24_static_dag_waves_v1_1_f32,job_to_state_s,0.033635351227502754,0.026869415577372883,0.03560621017044429,-2873.0624581149787,5,True,,final_comparisons,276,-2873.0624581149787,2873.0624581149787,qrng,12
W,qrng_n12,cpu_vs_upmem,numpy_p1,upmem_d64_t24_static_dag_waves_v1_1_f32,prepared_call_s,0.027091459826153633,0.0212273073002941,0.028733053594067665,-3591.2001288118736,5,True,,final_comparisons,277,-3591.2001288118736,3591.2001288118736,qrng,12
W,qrng_n16,cpu_vs_upmem,quest32_p8,upmem_d64_t24_static_dag_waves_v1_1_f32,job_to_state_s,0.027611092926754913,0.026229898631254623,0.038001759477716265,-3521.7327675247816,5,True,,final_comparisons,278,-3521.7327675247816,3521.7327675247816,qrng,16
W,qrng_n16,cpu_vs_upmem,quest32_p8,upmem_d64_t24_static_dag_waves_v1_1_f32,prepared_call_s,0.029070493094235088,0.027611568149629298,0.040390975645321146,-3339.9141313440878,5,True,,final_comparisons,279,-3339.9141313440878,3339.9141313440878,qrng,16
W,qrng_n16,cpu_vs_upmem,quest32_p1,upmem_d64_t24_static_dag_waves_v1_1_f32,job_to_state_s,0.006986237058757637,0.006836924952059398,0.008144661449055436,-14213.857253762157,5,True,,final_comparisons,280,-14213.857253762157,14213.857253762157,qrng,16
W,qrng_n16,cpu_vs_upmem,quest32_p1,upmem_d64_t24_static_dag_waves_v1_1_f32,prepared_call_s,0.007313868501290672,0.007154154292928368,0.00860438587159918,-13572.654899709107,5,True,,final_comparisons,281,-13572.654899709107,13572.654899709107,qrng,16
W,qrng_n16,cpu_vs_upmem,numpy_p1,upmem_d64_t24_static_dag_waves_v1_1_f32,job_to_state_s,0.02659006005189399,0.026455992415536728,0.03127986337554391,-3660.8038419182535,5,True,,final_comparisons,282,-3660.8038419182535,3660.8038419182535,qrng,16
W,qrng_n16,cpu_vs_upmem,numpy_p1,upmem_d64_t24_static_dag_waves_v1_1_f32,prepared_call_s,0.02218540621211802,0.022050820482969555,0.0264532402187587,-4407.467613794623,5,True,,final_comparisons,283,-4407.467613794623,4407.467613794623,qrng,16
W,qrng_n18,cpu_vs_upmem,quest32_p8,upmem_d64_t24_static_dag_waves_v1_1_f32,job_to_state_s,0.027420401863849694,0.02567621823423321,0.07300157870866594,-3546.919563634742,5,True,,final_comparisons,284,-3546.919563634742,3546.919563634742,qrng,18
W,qrng_n18,cpu_vs_upmem,quest32_p8,upmem_d64_t24_static_dag_waves_v1_1_f32,prepared_call_s,0.028704266691528937,0.026908372219054063,0.07650636613213281,-3383.80263724039,5,True,,final_comparisons,285,-3383.80263724039,3383.80263724039,qrng,18
W,qrng_n18,cpu_vs_upmem,quest32_p1,upmem_d64_t24_static_dag_waves_v1_1_f32,job_to_state_s,0.021934625757558758,0.02118859905979762,0.023566765968850576,-4459.001876999866,5,True,,final_comparisons,286,-4459.001876999866,4459.001876999866,qrng,18
W,qrng_n18,cpu_vs_upmem,quest32_p1,upmem_d64_t24_static_dag_waves_v1_1_f32,prepared_call_s,0.0229562425614639,0.022150024953509134,0.02476600423185715,-4256.113581404111,5,True,,final_comparisons,287,-4256.113581404111,4256.113581404111,qrng,18
W,qrng_n18,cpu_vs_upmem,numpy_p1,upmem_d64_t24_static_dag_waves_v1_1_f32,job_to_state_s,0.05660807140189723,0.055699636771808836,0.062098887702503124,-1666.5325372072025,5,True,,final_comparisons,288,-1666.5325372072025,1666.5325372072025,qrng,18
W,qrng_n18,cpu_vs_upmem,numpy_p1,upmem_d64_t24_static_dag_waves_v1_1_f32,prepared_call_s,0.054525082219214725,0.0535531754222878,0.060179146485248566,-1734.0183256937821,5,True,,final_comparisons,289,-1734.0183256937821,1734.0183256937821,qrng,18
W,qrng_n20,cpu_vs_upmem,quest32_p8,upmem_d64_t24_static_dag_waves_v1_1_f32,job_to_state_s,0.04126632397254284,0.031400481702000646,0.047273230376350735,-2323.283451817431,5,True,,final_comparisons,290,-2323.283451817431,2323.283451817431,qrng,20
W,qrng_n20,cpu_vs_upmem,quest32_p8,upmem_d64_t24_static_dag_waves_v1_1_f32,prepared_call_s,0.04246312297911061,0.03228781252498041,0.04863374437698079,-2254.9845838986967,5,True,,final_comparisons,291,-2254.9845838986967,2254.9845838986967,qrng,20
W,qrng_n22,cpu_vs_upmem,quest32_p8,upmem_d64_t24_static_dag_waves_v1_1_f32,job_to_state_s,0.03458431371419975,0.03226008075609701,0.03610422306018434,-2791.484296215531,5,True,,final_comparisons,292,-2791.484296215531,2791.484296215531,qrng,22
W,qrng_n22,cpu_vs_upmem,quest32_p8,upmem_d64_t24_static_dag_waves_v1_1_f32,prepared_call_s,0.03498943184217542,0.03263759681247221,0.03652909552198841,-2758.0058244747606,5,True,,final_comparisons,293,-2758.0058244747606,2758.0058244747606,qrng,22
W,qrng_n24,cpu_vs_upmem,quest32_p8,upmem_d64_t24_static_dag_waves_v1_1_f32,job_to_state_s,0.037201064112773394,0.03684030308638487,0.037988520750707445,-2588.09514955955,5,True,,final_comparisons,294,-2588.09514955955,2588.09514955955,qrng,24
W,qrng_n24,cpu_vs_upmem,quest32_p8,upmem_d64_t24_static_dag_waves_v1_1_f32,prepared_call_s,0.03735045735986931,0.0369882275232405,0.03814397966344428,-2577.34338662861,5,True,,final_comparisons,295,-2577.34338662861,2577.34338662861,qrng,24
W,xor_n08,cpu_vs_upmem,quest32_p8,upmem_d64_t24_static_dag_waves_v1_1_f32,job_to_state_s,0.04389837208729747,0.041022075931935256,0.15166395010665135,-2177.9888010684617,5,True,,final_comparisons,296,-2177.9888010684617,2177.9888010684617,xor,8
W,xor_n08,cpu_vs_upmem,quest32_p8,upmem_d64_t24_static_dag_waves_v1_1_f32,prepared_call_s,0.0466116536288666,0.04355156565576447,0.16172567693575962,-2045.3862331558646,5,True,,final_comparisons,297,-2045.3862331558646,2045.3862331558646,xor,8
W,xor_n08,cpu_vs_upmem,quest32_p1,upmem_d64_t24_static_dag_waves_v1_1_f32,job_to_state_s,0.0009564872279117033,0.0009148127206574934,0.0010701505082107883,-104449.2266721949,5,True,,final_comparisons,298,-104449.2266721949,104449.2266721949,xor,8
W,xor_n08,cpu_vs_upmem,quest32_p1,upmem_d64_t24_static_dag_waves_v1_1_f32,prepared_call_s,0.000926205164484719,0.0008820790354383346,0.001044882382574476,-107867.43943404112,5,True,,final_comparisons,299,-107867.43943404112,107867.43943404112,xor,8
W,xor_n08,cpu_vs_upmem,numpy_p1,upmem_d64_t24_static_dag_waves_v1_1_f32,job_to_state_s,0.02678211418785659,0.02589306154425554,0.0291396336175483,-3633.8351744217975,5,True,,final_comparisons,300,-3633.8351744217975,3633.8351744217975,xor,8
W,xor_n08,cpu_vs_upmem,numpy_p1,upmem_d64_t24_static_dag_waves_v1_1_f32,prepared_call_s,0.02020080767247338,0.01950324923719007,0.022011741959379823,-4850.297117885289,5,True,,final_comparisons,301,-4850.297117885289,4850.297117885289,xor,8
W,xor_n12,cpu_vs_upmem,quest32_p8,upmem_d64_t24_static_dag_waves_v1_1_f32,job_to_state_s,0.030299250870532236,0.028536015972652467,0.09001229057743557,-3200.411631538249,5,True,,final_comparisons,302,-3200.411631538249,3200.411631538249,xor,12
W,xor_n12,cpu_vs_upmem,quest32_p8,upmem_d64_t24_static_dag_waves_v1_1_f32,prepared_call_s,0.032833947928702034,0.030787725766428402,0.09787551513595119,-2945.628269166629,5,True,,final_comparisons,303,-2945.628269166629,2945.628269166629,xor,12
W,xor_n12,cpu_vs_upmem,quest32_p1,upmem_d64_t24_static_dag_waves_v1_1_f32,job_to_state_s,0.00131348535808353,0.001260236458783132,0.0013466320515683969,-76033.31917601824,5,True,,final_comparisons,304,-76033.31917601824,76033.31917601824,xor,12
W,xor_n12,cpu_vs_upmem,quest32_p1,upmem_d64_t24_static_dag_waves_v1_1_f32,prepared_call_s,0.0013515848337037715,0.0012917991986280788,0.0013867758356978684,-73887.21671503835,5,True,,final_comparisons,305,-73887.21671503835,73887.21671503835,xor,12
W,xor_n12,cpu_vs_upmem,numpy_p1,upmem_d64_t24_static_dag_waves_v1_1_f32,job_to_state_s,0.02886295794129098,0.02773921811850005,0.029425626218421562,-3364.648363601752,5,True,,final_comparisons,306,-3364.648363601752,3364.648363601752,xor,12
W,xor_n12,cpu_vs_upmem,numpy_p1,upmem_d64_t24_static_dag_waves_v1_1_f32,prepared_call_s,0.02256445794569246,0.021492032933098572,0.023013391255047828,-4331.748382375386,5,True,,final_comparisons,307,-4331.748382375386,4331.748382375386,xor,12
W,xor_n16,cpu_vs_upmem,quest32_p8,upmem_d64_t24_static_dag_waves_v1_1_f32,job_to_state_s,0.02191977557462368,0.020254989788566182,0.06587766804171935,-4462.090504054661,5,True,,final_comparisons,308,-4462.090504054661,4462.090504054661,xor,16
W,xor_n16,cpu_vs_upmem,quest32_p8,upmem_d64_t24_static_dag_waves_v1_1_f32,prepared_call_s,0.0241438985351086,0.02212367424609575,0.07325028347731816,-4041.833178042313,5,True,,final_comparisons,309,-4041.833178042313,4041.833178042313,xor,16
W,xor_n16,cpu_vs_upmem,quest32_p1,upmem_d64_t24_static_dag_waves_v1_1_f32,job_to_state_s,0.006661913115478273,0.006172169579615852,0.007206556666801674,-14910.703121849525,5,True,,final_comparisons,310,-14910.703121849525,14910.703121849525,xor,16
W,xor_n16,cpu_vs_upmem,quest32_p1,upmem_d64_t24_static_dag_waves_v1_1_f32,prepared_call_s,0.007304805047590787,0.006711244890623782,0.007966923230243207,-13589.619277790473,5,True,,final_comparisons,311,-13589.619277790473,13589.619277790473,xor,16
W,xor_n16,cpu_vs_upmem,numpy_p1,upmem_d64_t24_static_dag_waves_v1_1_f32,job_to_state_s,0.029559542976320467,0.02731452423414391,0.03153727041349247,-3283.002236540258,5,True,,final_comparisons,312,-3283.002236540258,3283.002236540258,xor,16
W,xor_n16,cpu_vs_upmem,numpy_p1,upmem_d64_t24_static_dag_waves_v1_1_f32,prepared_call_s,0.02518141059047413,0.022780487879371848,0.027193120287934937,-3871.1834109018887,5,True,,final_comparisons,313,-3871.1834109018887,3871.1834109018887,xor,16
W,xor_n18,cpu_vs_upmem,quest32_p8,upmem_d64_t24_static_dag_waves_v1_1_f32,job_to_state_s,0.011833386541855034,0.011469975630406436,0.013639166186136949,-8350.666226975438,5,True,,final_comparisons,314,-8350.666226975438,8350.666226975438,xor,18
W,xor_n18,cpu_vs_upmem,quest32_p8,upmem_d64_t24_static_dag_waves_v1_1_f32,prepared_call_s,0.012749545606136892,0.012361094026792351,0.014695331065834151,-7743.416784349225,5,True,,final_comparisons,315,-7743.416784349225,7743.416784349225,xor,18
W,xor_n18,cpu_vs_upmem,quest32_p1,upmem_d64_t24_static_dag_waves_v1_1_f32,job_to_state_s,0.013650233921994945,0.013562499224866431,0.01482556445560856,-7225.881781327398,5,True,,final_comparisons,316,-7225.881781327398,7225.881781327398,xor,18
W,xor_n18,cpu_vs_upmem,quest32_p1,upmem_d64_t24_static_dag_waves_v1_1_f32,prepared_call_s,0.014716672047097751,0.014617328440312882,0.016095961784084727,-6695.01450327697,5,True,,final_comparisons,317,-6695.01450327697,6695.01450327697,xor,18
W,xor_n18,cpu_vs_upmem,numpy_p1,upmem_d64_t24_static_dag_waves_v1_1_f32,job_to_state_s,0.03470264433861502,0.034175780810854366,0.03788537732343385,-2781.6247841011354,5,True,,final_comparisons,318,-2781.6247841011354,2781.6247841011354,xor,18
W,xor_n18,cpu_vs_upmem,numpy_p1,upmem_d64_t24_static_dag_waves_v1_1_f32,prepared_call_s,0.03359122382012024,0.033045579479241916,0.036959285750054985,-2876.968047829883,5,True,,final_comparisons,319,-2876.968047829883,2876.968047829883,xor,18
W,xor_n20,cpu_vs_upmem,quest32_p8,upmem_d64_t24_static_dag_waves_v1_1_f32,job_to_state_s,0.013052849171578968,0.007715354324142111,0.015188751529737381,-7561.162607910781,5,True,,final_comparisons,320,-7561.162607910781,7561.162607910781,xor,20
W,xor_n20,cpu_vs_upmem,quest32_p8,upmem_d64_t24_static_dag_waves_v1_1_f32,prepared_call_s,0.013708174507070256,0.008101385520139571,0.015973379402941357,-7194.917346465284,5,True,,final_comparisons,321,-7194.917346465284,7194.917346465284,xor,20
W,xor_n22,cpu_vs_upmem,quest32_p8,upmem_d64_t24_static_dag_waves_v1_1_f32,job_to_state_s,0.010218276373009705,0.009802088724470727,0.01039348212656377,-9686.386309156547,5,True,,final_comparisons,322,-9686.386309156547,9686.386309156547,xor,22
W,xor_n22,cpu_vs_upmem,quest32_p8,upmem_d64_t24_static_dag_waves_v1_1_f32,prepared_call_s,0.010551954385933513,0.01012461958973861,0.010727332806133307,-9376.917388242971,5,True,,final_comparisons,323,-9376.917388242971,9376.917388242971,xor,22
W,xor_n24,cpu_vs_upmem,quest32_p8,upmem_d64_t24_static_dag_waves_v1_1_f32,job_to_state_s,0.011397445903066556,0.01137288907910013,0.011490209588645389,-8673.895559626597,5,True,,final_comparisons,324,-8673.895559626597,8673.895559626597,xor,24
W,xor_n24,cpu_vs_upmem,quest32_p8,upmem_d64_t24_static_dag_waves_v1_1_f32,prepared_call_s,0.011672066757136093,0.01164647189378915,0.011770023142664645,-8467.462993549261,5,True,,final_comparisons,325,-8467.462993549261,8467.462993549261,xor,24
D,hs_n18,dpu_scaling,upmem_d1_t8_static_dag_waves_v1_1_f32,upmem_d1_t8_static_dag_waves_v1_1_f32,job_to_state_s,1.0,1.0,1.0,0.0,5,True,1.0,final_comparisons,326,0.0,0.0,hs,18
D,hs_n18,dpu_scaling,upmem_d1_t8_static_dag_waves_v1_1_f32,upmem_d1_t8_static_dag_waves_v1_1_f32,prepared_call_s,1.0,1.0,1.0,0.0,5,True,1.0,final_comparisons,327,0.0,0.0,hs,18
D,hs_n18,dpu_scaling,upmem_d1_t8_static_dag_waves_v1_1_f32,upmem_d1_t8_static_dag_waves_v1_1_f32,session_inclusive_s,1.0,1.0,1.0,0.0,5,True,1.0,final_comparisons,328,0.0,0.0,hs,18
D,hs_n18,dpu_scaling,upmem_d1_t24_static_dag_waves_v1_1_f32,upmem_d1_t24_static_dag_waves_v1_1_f32,job_to_state_s,1.0,1.0,1.0,0.0,5,True,1.0,final_comparisons,329,0.0,0.0,hs,18
D,hs_n18,dpu_scaling,upmem_d1_t24_static_dag_waves_v1_1_f32,upmem_d1_t24_static_dag_waves_v1_1_f32,prepared_call_s,1.0,1.0,1.0,0.0,5,True,1.0,final_comparisons,330,0.0,0.0,hs,18
D,hs_n18,dpu_scaling,upmem_d1_t24_static_dag_waves_v1_1_f32,upmem_d1_t24_static_dag_waves_v1_1_f32,session_inclusive_s,1.0,1.0,1.0,0.0,5,True,1.0,final_comparisons,331,0.0,0.0,hs,18
D,hs_n18,dpu_scaling,upmem_d1_t8_static_dag_waves_v1_1_f32,upmem_d2_t8_static_dag_waves_v1_1_f32,job_to_state_s,1.1815822194607648,1.1732497863180558,1.1983175551671486,15.367717664508607,5,True,0.5907911097303824,final_comparisons,332,15.367717664508607,-15.367717664508607,hs,18
D,hs_n18,dpu_scaling,upmem_d1_t8_static_dag_waves_v1_1_f32,upmem_d2_t8_static_dag_waves_v1_1_f32,prepared_call_s,1.2189097784202911,1.2130692737243354,1.2409077349549915,17.959473481622123,5,True,0.6094548892101456,final_comparisons,333,17.959473481622123,-17.959473481622123,hs,18
D,hs_n18,dpu_scaling,upmem_d1_t8_static_dag_waves_v1_1_f32,upmem_d2_t8_static_dag_waves_v1_1_f32,session_inclusive_s,1.2307493711081168,1.2246419915351596,1.254561666794696,18.74868893090389,5,True,0.6153746855540584,final_comparisons,334,18.74868893090389,-18.74868893090389,hs,18
D,hs_n18,dpu_scaling,upmem_d1_t24_static_dag_waves_v1_1_f32,upmem_d2_t24_static_dag_waves_v1_1_f32,job_to_state_s,1.1593576364733684,1.1532788455679037,1.1730990253649978,13.74533892389892,5,True,0.5796788182366842,final_comparisons,335,13.74533892389892,-13.74533892389892,hs,18
D,hs_n18,dpu_scaling,upmem_d1_t24_static_dag_waves_v1_1_f32,upmem_d2_t24_static_dag_waves_v1_1_f32,prepared_call_s,1.1920593486443316,1.1859807290228868,1.212274992171771,16.11155928291246,5,True,0.5960296743221658,final_comparisons,336,16.11155928291246,-16.11155928291246,hs,18
D,hs_n18,dpu_scaling,upmem_d1_t24_static_dag_waves_v1_1_f32,upmem_d2_t24_static_dag_waves_v1_1_f32,session_inclusive_s,1.2031796121088543,1.1965842070468629,1.2242636733835301,16.88688954367622,5,True,0.6015898060544271,final_comparisons,337,16.88688954367622,-16.88688954367622,hs,18
D,hs_n18,dpu_scaling,upmem_d1_t8_static_dag_waves_v1_1_f32,upmem_d4_t8_static_dag_waves_v1_1_f32,job_to_state_s,1.2977719333628668,1.268096275388242,1.3116459617476166,22.94485846918124,5,True,0.3244429833407167,final_comparisons,338,22.94485846918124,-22.94485846918124,hs,18
D,hs_n18,dpu_scaling,upmem_d1_t8_static_dag_waves_v1_1_f32,upmem_d4_t8_static_dag_waves_v1_1_f32,prepared_call_s,1.372090119245401,1.3347127082010852,1.3857896591665155,27.11848981538012,5,True,0.34302252981135023,final_comparisons,339,27.11848981538012,-27.11848981538012,hs,18
D,hs_n18,dpu_scaling,upmem_d1_t8_static_dag_waves_v1_1_f32,upmem_d4_t8_static_dag_waves_v1_1_f32,session_inclusive_s,1.3950353235872708,1.356232865883798,1.4104900541140226,28.31722730657853,5,True,0.3487588308968177,final_comparisons,340,28.31722730657853,-28.31722730657853,hs,18
D,hs_n18,dpu_scaling,upmem_d1_t24_static_dag_waves_v1_1_f32,upmem_d4_t24_static_dag_waves_v1_1_f32,job_to_state_s,1.2677032338379741,1.1909878994051368,1.2814531645465335,21.117184739483708,5,True,0.31692580845949353,final_comparisons,341,21.117184739483708,-21.117184739483708,hs,18
D,hs_n18,dpu_scaling,upmem_d1_t24_static_dag_waves_v1_1_f32,upmem_d4_t24_static_dag_waves_v1_1_f32,prepared_call_s,1.3372526248222671,1.234811886889064,1.3518173517917778,25.219814009869,5,True,0.3343131562055668,final_comparisons,342,25.219814009869,-25.219814009869,hs,18
D,hs_n18,dpu_scaling,upmem_d1_t24_static_dag_waves_v1_1_f32,upmem_d4_t24_static_dag_waves_v1_1_f32,session_inclusive_s,1.3585490108270322,1.2486023713886916,1.3748375257106424,26.39205563947681,5,True,0.33963725270675804,final_comparisons,343,26.39205563947681,-26.39205563947681,hs,18
D,hs_n18,dpu_scaling,upmem_d1_t8_static_dag_waves_v1_1_f32,upmem_d8_t8_static_dag_waves_v1_1_f32,job_to_state_s,1.297921878263537,1.245146743995717,1.3037526350268407,22.953760411383207,5,True,0.16224023478294214,final_comparisons,344,22.953760411383207,-22.953760411383207,hs,18
D,hs_n18,dpu_scaling,upmem_d1_t8_static_dag_waves_v1_1_f32,upmem_d8_t8_static_dag_waves_v1_1_f32,prepared_call_s,1.364420084218731,1.2997871858135543,1.3720969439187745,26.708789208962614,5,True,0.17055251052734138,final_comparisons,345,26.708789208962614,-26.708789208962614,hs,18
D,hs_n18,dpu_scaling,upmem_d1_t8_static_dag_waves_v1_1_f32,upmem_d8_t8_static_dag_waves_v1_1_f32,session_inclusive_s,1.3873073425660323,1.318408583380464,1.395709125189546,27.91791917208839,5,True,0.17341341782075403,final_comparisons,346,27.91791917208839,-27.91791917208839,hs,18
D,hs_n18,dpu_scaling,upmem_d1_t24_static_dag_waves_v1_1_f32,upmem_d8_t24_static_dag_waves_v1_1_f32,job_to_state_s,1.2586158956908586,1.2444567813201541,1.269358636469599,20.54764257914472,5,True,0.15732698696135733,final_comparisons,347,20.54764257914472,-20.54764257914472,hs,18
D,hs_n18,dpu_scaling,upmem_d1_t24_static_dag_waves_v1_1_f32,upmem_d8_t24_static_dag_waves_v1_1_f32,prepared_call_s,1.3160344998834297,1.298352668273635,1.3311187593924838,24.014150078240583,5,True,0.1645043124854287,final_comparisons,348,24.014150078240583,-24.014150078240583,hs,18
D,hs_n18,dpu_scaling,upmem_d1_t24_static_dag_waves_v1_1_f32,upmem_d8_t24_static_dag_waves_v1_1_f32,session_inclusive_s,1.3356601071978051,1.3168524643148556,1.3523498968906245,25.130653029835194,5,True,0.16695751339972564,final_comparisons,349,25.130653029835194,-25.130653029835194,hs,18
D,hs_n18,dpu_scaling,upmem_d1_t8_static_dag_waves_v1_1_f32,upmem_d16_t8_static_dag_waves_v1_1_f32,job_to_state_s,1.2667753298062954,1.2573936428853254,1.2731662439757625,21.05940363135177,5,True,0.07917345811289346,final_comparisons,350,21.05940363135177,-21.05940363135177,hs,18
D,hs_n18,dpu_scaling,upmem_d1_t8_static_dag_waves_v1_1_f32,upmem_d16_t8_static_dag_waves_v1_1_f32,prepared_call_s,1.3246605367427184,1.315972822232637,1.3390418513763114,24.50896118193755,5,True,0.0827912835464199,final_comparisons,351,24.50896118193755,-24.50896118193755,hs,18
D,hs_n18,dpu_scaling,upmem_d1_t8_static_dag_waves_v1_1_f32,upmem_d16_t8_static_dag_waves_v1_1_f32,session_inclusive_s,1.345857481448161,1.3360672348854075,1.3610888470087015,25.697927619796236,5,True,0.08411609259051006,final_comparisons,352,25.697927619796236,-25.697927619796236,hs,18
D,hs_n18,dpu_scaling,upmem_d1_t24_static_dag_waves_v1_1_f32,upmem_d16_t24_static_dag_waves_v1_1_f32,job_to_state_s,1.2442238929290446,1.237127068906632,1.2556296439782666,19.628613010646646,5,True,0.07776399330806529,final_comparisons,353,19.628613010646646,-19.628613010646646,hs,18
D,hs_n18,dpu_scaling,upmem_d1_t24_static_dag_waves_v1_1_f32,upmem_d16_t24_static_dag_waves_v1_1_f32,prepared_call_s,1.3004349758693354,1.2917180310701293,1.3169315907254109,23.102652684998404,5,True,0.08127718599183346,final_comparisons,354,23.102652684998404,-23.102652684998404,hs,18
D,hs_n18,dpu_scaling,upmem_d1_t24_static_dag_waves_v1_1_f32,upmem_d16_t24_static_dag_waves_v1_1_f32,session_inclusive_s,1.320662626257477,1.311285257957501,1.3385232107952694,24.280434675900374,5,True,0.08254141414109231,final_comparisons,355,24.280434675900374,-24.280434675900374,hs,18
D,hs_n18,dpu_scaling,upmem_d1_t8_static_dag_waves_v1_1_f32,upmem_d32_t8_static_dag_waves_v1_1_f32,job_to_state_s,1.2148750418889813,1.207072949850606,1.2251909880760363,17.68700767404663,5,True,0.037964845059030666,final_comparisons,356,17.68700767404663,-17.68700767404663,hs,18
D,hs_n18,dpu_scaling,upmem_d1_t8_static_dag_waves_v1_1_f32,upmem_d32_t8_static_dag_waves_v1_1_f32,prepared_call_s,1.2561405190908603,1.2452662113497903,1.2705361312986798,20.391072113193488,5,True,0.039254391221589385,final_comparisons,357,20.391072113193488,-20.391072113193488,hs,18
D,hs_n18,dpu_scaling,upmem_d1_t8_static_dag_waves_v1_1_f32,upmem_d32_t8_static_dag_waves_v1_1_f32,session_inclusive_s,1.2726145848624146,1.2615431695981754,1.2889930772086382,21.421614061722206,5,True,0.03976920577695046,final_comparisons,358,21.421614061722206,-21.421614061722206,hs,18
D,hs_n18,dpu_scaling,upmem_d1_t24_static_dag_waves_v1_1_f32,upmem_d32_t24_static_dag_waves_v1_1_f32,job_to_state_s,1.176352376877409,1.1699377692080322,1.192954187450671,14.991458371132882,5,True,0.03676101177741903,final_comparisons,359,14.991458371132882,-14.991458371132882,hs,18
D,hs_n18,dpu_scaling,upmem_d1_t24_static_dag_waves_v1_1_f32,upmem_d32_t24_static_dag_waves_v1_1_f32,prepared_call_s,1.2144088303195575,1.2019722124944936,1.2308078780381957,17.655407714973403,5,True,0.03795027594748617,final_comparisons,360,17.655407714973403,-17.655407714973403,hs,18
D,hs_n18,dpu_scaling,upmem_d1_t24_static_dag_waves_v1_1_f32,upmem_d32_t24_static_dag_waves_v1_1_f32,session_inclusive_s,1.2294912458098297,1.2157334132167446,1.2462207012106037,18.665545329578215,5,True,0.03842160143155718,final_comparisons,361,18.665545329578215,-18.665545329578215,hs,18
D,hs_n18,dpu_scaling,upmem_d1_t8_static_dag_waves_v1_1_f32,upmem_d64_t8_static_dag_waves_v1_1_f32,job_to_state_s,1.1145419723394108,1.1042086721086655,1.1218434014120349,10.277044308971917,5,True,0.017414718317803293,final_comparisons,362,10.277044308971917,-10.277044308971917,hs,18
D,hs_n18,dpu_scaling,upmem_d1_t8_static_dag_waves_v1_1_f32,upmem_d64_t8_static_dag_waves_v1_1_f32,prepared_call_s,1.1295782327559136,1.1201713958393507,1.1378274626100684,11.471381883818022,5,True,0.01764965988681115,final_comparisons,363,11.471381883818022,-11.471381883818022,hs,18
D,hs_n18,dpu_scaling,upmem_d1_t8_static_dag_waves_v1_1_f32,upmem_d64_t8_static_dag_waves_v1_1_f32,session_inclusive_s,1.138916981262136,1.128606340170248,1.1474621985894216,12.197287734544936,5,True,0.017795577832220875,final_comparisons,364,12.197287734544936,-12.197287734544936,hs,18
D,hs_n18,dpu_scaling,upmem_d1_t24_static_dag_waves_v1_1_f32,upmem_d64_t24_static_dag_waves_v1_1_f32,job_to_state_s,1.087043591404161,1.0791286615187068,1.1708592773011077,8.007368986162245,5,True,0.016985056115690015,final_comparisons,365,8.007368986162245,-8.007368986162245,hs,18
D,hs_n18,dpu_scaling,upmem_d1_t24_static_dag_waves_v1_1_f32,upmem_d64_t24_static_dag_waves_v1_1_f32,prepared_call_s,1.0971628576926713,1.0895874394160432,1.2073426704352646,8.855828194640525,5,True,0.01714316965144799,final_comparisons,366,8.855828194640525,-8.855828194640525,hs,18
D,hs_n18,dpu_scaling,upmem_d1_t24_static_dag_waves_v1_1_f32,upmem_d64_t24_static_dag_waves_v1_1_f32,session_inclusive_s,1.1047324702400616,1.0968231183859098,1.2231534801893538,9.480346876859969,5,True,0.017261444847500963,final_comparisons,367,9.480346876859969,-9.480346876859969,hs,18
D,stress_n16_l2,dpu_scaling,upmem_d1_t8_static_dag_waves_v1_1_f32,upmem_d1_t8_static_dag_waves_v1_1_f32,job_to_state_s,1.0,1.0,1.0,0.0,5,True,1.0,final_comparisons,368,0.0,0.0,stress,16
D,stress_n16_l2,dpu_scaling,upmem_d1_t8_static_dag_waves_v1_1_f32,upmem_d1_t8_static_dag_waves_v1_1_f32,prepared_call_s,1.0,1.0,1.0,0.0,5,True,1.0,final_comparisons,369,0.0,0.0,stress,16
D,stress_n16_l2,dpu_scaling,upmem_d1_t8_static_dag_waves_v1_1_f32,upmem_d1_t8_static_dag_waves_v1_1_f32,session_inclusive_s,1.0,1.0,1.0,0.0,5,True,1.0,final_comparisons,370,0.0,0.0,stress,16
D,stress_n16_l2,dpu_scaling,upmem_d1_t24_static_dag_waves_v1_1_f32,upmem_d1_t24_static_dag_waves_v1_1_f32,job_to_state_s,1.0,1.0,1.0,0.0,5,True,1.0,final_comparisons,371,0.0,0.0,stress,16
D,stress_n16_l2,dpu_scaling,upmem_d1_t24_static_dag_waves_v1_1_f32,upmem_d1_t24_static_dag_waves_v1_1_f32,prepared_call_s,1.0,1.0,1.0,0.0,5,True,1.0,final_comparisons,372,0.0,0.0,stress,16
D,stress_n16_l2,dpu_scaling,upmem_d1_t24_static_dag_waves_v1_1_f32,upmem_d1_t24_static_dag_waves_v1_1_f32,session_inclusive_s,1.0,1.0,1.0,0.0,5,True,1.0,final_comparisons,373,0.0,0.0,stress,16
D,stress_n16_l2,dpu_scaling,upmem_d1_t8_static_dag_waves_v1_1_f32,upmem_d2_t8_static_dag_waves_v1_1_f32,job_to_state_s,1.2392190611215903,1.2233128844680072,1.2621963575475783,19.304017233650228,5,True,0.6196095305607952,final_comparisons,374,19.304017233650228,-19.304017233650228,stress,16
D,stress_n16_l2,dpu_scaling,upmem_d1_t8_static_dag_waves_v1_1_f32,upmem_d2_t8_static_dag_waves_v1_1_f32,prepared_call_s,1.2787758366448343,1.2609535858460166,1.3029796333492436,21.800211472267694,5,True,0.6393879183224171,final_comparisons,375,21.800211472267694,-21.800211472267694,stress,16
D,stress_n16_l2,dpu_scaling,upmem_d1_t8_static_dag_waves_v1_1_f32,upmem_d2_t8_static_dag_waves_v1_1_f32,session_inclusive_s,1.2866541777021587,1.2689417635285758,1.313499440767402,22.27903835155579,5,True,0.6433270888510794,final_comparisons,376,22.27903835155579,-22.27903835155579,stress,16
D,stress_n16_l2,dpu_scaling,upmem_d1_t24_static_dag_waves_v1_1_f32,upmem_d2_t24_static_dag_waves_v1_1_f32,job_to_state_s,1.2221439167543124,1.2021727824471176,1.251583135048597,18.176575909674153,5,True,0.6110719583771562,final_comparisons,377,18.176575909674153,-18.176575909674153,stress,16
D,stress_n16_l2,dpu_scaling,upmem_d1_t24_static_dag_waves_v1_1_f32,upmem_d2_t24_static_dag_waves_v1_1_f32,prepared_call_s,1.2648628248235347,1.2403055746391272,1.2998836939777014,20.940043428067913,5,True,0.6324314124117674,final_comparisons,378,20.940043428067913,-20.940043428067913,stress,16
D,stress_n16_l2,dpu_scaling,upmem_d1_t24_static_dag_waves_v1_1_f32,upmem_d2_t24_static_dag_waves_v1_1_f32,session_inclusive_s,1.2733285298159336,1.248104172160933,1.3099675521434995,21.465672323814555,5,True,0.6366642649079668,final_comparisons,379,21.465672323814555,-21.465672323814555,stress,16
D,stress_n16_l2,dpu_scaling,upmem_d1_t8_static_dag_waves_v1_1_f32,upmem_d4_t8_static_dag_waves_v1_1_f32,job_to_state_s,1.4068513523248432,1.3958321304015309,1.4313577920492375,28.919285015614136,5,True,0.3517128380812108,final_comparisons,380,28.919285015614136,-28.919285015614136,stress,16
D,stress_n16_l2,dpu_scaling,upmem_d1_t8_static_dag_waves_v1_1_f32,upmem_d4_t8_static_dag_waves_v1_1_f32,prepared_call_s,1.4844976899249829,1.4704325842652581,1.517966854160476,32.63714677450703,5,True,0.3711244224812457,final_comparisons,381,32.63714677450703,-32.63714677450703,stress,16
D,stress_n16_l2,dpu_scaling,upmem_d1_t8_static_dag_waves_v1_1_f32,upmem_d4_t8_static_dag_waves_v1_1_f32,session_inclusive_s,1.501777941119919,1.4871642299488668,1.5360948379827946,33.41225938807762,5,True,0.37544448527997976,final_comparisons,382,33.41225938807762,-33.41225938807762,stress,16
D,stress_n16_l2,dpu_scaling,upmem_d1_t24_static_dag_waves_v1_1_f32,upmem_d4_t24_static_dag_waves_v1_1_f32,job_to_state_s,1.3503101685829193,1.347885438343084,1.3803958832188892,25.94294086895248,5,True,0.3375775421457298,final_comparisons,383,25.94294086895248,-25.94294086895248,stress,16
D,stress_n16_l2,dpu_scaling,upmem_d1_t24_static_dag_waves_v1_1_f32,upmem_d4_t24_static_dag_waves_v1_1_f32,prepared_call_s,1.424617223927148,1.4191431009329554,1.4630733226438724,29.805706178157365,5,True,0.356154305981787,final_comparisons,384,29.805706178157365,-29.805706178157365,stress,16
D,stress_n16_l2,dpu_scaling,upmem_d1_t24_static_dag_waves_v1_1_f32,upmem_d4_t24_static_dag_waves_v1_1_f32,session_inclusive_s,1.4400303680626905,1.4340346375400355,1.4800039790733488,30.557020033867378,5,True,0.3600075920156726,final_comparisons,385,30.557020033867378,-30.557020033867378,stress,16
D,stress_n16_l2,dpu_scaling,upmem_d1_t8_static_dag_waves_v1_1_f32,upmem_d8_t8_static_dag_waves_v1_1_f32,job_to_state_s,1.4820049282896637,1.4731470687857153,1.4978689511844672,32.52384112149551,5,True,0.18525061603620796,final_comparisons,386,32.52384112149551,-32.52384112149551,stress,16
D,stress_n16_l2,dpu_scaling,upmem_d1_t8_static_dag_waves_v1_1_f32,upmem_d8_t8_static_dag_waves_v1_1_f32,prepared_call_s,1.584099579387085,1.567794160400348,1.6009228533571778,36.87265541810717,5,True,0.1980124474233856,final_comparisons,387,36.87265541810717,-36.87265541810717,stress,16
D,stress_n16_l2,dpu_scaling,upmem_d1_t8_static_dag_waves_v1_1_f32,upmem_d8_t8_static_dag_waves_v1_1_f32,session_inclusive_s,1.6063519486317677,1.5881460853246316,1.623498055394181,37.747141848225496,5,True,0.20079399357897096,final_comparisons,388,37.747141848225496,-37.747141848225496,stress,16
D,stress_n16_l2,dpu_scaling,upmem_d1_t24_static_dag_waves_v1_1_f32,upmem_d8_t24_static_dag_waves_v1_1_f32,job_to_state_s,1.412099013051389,1.3898439343462226,1.4614286987454328,29.18343609354197,5,True,0.17651237663142363,final_comparisons,389,29.18343609354197,-29.18343609354197,stress,16
D,stress_n16_l2,dpu_scaling,upmem_d1_t24_static_dag_waves_v1_1_f32,upmem_d8_t24_static_dag_waves_v1_1_f32,prepared_call_s,1.5022295272822015,1.4787537771573962,1.5662687094997243,33.43227637063049,5,True,0.1877786909102752,final_comparisons,390,33.43227637063049,-33.43227637063049,stress,16
D,stress_n16_l2,dpu_scaling,upmem_d1_t24_static_dag_waves_v1_1_f32,upmem_d8_t24_static_dag_waves_v1_1_f32,session_inclusive_s,1.5226109026849748,1.4976382208652015,1.5885380144868002,34.32333905946698,5,True,0.19032636283562185,final_comparisons,391,34.32333905946698,-34.32333905946698,stress,16
D,stress_n16_l2,dpu_scaling,upmem_d1_t8_static_dag_waves_v1_1_f32,upmem_d16_t8_static_dag_waves_v1_1_f32,job_to_state_s,1.6493365827726476,1.6177680179662732,1.67044084097337,39.369561650119245,5,True,0.10308353642329048,final_comparisons,392,39.369561650119245,-39.369561650119245,stress,16
D,stress_n16_l2,dpu_scaling,upmem_d1_t8_static_dag_waves_v1_1_f32,upmem_d16_t8_static_dag_waves_v1_1_f32,prepared_call_s,1.8024723876464608,1.7595573658362988,1.8319933093971068,44.520648035794416,5,True,0.1126545242279038,final_comparisons,393,44.520648035794416,-44.520648035794416,stress,16
D,stress_n16_l2,dpu_scaling,upmem_d1_t8_static_dag_waves_v1_1_f32,upmem_d16_t8_static_dag_waves_v1_1_f32,session_inclusive_s,1.8391809184875054,1.7951480297204119,1.87068511886682,45.62797004101293,5,True,0.11494880740546909,final_comparisons,394,45.62797004101293,-45.62797004101293,stress,16
D,stress_n16_l2,dpu_scaling,upmem_d1_t24_static_dag_waves_v1_1_f32,upmem_d16_t24_static_dag_waves_v1_1_f32,job_to_state_s,1.5449619210562646,1.5089650965963814,1.5793845926481689,35.273485619871025,5,True,0.09656012006601654,final_comparisons,395,35.273485619871025,-35.273485619871025,stress,16
D,stress_n16_l2,dpu_scaling,upmem_d1_t24_static_dag_waves_v1_1_f32,upmem_d16_t24_static_dag_waves_v1_1_f32,prepared_call_s,1.6808871798519949,1.6394979379816617,1.7262610264083877,40.507607411935176,5,True,0.10505544874074968,final_comparisons,396,40.507607411935176,-40.507607411935176,stress,16
D,stress_n16_l2,dpu_scaling,upmem_d1_t24_static_dag_waves_v1_1_f32,upmem_d16_t24_static_dag_waves_v1_1_f32,session_inclusive_s,1.7132669523886008,1.6699033231289941,1.7608253013172648,41.63197984961883,5,True,0.10707918452428755,final_comparisons,397,41.63197984961883,-41.63197984961883,stress,16
D,stress_n16_l2,dpu_scaling,upmem_d1_t8_static_dag_waves_v1_1_f32,upmem_d32_t8_static_dag_waves_v1_1_f32,job_to_state_s,1.585423716447249,1.560656397300562,1.5949340484814831,36.92537902480202,5,True,0.049544491138976535,final_comparisons,398,36.92537902480202,-36.92537902480202,stress,16
D,stress_n16_l2,dpu_scaling,upmem_d1_t8_static_dag_waves_v1_1_f32,upmem_d32_t8_static_dag_waves_v1_1_f32,prepared_call_s,1.714490930460955,1.682918536844906,1.7244107972011053,41.6736488812372,5,True,0.053577841576904844,final_comparisons,399,41.6736488812372,-41.6736488812372,stress,16
D,stress_n16_l2,dpu_scaling,upmem_d1_t8_static_dag_waves_v1_1_f32,upmem_d32_t8_static_dag_waves_v1_1_f32,session_inclusive_s,1.7468498090156988,1.7150285598095107,1.7584081576165753,42.75409397883656,5,True,0.054589056531740586,final_comparisons,400,42.75409397883656,-42.75409397883656,stress,16
D,stress_n16_l2,dpu_scaling,upmem_d1_t24_static_dag_waves_v1_1_f32,upmem_d32_t24_static_dag_waves_v1_1_f32,job_to_state_s,1.4707536380676287,1.4597967835543673,1.504463114564624,32.0076473641184,5,True,0.0459610511896134,final_comparisons,401,32.0076473641184,-32.0076473641184,stress,16
D,stress_n16_l2,dpu_scaling,upmem_d1_t24_static_dag_waves_v1_1_f32,upmem_d32_t24_static_dag_waves_v1_1_f32,prepared_call_s,1.5798562054441163,1.5660840657488375,1.6226195009240398,36.70310015848005,5,True,0.049370506420128635,final_comparisons,402,36.70310015848005,-36.70310015848005,stress,16
D,stress_n16_l2,dpu_scaling,upmem_d1_t24_static_dag_waves_v1_1_f32,upmem_d32_t24_static_dag_waves_v1_1_f32,session_inclusive_s,1.6089536229967294,1.5937368415130437,1.653616352121245,37.84780457888731,5,True,0.050279800718647794,final_comparisons,403,37.84780457888731,-37.84780457888731,stress,16
D,stress_n16_l2,dpu_scaling,upmem_d1_t8_static_dag_waves_v1_1_f32,upmem_d64_t8_static_dag_waves_v1_1_f32,job_to_state_s,1.506005634013536,1.435694540282066,1.6300758725142985,33.59918599142425,5,True,0.0235313380314615,final_comparisons,404,33.59918599142425,-33.59918599142425,stress,16
D,stress_n16_l2,dpu_scaling,upmem_d1_t8_static_dag_waves_v1_1_f32,upmem_d64_t8_static_dag_waves_v1_1_f32,prepared_call_s,1.6113604497110228,1.5185263989721036,1.7696201179279716,37.9406389067488,5,True,0.02517750702673473,final_comparisons,405,37.9406389067488,-37.9406389067488,stress,16
D,stress_n16_l2,dpu_scaling,upmem_d1_t8_static_dag_waves_v1_1_f32,upmem_d64_t8_static_dag_waves_v1_1_f32,session_inclusive_s,1.6381544579889926,1.5414665054760606,1.80666603417363,38.95569522622394,5,True,0.02559616340607801,final_comparisons,406,38.95569522622394,-38.95569522622394,stress,16
D,stress_n16_l2,dpu_scaling,upmem_d1_t24_static_dag_waves_v1_1_f32,upmem_d64_t24_static_dag_waves_v1_1_f32,job_to_state_s,1.3893994413629165,1.371377596325141,1.5368070192262584,28.026457314603448,5,True,0.02170936627129557,final_comparisons,407,28.026457314603448,-28.026457314603448,stress,16
D,stress_n16_l2,dpu_scaling,upmem_d1_t24_static_dag_waves_v1_1_f32,upmem_d64_t24_static_dag_waves_v1_1_f32,prepared_call_s,1.4725239433473667,1.451461925867604,1.6684124399380202,32.08938947866729,5,True,0.023008186614802605,final_comparisons,408,32.08938947866729,-32.08938947866729,stress,16
D,stress_n16_l2,dpu_scaling,upmem_d1_t24_static_dag_waves_v1_1_f32,upmem_d64_t24_static_dag_waves_v1_1_f32,session_inclusive_s,1.4957014940300122,1.47457301890961,1.7035167209185993,33.141739578958095,5,True,0.02337033584421894,final_comparisons,409,33.141739578958095,-33.141739578958095,stress,16
A,edc_n17,tasklets,upmem_d1_t1_serial_nodes_v1_0_f32,upmem_d1_t8_serial_nodes_v1_0_f32,job_to_state_s,4.280747084563226,4.212431408993868,4.366359283821769,76.63959163562609,7,True,,final_comparisons,410,76.63959163562609,-76.63959163562609,edc,17
A,edc_n17,tasklets,upmem_d1_t1_serial_nodes_v1_0_f32,upmem_d1_t8_serial_nodes_v1_0_f32,prepared_call_s,4.343001155405693,4.272545843468176,4.431654004731266,76.9744477558955,7,True,,final_comparisons,411,76.9744477558955,-76.9744477558955,edc,17
A,edc_n17,tasklets,upmem_d1_t1_serial_nodes_v1_0_f32,upmem_d1_t8_serial_nodes_v1_0_f32,session_inclusive_s,4.399263507722171,4.3270996662637735,4.489814060867788,77.26892244020694,7,True,,final_comparisons,412,77.26892244020694,-77.26892244020694,edc,17
A,edc_n17,dpus,upmem_d1_t8_serial_nodes_v1_0_f32,upmem_d4_t8_serial_nodes_v1_0_f32,job_to_state_s,1.6010214489957821,1.5747784731019254,1.634836053878336,37.53987489504056,7,True,,final_comparisons,413,37.53987489504056,-37.53987489504056,edc,17
A,edc_n17,dpus,upmem_d1_t8_serial_nodes_v1_0_f32,upmem_d4_t8_serial_nodes_v1_0_f32,prepared_call_s,1.619367994165855,1.5920954272216128,1.654392134754328,38.247513622429885,7,True,,final_comparisons,414,38.247513622429885,-38.247513622429885,edc,17
A,edc_n17,dpus,upmem_d1_t8_serial_nodes_v1_0_f32,upmem_d4_t8_serial_nodes_v1_0_f32,session_inclusive_s,1.633568490028264,1.606058304106973,1.669590255831193,38.78432363844764,7,True,,final_comparisons,415,38.78432363844764,-38.78432363844764,edc,17
A,edc_n17,complex_fusion,upmem_d4_t8_serial_nodes_v1_0_f32,upmem_d4_t8_serial_nodes_v1_1_f32,job_to_state_s,1.5183259030095881,1.5060531200757954,1.5284332183146678,34.13798723858793,7,True,,final_comparisons,416,34.13798723858793,-34.13798723858793,edc,17
A,edc_n17,complex_fusion,upmem_d4_t8_serial_nodes_v1_0_f32,upmem_d4_t8_serial_nodes_v1_1_f32,prepared_call_s,1.5430103810467792,1.530086093684351,1.5535795957690168,35.19162202125955,7,True,,final_comparisons,417,35.19162202125955,-35.19162202125955,edc,17
A,edc_n17,complex_fusion,upmem_d4_t8_serial_nodes_v1_0_f32,upmem_d4_t8_serial_nodes_v1_1_f32,session_inclusive_s,1.5613169454825346,1.5470061741278238,1.5716925579230425,35.951505369017575,7,True,,final_comparisons,418,35.951505369017575,-35.951505369017575,edc,17
A,edc_n17,dag_concurrency,upmem_d4_t8_serial_nodes_v1_1_f32,upmem_d4_t8_static_dag_waves_v1_1_f32,job_to_state_s,0.8070373306481489,0.7988300369477048,0.8191070295996584,-23.910005401717747,7,True,,final_comparisons,419,-23.910005401717747,23.910005401717747,edc,17
A,edc_n17,dag_concurrency,upmem_d4_t8_serial_nodes_v1_1_f32,upmem_d4_t8_static_dag_waves_v1_1_f32,prepared_call_s,0.8280028168024334,0.8198731712334169,0.8411915242231337,-20.77253599954918,7,True,,final_comparisons,420,-20.77253599954918,20.77253599954918,edc,17
A,edc_n17,dag_concurrency,upmem_d4_t8_serial_nodes_v1_1_f32,upmem_d4_t8_static_dag_waves_v1_1_f32,session_inclusive_s,0.8226751449908092,0.814365922996523,0.8365501026350421,-21.554662990477482,7,True,,final_comparisons,421,-21.554662990477482,21.554662990477482,edc,17
A,edc_n17,matched_combined_executor,upmem_d1_t1_serial_nodes_v1_0_f32,upmem_d4_t8_static_dag_waves_v1_1_f32,job_to_state_s,8.397989845161165,8.3852731654888,8.478261246586696,88.09238855443259,7,True,,final_comparisons,422,88.09238855443259,-88.09238855443259,edc,17
A,edc_n17,matched_combined_executor,upmem_d1_t1_serial_nodes_v1_0_f32,upmem_d4_t8_static_dag_waves_v1_1_f32,prepared_call_s,8.98537399894642,8.971940396638752,9.077221801002082,88.87080270540486,7,True,,final_comparisons,423,88.87080270540486,-88.87080270540486,edc,17
A,edc_n17,matched_combined_executor,upmem_d1_t1_serial_nodes_v1_0_f32,upmem_d4_t8_static_dag_waves_v1_1_f32,session_inclusive_s,9.230745422189777,9.217054738000675,9.327940969282373,89.16663872458122,7,True,,final_comparisons,424,89.16663872458122,-89.16663872458122,edc,17
A,hs_n18,tasklets,upmem_d1_t1_serial_nodes_v1_0_f32,upmem_d1_t8_serial_nodes_v1_0_f32,job_to_state_s,1.8964590755310449,1.8143630112853462,2.096053233460933,47.27015136248164,7,True,,final_comparisons,425,47.27015136248164,-47.27015136248164,hs,18
A,hs_n18,tasklets,upmem_d1_t1_serial_nodes_v1_0_f32,upmem_d1_t8_serial_nodes_v1_0_f32,prepared_call_s,1.9627546176565638,1.873729535122679,2.1876410595993945,49.05119616052909,7,True,,final_comparisons,426,49.05119616052909,-49.05119616052909,hs,18
A,hs_n18,tasklets,upmem_d1_t1_serial_nodes_v1_0_f32,upmem_d1_t8_serial_nodes_v1_0_f32,session_inclusive_s,1.99369548265702,1.9010937107567532,2.231534551420668,49.84188865857844,7,True,,final_comparisons,427,49.84188865857844,-49.84188865857844,hs,18
A,hs_n18,dpus,upmem_d1_t8_serial_nodes_v1_0_f32,upmem_d4_t8_serial_nodes_v1_0_f32,job_to_state_s,0.8743928094792197,0.7679439777235679,0.9225070558682102,-14.365075874261901,7,True,,final_comparisons,428,-14.365075874261901,14.365075874261901,hs,18
A,hs_n18,dpus,upmem_d1_t8_serial_nodes_v1_0_f32,upmem_d4_t8_serial_nodes_v1_0_f32,prepared_call_s,0.8662496166756473,0.7526855155155726,0.9171688615157765,-15.440166523552223,7,True,,final_comparisons,429,-15.440166523552223,15.440166523552223,hs,18
A,hs_n18,dpus,upmem_d1_t8_serial_nodes_v1_0_f32,upmem_d4_t8_serial_nodes_v1_0_f32,session_inclusive_s,0.8626906333116314,0.7457398331937906,0.9147848001048509,-15.916408662196302,7,True,,final_comparisons,430,-15.916408662196302,15.916408662196302,hs,18
A,hs_n18,complex_fusion,upmem_d4_t8_serial_nodes_v1_0_f32,upmem_d4_t8_serial_nodes_v1_1_f32,job_to_state_s,1.8688307799794974,1.844774738313777,1.9230153801596375,46.49060735124607,7,True,,final_comparisons,431,46.49060735124607,-46.49060735124607,hs,18
A,hs_n18,complex_fusion,upmem_d4_t8_serial_nodes_v1_0_f32,upmem_d4_t8_serial_nodes_v1_1_f32,prepared_call_s,1.981934881695339,1.9525910331918077,2.0419430592859005,49.544255503258306,7,True,,final_comparisons,432,49.544255503258306,-49.544255503258306,hs,18
A,hs_n18,complex_fusion,upmem_d4_t8_serial_nodes_v1_0_f32,upmem_d4_t8_serial_nodes_v1_1_f32,session_inclusive_s,2.0378492871354745,2.006845564417888,2.1013978990328877,50.92865766311594,7,True,,final_comparisons,433,50.92865766311594,-50.92865766311594,hs,18
A,hs_n18,dag_concurrency,upmem_d4_t8_serial_nodes_v1_1_f32,upmem_d4_t8_static_dag_waves_v1_1_f32,job_to_state_s,0.99812424396258,0.9952374973327506,1.0167404061608352,-0.18792811103085505,7,True,,final_comparisons,434,-0.18792811103085505,0.18792811103085505,hs,18
A,hs_n18,dag_concurrency,upmem_d4_t8_serial_nodes_v1_1_f32,upmem_d4_t8_static_dag_waves_v1_1_f32,prepared_call_s,1.123007016559837,1.1187954929845185,1.14653653159933,10.953361354468683,7,True,,final_comparisons,435,10.953361354468683,-10.953361354468683,hs,18
A,hs_n18,dag_concurrency,upmem_d4_t8_serial_nodes_v1_1_f32,upmem_d4_t8_static_dag_waves_v1_1_f32,session_inclusive_s,1.1307939185373528,1.125677664468058,1.1553560836887282,11.566556592958221,7,True,,final_comparisons,436,11.566556592958221,-11.566556592958221,hs,18
A,hs_n18,matched_combined_executor,upmem_d1_t1_serial_nodes_v1_0_f32,upmem_d4_t8_static_dag_waves_v1_1_f32,job_to_state_s,3.0931760283574583,3.081933145531213,3.1621782200176742,67.67076975793644,7,True,,final_comparisons,437,67.67076975793644,-67.67076975793644,hs,18
A,hs_n18,matched_combined_executor,upmem_d1_t1_serial_nodes_v1_0_f32,upmem_d4_t8_static_dag_waves_v1_1_f32,prepared_call_s,3.784259537834484,3.7739410749804754,3.881351341989297,73.57475115006929,7,True,,final_comparisons,438,73.57475115006929,-73.57475115006929,hs,18
A,hs_n18,matched_combined_executor,upmem_d1_t1_serial_nodes_v1_0_f32,upmem_d4_t8_static_dag_waves_v1_1_f32,session_inclusive_s,3.963413949009997,3.952665655314204,4.06826956011797,74.7692264077088,7,True,,final_comparisons,439,74.7692264077088,-74.7692264077088,hs,18
A,stress_n16_l2,tasklets,upmem_d1_t1_serial_nodes_v1_0_f32,upmem_d1_t8_serial_nodes_v1_0_f32,job_to_state_s,3.0125321422432783,2.9762455581231197,3.109507683031922,66.80533342773394,7,True,,final_comparisons,440,66.80533342773394,-66.80533342773394,stress,16
A,stress_n16_l2,tasklets,upmem_d1_t1_serial_nodes_v1_0_f32,upmem_d1_t8_serial_nodes_v1_0_f32,prepared_call_s,3.133947251251174,3.0866943330163767,3.229816112721546,68.09135828304808,7,True,,final_comparisons,441,68.09135828304808,-68.09135828304808,stress,16
A,stress_n16_l2,tasklets,upmem_d1_t1_serial_nodes_v1_0_f32,upmem_d1_t8_serial_nodes_v1_0_f32,session_inclusive_s,3.171137558902947,3.122860706459313,3.269896286561801,68.46557484734439,7,True,,final_comparisons,442,68.46557484734439,-68.46557484734439,stress,16
A,stress_n16_l2,dpus,upmem_d1_t8_serial_nodes_v1_0_f32,upmem_d4_t8_serial_nodes_v1_0_f32,job_to_state_s,1.0648161393515496,1.0331744274562846,1.1804614584866266,6.087073341226901,7,True,,final_comparisons,443,6.087073341226901,-6.087073341226901,stress,16
A,stress_n16_l2,dpus,upmem_d1_t8_serial_nodes_v1_0_f32,upmem_d4_t8_serial_nodes_v1_0_f32,prepared_call_s,1.0659709524540981,1.0358090485089386,1.191526993759578,6.188813335130616,7,True,,final_comparisons,444,6.188813335130616,-6.188813335130616,stress,16
A,stress_n16_l2,dpus,upmem_d1_t8_serial_nodes_v1_0_f32,upmem_d4_t8_serial_nodes_v1_0_f32,session_inclusive_s,1.0672082457872538,1.0367499346778455,1.1951562097371289,6.297575571830027,7,True,,final_comparisons,445,6.297575571830027,-6.297575571830027,stress,16
A,stress_n16_l2,complex_fusion,upmem_d4_t8_serial_nodes_v1_0_f32,upmem_d4_t8_serial_nodes_v1_1_f32,job_to_state_s,1.7888479795226704,1.6781688103719399,1.8031366219469576,44.098100484377866,7,True,,final_comparisons,446,44.098100484377866,-44.098100484377866,stress,16
A,stress_n16_l2,complex_fusion,upmem_d4_t8_serial_nodes_v1_0_f32,upmem_d4_t8_serial_nodes_v1_1_f32,prepared_call_s,1.876222615332944,1.7571270825323324,1.8927602801814074,46.70142061886694,7,True,,final_comparisons,447,46.70142061886694,-46.70142061886694,stress,16
A,stress_n16_l2,complex_fusion,upmem_d4_t8_serial_nodes_v1_0_f32,upmem_d4_t8_serial_nodes_v1_1_f32,session_inclusive_s,1.9081335885032682,1.78625491079269,1.9258553320631706,47.59276782164944,7,True,,final_comparisons,448,47.59276782164944,-47.59276782164944,stress,16
A,stress_n16_l2,dag_concurrency,upmem_d4_t8_serial_nodes_v1_1_f32,upmem_d4_t8_static_dag_waves_v1_1_f32,job_to_state_s,0.9180276443064354,0.8933944324041537,0.9336340306452162,-8.929181621267436,7,True,,final_comparisons,449,-8.929181621267436,8.929181621267436,stress,16
A,stress_n16_l2,dag_concurrency,upmem_d4_t8_serial_nodes_v1_1_f32,upmem_d4_t8_static_dag_waves_v1_1_f32,prepared_call_s,0.9974614471950737,0.9699859583068312,1.017186998560568,-0.2545013455973466,7,True,,final_comparisons,450,-0.2545013455973466,0.2545013455973466,stress,16
A,stress_n16_l2,dag_concurrency,upmem_d4_t8_serial_nodes_v1_1_f32,upmem_d4_t8_static_dag_waves_v1_1_f32,session_inclusive_s,0.9970377393440174,0.9691753073376662,1.0171020100607095,-0.2971061715208112,7,True,,final_comparisons,451,-0.2971061715208112,0.2971061715208112,stress,16
A,stress_n16_l2,matched_combined_executor,upmem_d1_t1_serial_nodes_v1_0_f32,upmem_d4_t8_static_dag_waves_v1_1_f32,job_to_state_s,5.267875572708505,5.23340106494027,5.309980304265968,81.01701556542564,7,True,,final_comparisons,452,81.01701556542564,-81.01701556542564,stress,16
A,stress_n16_l2,matched_combined_executor,upmem_d1_t1_serial_nodes_v1_0_f32,upmem_d4_t8_static_dag_waves_v1_1_f32,prepared_call_s,6.251979396032808,6.196605337933139,6.32082613468349,84.00506564953574,7,True,,final_comparisons,453,84.00506564953574,-84.00506564953574,stress,16
A,stress_n16_l2,matched_combined_executor,upmem_d1_t1_serial_nodes_v1_0_f32,upmem_d4_t8_static_dag_waves_v1_1_f32,session_inclusive_s,6.438498921978333,6.380551876237968,6.516255722457734,84.46842948771149,7,True,,final_comparisons,454,84.46842948771149,-84.46842948771149,stress,16
