case_id,B,K,M,N,dependency_count,node_id,output_elements,real_macs,input_source_id,source_row
bb84_n08,1,2,1,2,0,contract_0,2,16,final_contractions,2
bb84_n08,1,2,1,2,0,contract_1,2,16,final_contractions,3
bb84_n08,1,2,1,2,0,contract_2,2,16,final_contractions,4
bb84_n08,1,2,1,2,0,contract_3,2,16,final_contractions,5
bb84_n08,1,2,1,2,0,contract_4,2,16,final_contractions,6
bb84_n08,1,2,1,2,0,contract_5,2,16,final_contractions,7
bb84_n08,1,2,2,1,1,contract_6,2,16,final_contractions,8
bb84_n08,1,2,2,1,1,contract_7,2,16,final_contractions,9
bb84_n08,1,1,2,2,0,contract_8,4,16,final_contractions,10
bb84_n08,1,1,2,2,2,contract_9,4,16,final_contractions,11
bb84_n08,1,1,2,2,2,contract_10,4,16,final_contractions,12
bb84_n08,1,1,2,2,2,contract_11,4,16,final_contractions,13
bb84_n08,1,1,4,4,2,contract_12,16,64,final_contractions,14
bb84_n08,1,1,4,4,2,contract_13,16,64,final_contractions,15
bb84_n08,1,1,16,16,2,contract_14,256,1024,final_contractions,16
bb84_n12,1,2,1,2,0,contract_0,2,16,final_contractions,17
bb84_n12,1,2,1,2,0,contract_1,2,16,final_contractions,18
bb84_n12,1,2,1,2,0,contract_2,2,16,final_contractions,19
bb84_n12,1,2,1,2,0,contract_3,2,16,final_contractions,20
bb84_n12,1,2,1,2,0,contract_4,2,16,final_contractions,21
bb84_n12,1,2,1,2,0,contract_5,2,16,final_contractions,22
bb84_n12,1,2,1,2,0,contract_6,2,16,final_contractions,23
bb84_n12,1,2,1,2,0,contract_7,2,16,final_contractions,24
bb84_n12,1,2,1,2,0,contract_8,2,16,final_contractions,25
bb84_n12,1,2,2,1,1,contract_9,2,16,final_contractions,26
bb84_n12,1,2,2,1,1,contract_10,2,16,final_contractions,27
bb84_n12,1,2,2,1,1,contract_11,2,16,final_contractions,28
bb84_n12,1,1,2,2,0,contract_12,4,16,final_contractions,29
bb84_n12,1,1,2,2,1,contract_13,4,16,final_contractions,30
bb84_n12,1,1,2,2,2,contract_14,4,16,final_contractions,31
bb84_n12,1,1,2,2,2,contract_15,4,16,final_contractions,32
bb84_n12,1,1,2,2,2,contract_16,4,16,final_contractions,33
bb84_n12,1,1,2,2,2,contract_17,4,16,final_contractions,34
bb84_n12,1,1,4,4,2,contract_18,16,64,final_contractions,35
bb84_n12,1,1,4,4,2,contract_19,16,64,final_contractions,36
bb84_n12,1,1,4,4,2,contract_20,16,64,final_contractions,37
bb84_n12,1,1,16,16,2,contract_21,256,1024,final_contractions,38
bb84_n12,1,1,16,256,2,contract_22,4096,16384,final_contractions,39
bb84_n16,1,2,1,2,0,contract_0,2,16,final_contractions,40
bb84_n16,1,2,1,2,0,contract_1,2,16,final_contractions,41
bb84_n16,1,2,1,2,0,contract_2,2,16,final_contractions,42
bb84_n16,1,2,1,2,0,contract_3,2,16,final_contractions,43
bb84_n16,1,2,1,2,0,contract_4,2,16,final_contractions,44
bb84_n16,1,2,1,2,0,contract_5,2,16,final_contractions,45
bb84_n16,1,2,1,2,0,contract_6,2,16,final_contractions,46
bb84_n16,1,2,1,2,0,contract_7,2,16,final_contractions,47
bb84_n16,1,2,1,2,0,contract_8,2,16,final_contractions,48
bb84_n16,1,2,1,2,0,contract_9,2,16,final_contractions,49
bb84_n16,1,2,1,2,0,contract_10,2,16,final_contractions,50
bb84_n16,1,2,1,2,0,contract_11,2,16,final_contractions,51
bb84_n16,1,2,2,1,1,contract_12,2,16,final_contractions,52
bb84_n16,1,2,2,1,1,contract_13,2,16,final_contractions,53
bb84_n16,1,2,2,1,1,contract_14,2,16,final_contractions,54
bb84_n16,1,2,2,1,1,contract_15,2,16,final_contractions,55
bb84_n16,1,1,2,2,0,contract_16,4,16,final_contractions,56
bb84_n16,1,1,2,2,0,contract_17,4,16,final_contractions,57
bb84_n16,1,1,2,2,2,contract_18,4,16,final_contractions,58
bb84_n16,1,1,2,2,2,contract_19,4,16,final_contractions,59
bb84_n16,1,1,2,2,2,contract_20,4,16,final_contractions,60
bb84_n16,1,1,2,2,2,contract_21,4,16,final_contractions,61
bb84_n16,1,1,2,2,2,contract_22,4,16,final_contractions,62
bb84_n16,1,1,2,2,2,contract_23,4,16,final_contractions,63
bb84_n16,1,1,4,4,2,contract_24,16,64,final_contractions,64
bb84_n16,1,1,4,4,2,contract_25,16,64,final_contractions,65
bb84_n16,1,1,4,4,2,contract_26,16,64,final_contractions,66
bb84_n16,1,1,4,4,2,contract_27,16,64,final_contractions,67
bb84_n16,1,1,16,16,2,contract_28,256,1024,final_contractions,68
bb84_n16,1,1,16,16,2,contract_29,256,1024,final_contractions,69
bb84_n16,1,1,256,256,2,contract_30,65536,262144,final_contractions,70
bb84_n18,1,2,1,2,0,contract_0,2,16,final_contractions,71
bb84_n18,1,2,1,2,0,contract_1,2,16,final_contractions,72
bb84_n18,1,2,1,2,0,contract_2,2,16,final_contractions,73
bb84_n18,1,2,1,2,0,contract_3,2,16,final_contractions,74
bb84_n18,1,2,1,2,0,contract_4,2,16,final_contractions,75
bb84_n18,1,2,1,2,0,contract_5,2,16,final_contractions,76
bb84_n18,1,2,1,2,0,contract_6,2,16,final_contractions,77
bb84_n18,1,2,1,2,0,contract_7,2,16,final_contractions,78
bb84_n18,1,2,1,2,0,contract_8,2,16,final_contractions,79
bb84_n18,1,2,1,2,0,contract_9,2,16,final_contractions,80
bb84_n18,1,2,1,2,0,contract_10,2,16,final_contractions,81
bb84_n18,1,2,1,2,0,contract_11,2,16,final_contractions,82
bb84_n18,1,2,1,2,0,contract_12,2,16,final_contractions,83
bb84_n18,1,2,2,1,1,contract_13,2,16,final_contractions,84
bb84_n18,1,2,2,1,1,contract_14,2,16,final_contractions,85
bb84_n18,1,2,2,1,1,contract_15,2,16,final_contractions,86
bb84_n18,1,2,2,1,1,contract_16,2,16,final_contractions,87
bb84_n18,1,1,2,2,0,contract_17,4,16,final_contractions,88
bb84_n18,1,1,2,2,0,contract_18,4,16,final_contractions,89
bb84_n18,1,1,2,2,1,contract_19,4,16,final_contractions,90
bb84_n18,1,1,2,2,2,contract_20,4,16,final_contractions,91
bb84_n18,1,1,2,2,2,contract_21,4,16,final_contractions,92
bb84_n18,1,1,2,2,2,contract_22,4,16,final_contractions,93
bb84_n18,1,1,2,2,2,contract_23,4,16,final_contractions,94
bb84_n18,1,1,2,2,2,contract_24,4,16,final_contractions,95
bb84_n18,1,1,2,2,2,contract_25,4,16,final_contractions,96
bb84_n18,1,1,4,4,2,contract_26,16,64,final_contractions,97
bb84_n18,1,1,4,4,2,contract_27,16,64,final_contractions,98
bb84_n18,1,1,4,4,2,contract_28,16,64,final_contractions,99
bb84_n18,1,1,4,4,2,contract_29,16,64,final_contractions,100
bb84_n18,1,1,4,16,2,contract_30,64,256,final_contractions,101
bb84_n18,1,1,16,16,2,contract_31,256,1024,final_contractions,102
bb84_n18,1,1,16,64,2,contract_32,1024,4096,final_contractions,103
bb84_n18,1,1,256,1024,2,contract_33,262144,1048576,final_contractions,104
bb84_n20,1,2,1,2,0,contract_0,2,16,final_contractions,105
bb84_n20,1,2,1,2,0,contract_1,2,16,final_contractions,106
bb84_n20,1,2,1,2,0,contract_2,2,16,final_contractions,107
bb84_n20,1,2,1,2,0,contract_3,2,16,final_contractions,108
bb84_n20,1,2,1,2,0,contract_4,2,16,final_contractions,109
bb84_n20,1,2,1,2,0,contract_5,2,16,final_contractions,110
bb84_n20,1,2,1,2,0,contract_6,2,16,final_contractions,111
bb84_n20,1,2,1,2,0,contract_7,2,16,final_contractions,112
bb84_n20,1,2,1,2,0,contract_8,2,16,final_contractions,113
bb84_n20,1,2,1,2,0,contract_9,2,16,final_contractions,114
bb84_n20,1,2,1,2,0,contract_10,2,16,final_contractions,115
bb84_n20,1,2,1,2,0,contract_11,2,16,final_contractions,116
bb84_n20,1,2,1,2,0,contract_12,2,16,final_contractions,117
bb84_n20,1,2,1,2,0,contract_13,2,16,final_contractions,118
bb84_n20,1,2,1,2,0,contract_14,2,16,final_contractions,119
bb84_n20,1,2,2,1,1,contract_15,2,16,final_contractions,120
bb84_n20,1,2,2,1,1,contract_16,2,16,final_contractions,121
bb84_n20,1,2,2,1,1,contract_17,2,16,final_contractions,122
bb84_n20,1,2,2,1,1,contract_18,2,16,final_contractions,123
bb84_n20,1,2,2,1,1,contract_19,2,16,final_contractions,124
bb84_n20,1,1,2,2,0,contract_20,4,16,final_contractions,125
bb84_n20,1,1,2,2,0,contract_21,4,16,final_contractions,126
bb84_n20,1,1,2,2,1,contract_22,4,16,final_contractions,127
bb84_n20,1,1,2,2,2,contract_23,4,16,final_contractions,128
bb84_n20,1,1,2,2,2,contract_24,4,16,final_contractions,129
bb84_n20,1,1,2,2,2,contract_25,4,16,final_contractions,130
bb84_n20,1,1,2,2,2,contract_26,4,16,final_contractions,131
bb84_n20,1,1,2,2,2,contract_27,4,16,final_contractions,132
bb84_n20,1,1,2,2,2,contract_28,4,16,final_contractions,133
bb84_n20,1,1,2,2,2,contract_29,4,16,final_contractions,134
bb84_n20,1,1,4,4,2,contract_30,16,64,final_contractions,135
bb84_n20,1,1,4,4,2,contract_31,16,64,final_contractions,136
bb84_n20,1,1,4,4,2,contract_32,16,64,final_contractions,137
bb84_n20,1,1,4,4,2,contract_33,16,64,final_contractions,138
bb84_n20,1,1,4,4,2,contract_34,16,64,final_contractions,139
bb84_n20,1,1,16,16,2,contract_35,256,1024,final_contractions,140
bb84_n20,1,1,16,16,2,contract_36,256,1024,final_contractions,141
bb84_n20,1,1,16,256,2,contract_37,4096,16384,final_contractions,142
bb84_n20,1,1,256,4096,2,contract_38,1048576,4194304,final_contractions,143
bb84_n22,1,2,1,2,0,contract_0,2,16,final_contractions,144
bb84_n22,1,2,1,2,0,contract_1,2,16,final_contractions,145
bb84_n22,1,2,1,2,0,contract_2,2,16,final_contractions,146
bb84_n22,1,2,1,2,0,contract_3,2,16,final_contractions,147
bb84_n22,1,2,1,2,0,contract_4,2,16,final_contractions,148
bb84_n22,1,2,1,2,0,contract_5,2,16,final_contractions,149
bb84_n22,1,2,1,2,0,contract_6,2,16,final_contractions,150
bb84_n22,1,2,1,2,0,contract_7,2,16,final_contractions,151
bb84_n22,1,2,1,2,0,contract_8,2,16,final_contractions,152
bb84_n22,1,2,1,2,0,contract_9,2,16,final_contractions,153
bb84_n22,1,2,1,2,0,contract_10,2,16,final_contractions,154
bb84_n22,1,2,1,2,0,contract_11,2,16,final_contractions,155
bb84_n22,1,2,1,2,0,contract_12,2,16,final_contractions,156
bb84_n22,1,2,1,2,0,contract_13,2,16,final_contractions,157
bb84_n22,1,2,1,2,0,contract_14,2,16,final_contractions,158
bb84_n22,1,2,1,2,0,contract_15,2,16,final_contractions,159
bb84_n22,1,2,2,1,1,contract_16,2,16,final_contractions,160
bb84_n22,1,2,2,1,1,contract_17,2,16,final_contractions,161
bb84_n22,1,2,2,1,1,contract_18,2,16,final_contractions,162
bb84_n22,1,2,2,1,1,contract_19,2,16,final_contractions,163
bb84_n22,1,2,2,1,1,contract_20,2,16,final_contractions,164
bb84_n22,1,1,2,2,0,contract_21,4,16,final_contractions,165
bb84_n22,1,1,2,2,0,contract_22,4,16,final_contractions,166
bb84_n22,1,1,2,2,0,contract_23,4,16,final_contractions,167
bb84_n22,1,1,2,2,2,contract_24,4,16,final_contractions,168
bb84_n22,1,1,2,2,2,contract_25,4,16,final_contractions,169
bb84_n22,1,1,2,2,2,contract_26,4,16,final_contractions,170
bb84_n22,1,1,2,2,2,contract_27,4,16,final_contractions,171
bb84_n22,1,1,2,2,2,contract_28,4,16,final_contractions,172
bb84_n22,1,1,2,2,2,contract_29,4,16,final_contractions,173
bb84_n22,1,1,2,2,2,contract_30,4,16,final_contractions,174
bb84_n22,1,1,2,2,2,contract_31,4,16,final_contractions,175
bb84_n22,1,1,4,4,2,contract_32,16,64,final_contractions,176
bb84_n22,1,1,4,4,2,contract_33,16,64,final_contractions,177
bb84_n22,1,1,4,4,2,contract_34,16,64,final_contractions,178
bb84_n22,1,1,4,4,2,contract_35,16,64,final_contractions,179
bb84_n22,1,1,4,4,2,contract_36,16,64,final_contractions,180
bb84_n22,1,1,4,16,2,contract_37,64,256,final_contractions,181
bb84_n22,1,1,16,16,2,contract_38,256,1024,final_contractions,182
bb84_n22,1,1,16,16,2,contract_39,256,1024,final_contractions,183
bb84_n22,1,1,64,256,2,contract_40,16384,65536,final_contractions,184
bb84_n22,1,1,256,16384,2,contract_41,4194304,16777216,final_contractions,185
bb84_n24,1,2,1,2,0,contract_0,2,16,final_contractions,186
bb84_n24,1,2,1,2,0,contract_1,2,16,final_contractions,187
bb84_n24,1,2,1,2,0,contract_2,2,16,final_contractions,188
bb84_n24,1,2,1,2,0,contract_3,2,16,final_contractions,189
bb84_n24,1,2,1,2,0,contract_4,2,16,final_contractions,190
bb84_n24,1,2,1,2,0,contract_5,2,16,final_contractions,191
bb84_n24,1,2,1,2,0,contract_6,2,16,final_contractions,192
bb84_n24,1,2,1,2,0,contract_7,2,16,final_contractions,193
bb84_n24,1,2,1,2,0,contract_8,2,16,final_contractions,194
bb84_n24,1,2,1,2,0,contract_9,2,16,final_contractions,195
bb84_n24,1,2,1,2,0,contract_10,2,16,final_contractions,196
bb84_n24,1,2,1,2,0,contract_11,2,16,final_contractions,197
bb84_n24,1,2,1,2,0,contract_12,2,16,final_contractions,198
bb84_n24,1,2,1,2,0,contract_13,2,16,final_contractions,199
bb84_n24,1,2,1,2,0,contract_14,2,16,final_contractions,200
bb84_n24,1,2,1,2,0,contract_15,2,16,final_contractions,201
bb84_n24,1,2,1,2,0,contract_16,2,16,final_contractions,202
bb84_n24,1,2,1,2,0,contract_17,2,16,final_contractions,203
bb84_n24,1,2,2,1,1,contract_18,2,16,final_contractions,204
bb84_n24,1,2,2,1,1,contract_19,2,16,final_contractions,205
bb84_n24,1,2,2,1,1,contract_20,2,16,final_contractions,206
bb84_n24,1,2,2,1,1,contract_21,2,16,final_contractions,207
bb84_n24,1,2,2,1,1,contract_22,2,16,final_contractions,208
bb84_n24,1,2,2,1,1,contract_23,2,16,final_contractions,209
bb84_n24,1,1,2,2,0,contract_24,4,16,final_contractions,210
bb84_n24,1,1,2,2,0,contract_25,4,16,final_contractions,211
bb84_n24,1,1,2,2,0,contract_26,4,16,final_contractions,212
bb84_n24,1,1,2,2,2,contract_27,4,16,final_contractions,213
bb84_n24,1,1,2,2,2,contract_28,4,16,final_contractions,214
bb84_n24,1,1,2,2,2,contract_29,4,16,final_contractions,215
bb84_n24,1,1,2,2,2,contract_30,4,16,final_contractions,216
bb84_n24,1,1,2,2,2,contract_31,4,16,final_contractions,217
bb84_n24,1,1,2,2,2,contract_32,4,16,final_contractions,218
bb84_n24,1,1,2,2,2,contract_33,4,16,final_contractions,219
bb84_n24,1,1,2,2,2,contract_34,4,16,final_contractions,220
bb84_n24,1,1,2,2,2,contract_35,4,16,final_contractions,221
bb84_n24,1,1,4,4,2,contract_36,16,64,final_contractions,222
bb84_n24,1,1,4,4,2,contract_37,16,64,final_contractions,223
bb84_n24,1,1,4,4,2,contract_38,16,64,final_contractions,224
bb84_n24,1,1,4,4,2,contract_39,16,64,final_contractions,225
bb84_n24,1,1,4,4,2,contract_40,16,64,final_contractions,226
bb84_n24,1,1,4,4,2,contract_41,16,64,final_contractions,227
bb84_n24,1,1,16,16,2,contract_42,256,1024,final_contractions,228
bb84_n24,1,1,16,16,2,contract_43,256,1024,final_contractions,229
bb84_n24,1,1,16,16,2,contract_44,256,1024,final_contractions,230
bb84_n24,1,1,256,256,2,contract_45,65536,262144,final_contractions,231
bb84_n24,1,1,256,65536,2,contract_46,16777216,67108864,final_contractions,232
bb84_n26,1,2,1,2,0,contract_0,2,16,final_contractions,233
bb84_n26,1,2,1,2,0,contract_1,2,16,final_contractions,234
bb84_n26,1,2,1,2,0,contract_2,2,16,final_contractions,235
bb84_n26,1,2,1,2,0,contract_3,2,16,final_contractions,236
bb84_n26,1,2,1,2,0,contract_4,2,16,final_contractions,237
bb84_n26,1,2,1,2,0,contract_5,2,16,final_contractions,238
bb84_n26,1,2,1,2,0,contract_6,2,16,final_contractions,239
bb84_n26,1,2,1,2,0,contract_7,2,16,final_contractions,240
bb84_n26,1,2,1,2,0,contract_8,2,16,final_contractions,241
bb84_n26,1,2,1,2,0,contract_9,2,16,final_contractions,242
bb84_n26,1,2,1,2,0,contract_10,2,16,final_contractions,243
bb84_n26,1,2,1,2,0,contract_11,2,16,final_contractions,244
bb84_n26,1,2,1,2,0,contract_12,2,16,final_contractions,245
bb84_n26,1,2,1,2,0,contract_13,2,16,final_contractions,246
bb84_n26,1,2,1,2,0,contract_14,2,16,final_contractions,247
bb84_n26,1,2,1,2,0,contract_15,2,16,final_contractions,248
bb84_n26,1,2,1,2,0,contract_16,2,16,final_contractions,249
bb84_n26,1,2,1,2,0,contract_17,2,16,final_contractions,250
bb84_n26,1,2,1,2,0,contract_18,2,16,final_contractions,251
bb84_n26,1,2,2,1,1,contract_19,2,16,final_contractions,252
bb84_n26,1,2,2,1,1,contract_20,2,16,final_contractions,253
bb84_n26,1,2,2,1,1,contract_21,2,16,final_contractions,254
bb84_n26,1,2,2,1,1,contract_22,2,16,final_contractions,255
bb84_n26,1,2,2,1,1,contract_23,2,16,final_contractions,256
bb84_n26,1,2,2,1,1,contract_24,2,16,final_contractions,257
bb84_n26,1,1,2,2,0,contract_25,4,16,final_contractions,258
bb84_n26,1,1,2,2,0,contract_26,4,16,final_contractions,259
bb84_n26,1,1,2,2,0,contract_27,4,16,final_contractions,260
bb84_n26,1,1,2,2,1,contract_28,4,16,final_contractions,261
bb84_n26,1,1,2,2,2,contract_29,4,16,final_contractions,262
bb84_n26,1,1,2,2,2,contract_30,4,16,final_contractions,263
bb84_n26,1,1,2,2,2,contract_31,4,16,final_contractions,264
bb84_n26,1,1,2,2,2,contract_32,4,16,final_contractions,265
bb84_n26,1,1,2,2,2,contract_33,4,16,final_contractions,266
bb84_n26,1,1,2,2,2,contract_34,4,16,final_contractions,267
bb84_n26,1,1,2,2,2,contract_35,4,16,final_contractions,268
bb84_n26,1,1,2,2,2,contract_36,4,16,final_contractions,269
bb84_n26,1,1,2,2,2,contract_37,4,16,final_contractions,270
bb84_n26,1,1,4,4,2,contract_38,16,64,final_contractions,271
bb84_n26,1,1,4,4,2,contract_39,16,64,final_contractions,272
bb84_n26,1,1,4,4,2,contract_40,16,64,final_contractions,273
bb84_n26,1,1,4,4,2,contract_41,16,64,final_contractions,274
bb84_n26,1,1,4,4,2,contract_42,16,64,final_contractions,275
bb84_n26,1,1,4,4,2,contract_43,16,64,final_contractions,276
bb84_n26,1,1,4,16,2,contract_44,64,256,final_contractions,277
bb84_n26,1,1,16,16,2,contract_45,256,1024,final_contractions,278
bb84_n26,1,1,16,16,2,contract_46,256,1024,final_contractions,279
bb84_n26,1,1,16,64,2,contract_47,1024,4096,final_contractions,280
bb84_n26,1,1,256,256,2,contract_48,65536,262144,final_contractions,281
bb84_n26,1,1,1024,65536,2,contract_49,67108864,268435456,final_contractions,282
bv_n08,1,2,1,2,0,contract_0,2,16,final_contractions,283
bv_n08,1,2,1,2,0,contract_1,2,16,final_contractions,284
bv_n08,1,2,8,1,1,contract_2,8,64,final_contractions,285
bv_n08,1,2,1,2,0,contract_3,2,16,final_contractions,286
bv_n08,1,2,1,2,0,contract_4,2,16,final_contractions,287
bv_n08,1,2,8,1,1,contract_5,8,64,final_contractions,288
bv_n08,1,2,1,2,0,contract_6,2,16,final_contractions,289
bv_n08,1,2,1,2,0,contract_7,2,16,final_contractions,290
bv_n08,1,2,8,1,1,contract_8,8,64,final_contractions,291
bv_n08,1,2,1,2,0,contract_9,2,16,final_contractions,292
bv_n08,1,2,1,2,0,contract_10,2,16,final_contractions,293
bv_n08,1,2,8,1,1,contract_11,8,64,final_contractions,294
bv_n08,1,2,2,1,1,contract_12,2,16,final_contractions,295
bv_n08,1,2,4,1,2,contract_13,4,32,final_contractions,296
bv_n08,1,2,2,1,1,contract_14,2,16,final_contractions,297
bv_n08,1,2,2,4,1,contract_15,8,64,final_contractions,298
bv_n08,1,2,2,1,1,contract_16,2,16,final_contractions,299
bv_n08,1,2,2,4,1,contract_17,8,64,final_contractions,300
bv_n08,1,2,2,1,1,contract_18,2,16,final_contractions,301
bv_n08,1,2,2,4,1,contract_19,8,64,final_contractions,302
bv_n08,1,2,2,2,1,contract_20,4,32,final_contractions,303
bv_n08,1,2,4,2,2,contract_21,8,64,final_contractions,304
bv_n08,1,2,4,4,2,contract_22,16,128,final_contractions,305
bv_n08,1,2,4,8,2,contract_23,32,256,final_contractions,306
bv_n08,1,1,2,2,2,contract_24,4,16,final_contractions,307
bv_n08,1,1,2,4,2,contract_25,8,32,final_contractions,308
bv_n08,1,1,32,8,2,contract_26,256,1024,final_contractions,309
bv_n12,1,2,1,2,0,contract_0,2,16,final_contractions,310
bv_n12,1,2,1,2,0,contract_1,2,16,final_contractions,311
bv_n12,1,2,8,1,1,contract_2,8,64,final_contractions,312
bv_n12,1,2,1,2,0,contract_3,2,16,final_contractions,313
bv_n12,1,2,1,2,0,contract_4,2,16,final_contractions,314
bv_n12,1,2,8,1,1,contract_5,8,64,final_contractions,315
bv_n12,1,2,1,2,0,contract_6,2,16,final_contractions,316
bv_n12,1,2,1,2,0,contract_7,2,16,final_contractions,317
bv_n12,1,2,8,1,1,contract_8,8,64,final_contractions,318
bv_n12,1,2,1,2,0,contract_9,2,16,final_contractions,319
bv_n12,1,2,1,2,0,contract_10,2,16,final_contractions,320
bv_n12,1,2,8,1,1,contract_11,8,64,final_contractions,321
bv_n12,1,2,1,2,0,contract_12,2,16,final_contractions,322
bv_n12,1,2,1,2,0,contract_13,2,16,final_contractions,323
bv_n12,1,2,8,1,1,contract_14,8,64,final_contractions,324
bv_n12,1,2,1,2,0,contract_15,2,16,final_contractions,325
bv_n12,1,2,1,2,0,contract_16,2,16,final_contractions,326
bv_n12,1,2,8,1,1,contract_17,8,64,final_contractions,327
bv_n12,1,2,2,1,1,contract_18,2,16,final_contractions,328
bv_n12,1,2,4,1,2,contract_19,4,32,final_contractions,329
bv_n12,1,2,2,1,1,contract_20,2,16,final_contractions,330
bv_n12,1,2,2,4,1,contract_21,8,64,final_contractions,331
bv_n12,1,2,2,1,1,contract_22,2,16,final_contractions,332
bv_n12,1,2,2,4,1,contract_23,8,64,final_contractions,333
bv_n12,1,2,2,1,1,contract_24,2,16,final_contractions,334
bv_n12,1,2,2,4,1,contract_25,8,64,final_contractions,335
bv_n12,1,2,2,1,1,contract_26,2,16,final_contractions,336
bv_n12,1,2,2,4,1,contract_27,8,64,final_contractions,337
bv_n12,1,2,2,1,1,contract_28,2,16,final_contractions,338
bv_n12,1,2,2,4,1,contract_29,8,64,final_contractions,339
bv_n12,1,2,2,2,1,contract_30,4,32,final_contractions,340
bv_n12,1,2,4,2,2,contract_31,8,64,final_contractions,341
bv_n12,1,2,4,4,2,contract_32,16,128,final_contractions,342
bv_n12,1,2,4,4,2,contract_33,16,128,final_contractions,343
bv_n12,1,2,4,8,2,contract_34,32,256,final_contractions,344
bv_n12,1,2,8,16,2,contract_35,128,1024,final_contractions,345
bv_n12,1,1,2,2,2,contract_36,4,16,final_contractions,346
bv_n12,1,1,2,2,2,contract_37,4,16,final_contractions,347
bv_n12,1,1,2,4,2,contract_38,8,32,final_contractions,348
bv_n12,1,1,4,8,2,contract_39,32,128,final_contractions,349
bv_n12,1,1,128,32,2,contract_40,4096,16384,final_contractions,350
bv_n16,1,2,1,2,0,contract_0,2,16,final_contractions,351
bv_n16,1,2,1,2,0,contract_1,2,16,final_contractions,352
bv_n16,1,2,8,1,1,contract_2,8,64,final_contractions,353
bv_n16,1,2,1,2,0,contract_3,2,16,final_contractions,354
bv_n16,1,2,1,2,0,contract_4,2,16,final_contractions,355
bv_n16,1,2,8,1,1,contract_5,8,64,final_contractions,356
bv_n16,1,2,1,2,0,contract_6,2,16,final_contractions,357
bv_n16,1,2,1,2,0,contract_7,2,16,final_contractions,358
bv_n16,1,2,8,1,1,contract_8,8,64,final_contractions,359
bv_n16,1,2,1,2,0,contract_9,2,16,final_contractions,360
bv_n16,1,2,1,2,0,contract_10,2,16,final_contractions,361
bv_n16,1,2,8,1,1,contract_11,8,64,final_contractions,362
bv_n16,1,2,1,2,0,contract_12,2,16,final_contractions,363
bv_n16,1,2,1,2,0,contract_13,2,16,final_contractions,364
bv_n16,1,2,8,1,1,contract_14,8,64,final_contractions,365
bv_n16,1,2,1,2,0,contract_15,2,16,final_contractions,366
bv_n16,1,2,1,2,0,contract_16,2,16,final_contractions,367
bv_n16,1,2,8,1,1,contract_17,8,64,final_contractions,368
bv_n16,1,2,1,2,0,contract_18,2,16,final_contractions,369
bv_n16,1,2,1,2,0,contract_19,2,16,final_contractions,370
bv_n16,1,2,8,1,1,contract_20,8,64,final_contractions,371
bv_n16,1,2,1,2,0,contract_21,2,16,final_contractions,372
bv_n16,1,2,1,2,0,contract_22,2,16,final_contractions,373
bv_n16,1,2,8,1,1,contract_23,8,64,final_contractions,374
bv_n16,1,2,2,1,1,contract_24,2,16,final_contractions,375
bv_n16,1,2,4,1,2,contract_25,4,32,final_contractions,376
bv_n16,1,2,2,1,1,contract_26,2,16,final_contractions,377
bv_n16,1,2,2,4,1,contract_27,8,64,final_contractions,378
bv_n16,1,2,2,1,1,contract_28,2,16,final_contractions,379
bv_n16,1,2,2,4,1,contract_29,8,64,final_contractions,380
bv_n16,1,2,2,1,1,contract_30,2,16,final_contractions,381
bv_n16,1,2,2,4,1,contract_31,8,64,final_contractions,382
bv_n16,1,2,2,1,1,contract_32,2,16,final_contractions,383
bv_n16,1,2,2,4,1,contract_33,8,64,final_contractions,384
bv_n16,1,2,2,1,1,contract_34,2,16,final_contractions,385
bv_n16,1,2,2,4,1,contract_35,8,64,final_contractions,386
bv_n16,1,2,2,1,1,contract_36,2,16,final_contractions,387
bv_n16,1,2,2,4,1,contract_37,8,64,final_contractions,388
bv_n16,1,2,2,1,1,contract_38,2,16,final_contractions,389
bv_n16,1,2,2,4,1,contract_39,8,64,final_contractions,390
bv_n16,1,2,2,2,1,contract_40,4,32,final_contractions,391
bv_n16,1,2,4,2,2,contract_41,8,64,final_contractions,392
bv_n16,1,2,4,4,2,contract_42,16,128,final_contractions,393
bv_n16,1,2,4,4,2,contract_43,16,128,final_contractions,394
bv_n16,1,2,4,8,2,contract_44,32,256,final_contractions,395
bv_n16,1,2,4,8,2,contract_45,32,256,final_contractions,396
bv_n16,1,2,4,16,2,contract_46,64,512,final_contractions,397
bv_n16,1,2,16,32,2,contract_47,512,4096,final_contractions,398
bv_n16,1,1,2,2,2,contract_48,4,16,final_contractions,399
bv_n16,1,1,2,2,2,contract_49,4,16,final_contractions,400
bv_n16,1,1,2,2,2,contract_50,4,16,final_contractions,401
bv_n16,1,1,2,4,2,contract_51,8,32,final_contractions,402
bv_n16,1,1,4,4,2,contract_52,16,64,final_contractions,403
bv_n16,1,1,8,16,2,contract_53,128,512,final_contractions,404
bv_n16,1,1,512,128,2,contract_54,65536,262144,final_contractions,405
bv_n18,1,2,1,2,0,contract_0,2,16,final_contractions,406
bv_n18,1,2,1,2,0,contract_1,2,16,final_contractions,407
bv_n18,1,2,8,1,1,contract_2,8,64,final_contractions,408
bv_n18,1,2,1,2,0,contract_3,2,16,final_contractions,409
bv_n18,1,2,1,2,0,contract_4,2,16,final_contractions,410
bv_n18,1,2,8,1,1,contract_5,8,64,final_contractions,411
bv_n18,1,2,1,2,0,contract_6,2,16,final_contractions,412
bv_n18,1,2,1,2,0,contract_7,2,16,final_contractions,413
bv_n18,1,2,8,1,1,contract_8,8,64,final_contractions,414
bv_n18,1,2,1,2,0,contract_9,2,16,final_contractions,415
bv_n18,1,2,1,2,0,contract_10,2,16,final_contractions,416
bv_n18,1,2,8,1,1,contract_11,8,64,final_contractions,417
bv_n18,1,2,1,2,0,contract_12,2,16,final_contractions,418
bv_n18,1,2,1,2,0,contract_13,2,16,final_contractions,419
bv_n18,1,2,8,1,1,contract_14,8,64,final_contractions,420
bv_n18,1,2,1,2,0,contract_15,2,16,final_contractions,421
bv_n18,1,2,1,2,0,contract_16,2,16,final_contractions,422
bv_n18,1,2,8,1,1,contract_17,8,64,final_contractions,423
bv_n18,1,2,1,2,0,contract_18,2,16,final_contractions,424
bv_n18,1,2,1,2,0,contract_19,2,16,final_contractions,425
bv_n18,1,2,8,1,1,contract_20,8,64,final_contractions,426
bv_n18,1,2,1,2,0,contract_21,2,16,final_contractions,427
bv_n18,1,2,1,2,0,contract_22,2,16,final_contractions,428
bv_n18,1,2,8,1,1,contract_23,8,64,final_contractions,429
bv_n18,1,2,1,2,0,contract_24,2,16,final_contractions,430
bv_n18,1,2,1,2,0,contract_25,2,16,final_contractions,431
bv_n18,1,2,8,1,1,contract_26,8,64,final_contractions,432
bv_n18,1,2,2,1,1,contract_27,2,16,final_contractions,433
bv_n18,1,2,4,1,2,contract_28,4,32,final_contractions,434
bv_n18,1,2,2,1,1,contract_29,2,16,final_contractions,435
bv_n18,1,2,2,4,1,contract_30,8,64,final_contractions,436
bv_n18,1,2,2,1,1,contract_31,2,16,final_contractions,437
bv_n18,1,2,2,4,1,contract_32,8,64,final_contractions,438
bv_n18,1,2,2,1,1,contract_33,2,16,final_contractions,439
bv_n18,1,2,2,4,1,contract_34,8,64,final_contractions,440
bv_n18,1,2,2,1,1,contract_35,2,16,final_contractions,441
bv_n18,1,2,2,4,1,contract_36,8,64,final_contractions,442
bv_n18,1,2,2,1,1,contract_37,2,16,final_contractions,443
bv_n18,1,2,2,4,1,contract_38,8,64,final_contractions,444
bv_n18,1,2,2,1,1,contract_39,2,16,final_contractions,445
bv_n18,1,2,2,4,1,contract_40,8,64,final_contractions,446
bv_n18,1,2,2,1,1,contract_41,2,16,final_contractions,447
bv_n18,1,2,2,4,1,contract_42,8,64,final_contractions,448
bv_n18,1,2,2,1,1,contract_43,2,16,final_contractions,449
bv_n18,1,2,2,4,1,contract_44,8,64,final_contractions,450
bv_n18,1,2,2,2,1,contract_45,4,32,final_contractions,451
bv_n18,1,2,4,2,2,contract_46,8,64,final_contractions,452
bv_n18,1,2,4,4,2,contract_47,16,128,final_contractions,453
bv_n18,1,2,4,4,2,contract_48,16,128,final_contractions,454
bv_n18,1,2,4,8,2,contract_49,32,256,final_contractions,455
bv_n18,1,2,4,8,2,contract_50,32,256,final_contractions,456
bv_n18,1,2,4,16,2,contract_51,64,512,final_contractions,457
bv_n18,1,2,4,16,2,contract_52,64,512,final_contractions,458
bv_n18,1,2,32,32,2,contract_53,1024,8192,final_contractions,459
bv_n18,1,1,2,2,2,contract_54,4,16,final_contractions,460
bv_n18,1,1,2,2,2,contract_55,4,16,final_contractions,461
bv_n18,1,1,2,2,2,contract_56,4,16,final_contractions,462
bv_n18,1,1,2,2,2,contract_57,4,16,final_contractions,463
bv_n18,1,1,4,4,2,contract_58,16,64,final_contractions,464
bv_n18,1,1,4,4,2,contract_59,16,64,final_contractions,465
bv_n18,1,1,16,16,2,contract_60,256,1024,final_contractions,466
bv_n18,1,1,1024,256,2,contract_61,262144,1048576,final_contractions,467
bv_n20,1,2,1,2,0,contract_0,2,16,final_contractions,468
bv_n20,1,2,1,2,0,contract_1,2,16,final_contractions,469
bv_n20,1,2,8,1,1,contract_2,8,64,final_contractions,470
bv_n20,1,2,1,2,0,contract_3,2,16,final_contractions,471
bv_n20,1,2,1,2,0,contract_4,2,16,final_contractions,472
bv_n20,1,2,8,1,1,contract_5,8,64,final_contractions,473
bv_n20,1,2,1,2,0,contract_6,2,16,final_contractions,474
bv_n20,1,2,1,2,0,contract_7,2,16,final_contractions,475
bv_n20,1,2,8,1,1,contract_8,8,64,final_contractions,476
bv_n20,1,2,1,2,0,contract_9,2,16,final_contractions,477
bv_n20,1,2,1,2,0,contract_10,2,16,final_contractions,478
bv_n20,1,2,8,1,1,contract_11,8,64,final_contractions,479
bv_n20,1,2,1,2,0,contract_12,2,16,final_contractions,480
bv_n20,1,2,1,2,0,contract_13,2,16,final_contractions,481
bv_n20,1,2,8,1,1,contract_14,8,64,final_contractions,482
bv_n20,1,2,1,2,0,contract_15,2,16,final_contractions,483
bv_n20,1,2,1,2,0,contract_16,2,16,final_contractions,484
bv_n20,1,2,8,1,1,contract_17,8,64,final_contractions,485
bv_n20,1,2,1,2,0,contract_18,2,16,final_contractions,486
bv_n20,1,2,1,2,0,contract_19,2,16,final_contractions,487
bv_n20,1,2,8,1,1,contract_20,8,64,final_contractions,488
bv_n20,1,2,1,2,0,contract_21,2,16,final_contractions,489
bv_n20,1,2,1,2,0,contract_22,2,16,final_contractions,490
bv_n20,1,2,8,1,1,contract_23,8,64,final_contractions,491
bv_n20,1,2,1,2,0,contract_24,2,16,final_contractions,492
bv_n20,1,2,1,2,0,contract_25,2,16,final_contractions,493
bv_n20,1,2,8,1,1,contract_26,8,64,final_contractions,494
bv_n20,1,2,1,2,0,contract_27,2,16,final_contractions,495
bv_n20,1,2,1,2,0,contract_28,2,16,final_contractions,496
bv_n20,1,2,8,1,1,contract_29,8,64,final_contractions,497
bv_n20,1,2,2,1,1,contract_30,2,16,final_contractions,498
bv_n20,1,2,4,1,2,contract_31,4,32,final_contractions,499
bv_n20,1,2,2,1,1,contract_32,2,16,final_contractions,500
bv_n20,1,2,2,4,1,contract_33,8,64,final_contractions,501
bv_n20,1,2,2,1,1,contract_34,2,16,final_contractions,502
bv_n20,1,2,2,4,1,contract_35,8,64,final_contractions,503
bv_n20,1,2,2,1,1,contract_36,2,16,final_contractions,504
bv_n20,1,2,2,4,1,contract_37,8,64,final_contractions,505
bv_n20,1,2,2,1,1,contract_38,2,16,final_contractions,506
bv_n20,1,2,2,4,1,contract_39,8,64,final_contractions,507
bv_n20,1,2,2,1,1,contract_40,2,16,final_contractions,508
bv_n20,1,2,2,4,1,contract_41,8,64,final_contractions,509
bv_n20,1,2,2,1,1,contract_42,2,16,final_contractions,510
bv_n20,1,2,2,4,1,contract_43,8,64,final_contractions,511
bv_n20,1,2,2,1,1,contract_44,2,16,final_contractions,512
bv_n20,1,2,2,4,1,contract_45,8,64,final_contractions,513
bv_n20,1,2,2,1,1,contract_46,2,16,final_contractions,514
bv_n20,1,2,2,4,1,contract_47,8,64,final_contractions,515
bv_n20,1,2,2,1,1,contract_48,2,16,final_contractions,516
bv_n20,1,2,2,4,1,contract_49,8,64,final_contractions,517
bv_n20,1,2,2,2,1,contract_50,4,32,final_contractions,518
bv_n20,1,2,4,2,2,contract_51,8,64,final_contractions,519
bv_n20,1,2,4,4,2,contract_52,16,128,final_contractions,520
bv_n20,1,2,4,4,2,contract_53,16,128,final_contractions,521
bv_n20,1,2,4,8,2,contract_54,32,256,final_contractions,522
bv_n20,1,2,4,8,2,contract_55,32,256,final_contractions,523
bv_n20,1,2,4,16,2,contract_56,64,512,final_contractions,524
bv_n20,1,2,4,16,2,contract_57,64,512,final_contractions,525
bv_n20,1,2,4,32,2,contract_58,128,1024,final_contractions,526
bv_n20,1,2,32,64,2,contract_59,2048,16384,final_contractions,527
bv_n20,1,1,2,2,2,contract_60,4,16,final_contractions,528
bv_n20,1,1,2,2,2,contract_61,4,16,final_contractions,529
bv_n20,1,1,2,2,2,contract_62,4,16,final_contractions,530
bv_n20,1,1,2,2,2,contract_63,4,16,final_contractions,531
bv_n20,1,1,2,4,2,contract_64,8,32,final_contractions,532
bv_n20,1,1,4,4,2,contract_65,16,64,final_contractions,533
bv_n20,1,1,4,8,2,contract_66,32,128,final_contractions,534
bv_n20,1,1,16,32,2,contract_67,512,2048,final_contractions,535
bv_n20,1,1,2048,512,2,contract_68,1048576,4194304,final_contractions,536
bv_n22,1,2,1,2,0,contract_0,2,16,final_contractions,537
bv_n22,1,2,1,2,0,contract_1,2,16,final_contractions,538
bv_n22,1,2,8,1,1,contract_2,8,64,final_contractions,539
bv_n22,1,2,1,2,0,contract_3,2,16,final_contractions,540
bv_n22,1,2,1,2,0,contract_4,2,16,final_contractions,541
bv_n22,1,2,8,1,1,contract_5,8,64,final_contractions,542
bv_n22,1,2,1,2,0,contract_6,2,16,final_contractions,543
bv_n22,1,2,1,2,0,contract_7,2,16,final_contractions,544
bv_n22,1,2,8,1,1,contract_8,8,64,final_contractions,545
bv_n22,1,2,1,2,0,contract_9,2,16,final_contractions,546
bv_n22,1,2,1,2,0,contract_10,2,16,final_contractions,547
bv_n22,1,2,8,1,1,contract_11,8,64,final_contractions,548
bv_n22,1,2,1,2,0,contract_12,2,16,final_contractions,549
bv_n22,1,2,1,2,0,contract_13,2,16,final_contractions,550
bv_n22,1,2,8,1,1,contract_14,8,64,final_contractions,551
bv_n22,1,2,1,2,0,contract_15,2,16,final_contractions,552
bv_n22,1,2,1,2,0,contract_16,2,16,final_contractions,553
bv_n22,1,2,8,1,1,contract_17,8,64,final_contractions,554
bv_n22,1,2,1,2,0,contract_18,2,16,final_contractions,555
bv_n22,1,2,1,2,0,contract_19,2,16,final_contractions,556
bv_n22,1,2,8,1,1,contract_20,8,64,final_contractions,557
bv_n22,1,2,1,2,0,contract_21,2,16,final_contractions,558
bv_n22,1,2,1,2,0,contract_22,2,16,final_contractions,559
bv_n22,1,2,8,1,1,contract_23,8,64,final_contractions,560
bv_n22,1,2,1,2,0,contract_24,2,16,final_contractions,561
bv_n22,1,2,1,2,0,contract_25,2,16,final_contractions,562
bv_n22,1,2,8,1,1,contract_26,8,64,final_contractions,563
bv_n22,1,2,1,2,0,contract_27,2,16,final_contractions,564
bv_n22,1,2,1,2,0,contract_28,2,16,final_contractions,565
bv_n22,1,2,8,1,1,contract_29,8,64,final_contractions,566
bv_n22,1,2,1,2,0,contract_30,2,16,final_contractions,567
bv_n22,1,2,1,2,0,contract_31,2,16,final_contractions,568
bv_n22,1,2,8,1,1,contract_32,8,64,final_contractions,569
bv_n22,1,2,2,1,1,contract_33,2,16,final_contractions,570
bv_n22,1,2,4,1,2,contract_34,4,32,final_contractions,571
bv_n22,1,2,2,1,1,contract_35,2,16,final_contractions,572
bv_n22,1,2,2,4,1,contract_36,8,64,final_contractions,573
bv_n22,1,2,2,1,1,contract_37,2,16,final_contractions,574
bv_n22,1,2,2,4,1,contract_38,8,64,final_contractions,575
bv_n22,1,2,2,1,1,contract_39,2,16,final_contractions,576
bv_n22,1,2,2,4,1,contract_40,8,64,final_contractions,577
bv_n22,1,2,2,1,1,contract_41,2,16,final_contractions,578
bv_n22,1,2,2,4,1,contract_42,8,64,final_contractions,579
bv_n22,1,2,2,1,1,contract_43,2,16,final_contractions,580
bv_n22,1,2,2,4,1,contract_44,8,64,final_contractions,581
bv_n22,1,2,2,1,1,contract_45,2,16,final_contractions,582
bv_n22,1,2,2,4,1,contract_46,8,64,final_contractions,583
bv_n22,1,2,2,1,1,contract_47,2,16,final_contractions,584
bv_n22,1,2,2,4,1,contract_48,8,64,final_contractions,585
bv_n22,1,2,2,1,1,contract_49,2,16,final_contractions,586
bv_n22,1,2,2,4,1,contract_50,8,64,final_contractions,587
bv_n22,1,2,2,1,1,contract_51,2,16,final_contractions,588
bv_n22,1,2,2,4,1,contract_52,8,64,final_contractions,589
bv_n22,1,2,2,1,1,contract_53,2,16,final_contractions,590
bv_n22,1,2,2,4,1,contract_54,8,64,final_contractions,591
bv_n22,1,2,2,2,1,contract_55,4,32,final_contractions,592
bv_n22,1,2,4,2,2,contract_56,8,64,final_contractions,593
bv_n22,1,2,4,4,2,contract_57,16,128,final_contractions,594
bv_n22,1,2,4,4,2,contract_58,16,128,final_contractions,595
bv_n22,1,2,4,8,2,contract_59,32,256,final_contractions,596
bv_n22,1,2,4,8,2,contract_60,32,256,final_contractions,597
bv_n22,1,2,4,16,2,contract_61,64,512,final_contractions,598
bv_n22,1,2,4,16,2,contract_62,64,512,final_contractions,599
bv_n22,1,2,4,32,2,contract_63,128,1024,final_contractions,600
bv_n22,1,2,4,32,2,contract_64,128,1024,final_contractions,601
bv_n22,1,2,64,64,2,contract_65,4096,32768,final_contractions,602
bv_n22,1,1,2,2,2,contract_66,4,16,final_contractions,603
bv_n22,1,1,2,2,2,contract_67,4,16,final_contractions,604
bv_n22,1,1,2,2,2,contract_68,4,16,final_contractions,605
bv_n22,1,1,2,2,2,contract_69,4,16,final_contractions,606
bv_n22,1,1,2,2,2,contract_70,4,16,final_contractions,607
bv_n22,1,1,4,4,2,contract_71,16,64,final_contractions,608
bv_n22,1,1,4,4,2,contract_72,16,64,final_contractions,609
bv_n22,1,1,4,16,2,contract_73,64,256,final_contractions,610
bv_n22,1,1,16,64,2,contract_74,1024,4096,final_contractions,611
bv_n22,1,1,4096,1024,2,contract_75,4194304,16777216,final_contractions,612
bv_n24,1,2,1,2,0,contract_0,2,16,final_contractions,613
bv_n24,1,2,1,2,0,contract_1,2,16,final_contractions,614
bv_n24,1,2,8,1,1,contract_2,8,64,final_contractions,615
bv_n24,1,2,1,2,0,contract_3,2,16,final_contractions,616
bv_n24,1,2,1,2,0,contract_4,2,16,final_contractions,617
bv_n24,1,2,8,1,1,contract_5,8,64,final_contractions,618
bv_n24,1,2,1,2,0,contract_6,2,16,final_contractions,619
bv_n24,1,2,1,2,0,contract_7,2,16,final_contractions,620
bv_n24,1,2,8,1,1,contract_8,8,64,final_contractions,621
bv_n24,1,2,1,2,0,contract_9,2,16,final_contractions,622
bv_n24,1,2,1,2,0,contract_10,2,16,final_contractions,623
bv_n24,1,2,8,1,1,contract_11,8,64,final_contractions,624
bv_n24,1,2,1,2,0,contract_12,2,16,final_contractions,625
bv_n24,1,2,1,2,0,contract_13,2,16,final_contractions,626
bv_n24,1,2,8,1,1,contract_14,8,64,final_contractions,627
bv_n24,1,2,1,2,0,contract_15,2,16,final_contractions,628
bv_n24,1,2,1,2,0,contract_16,2,16,final_contractions,629
bv_n24,1,2,8,1,1,contract_17,8,64,final_contractions,630
bv_n24,1,2,1,2,0,contract_18,2,16,final_contractions,631
bv_n24,1,2,1,2,0,contract_19,2,16,final_contractions,632
bv_n24,1,2,8,1,1,contract_20,8,64,final_contractions,633
bv_n24,1,2,1,2,0,contract_21,2,16,final_contractions,634
bv_n24,1,2,1,2,0,contract_22,2,16,final_contractions,635
bv_n24,1,2,8,1,1,contract_23,8,64,final_contractions,636
bv_n24,1,2,1,2,0,contract_24,2,16,final_contractions,637
bv_n24,1,2,1,2,0,contract_25,2,16,final_contractions,638
bv_n24,1,2,8,1,1,contract_26,8,64,final_contractions,639
bv_n24,1,2,1,2,0,contract_27,2,16,final_contractions,640
bv_n24,1,2,1,2,0,contract_28,2,16,final_contractions,641
bv_n24,1,2,8,1,1,contract_29,8,64,final_contractions,642
bv_n24,1,2,1,2,0,contract_30,2,16,final_contractions,643
bv_n24,1,2,1,2,0,contract_31,2,16,final_contractions,644
bv_n24,1,2,8,1,1,contract_32,8,64,final_contractions,645
bv_n24,1,2,1,2,0,contract_33,2,16,final_contractions,646
bv_n24,1,2,1,2,0,contract_34,2,16,final_contractions,647
bv_n24,1,2,8,1,1,contract_35,8,64,final_contractions,648
bv_n24,1,2,2,1,1,contract_36,2,16,final_contractions,649
bv_n24,1,2,4,1,2,contract_37,4,32,final_contractions,650
bv_n24,1,2,2,1,1,contract_38,2,16,final_contractions,651
bv_n24,1,2,2,4,1,contract_39,8,64,final_contractions,652
bv_n24,1,2,2,1,1,contract_40,2,16,final_contractions,653
bv_n24,1,2,2,4,1,contract_41,8,64,final_contractions,654
bv_n24,1,2,2,1,1,contract_42,2,16,final_contractions,655
bv_n24,1,2,2,4,1,contract_43,8,64,final_contractions,656
bv_n24,1,2,2,1,1,contract_44,2,16,final_contractions,657
bv_n24,1,2,2,4,1,contract_45,8,64,final_contractions,658
bv_n24,1,2,2,1,1,contract_46,2,16,final_contractions,659
bv_n24,1,2,2,4,1,contract_47,8,64,final_contractions,660
bv_n24,1,2,2,1,1,contract_48,2,16,final_contractions,661
bv_n24,1,2,2,4,1,contract_49,8,64,final_contractions,662
bv_n24,1,2,2,1,1,contract_50,2,16,final_contractions,663
bv_n24,1,2,2,4,1,contract_51,8,64,final_contractions,664
bv_n24,1,2,2,1,1,contract_52,2,16,final_contractions,665
bv_n24,1,2,2,4,1,contract_53,8,64,final_contractions,666
bv_n24,1,2,2,1,1,contract_54,2,16,final_contractions,667
bv_n24,1,2,2,4,1,contract_55,8,64,final_contractions,668
bv_n24,1,2,2,1,1,contract_56,2,16,final_contractions,669
bv_n24,1,2,2,4,1,contract_57,8,64,final_contractions,670
bv_n24,1,2,2,1,1,contract_58,2,16,final_contractions,671
bv_n24,1,2,2,4,1,contract_59,8,64,final_contractions,672
bv_n24,1,2,2,2,1,contract_60,4,32,final_contractions,673
bv_n24,1,2,4,2,2,contract_61,8,64,final_contractions,674
bv_n24,1,2,4,4,2,contract_62,16,128,final_contractions,675
bv_n24,1,2,4,4,2,contract_63,16,128,final_contractions,676
bv_n24,1,2,4,8,2,contract_64,32,256,final_contractions,677
bv_n24,1,2,4,8,2,contract_65,32,256,final_contractions,678
bv_n24,1,2,4,16,2,contract_66,64,512,final_contractions,679
bv_n24,1,2,4,16,2,contract_67,64,512,final_contractions,680
bv_n24,1,2,4,32,2,contract_68,128,1024,final_contractions,681
bv_n24,1,2,4,32,2,contract_69,128,1024,final_contractions,682
bv_n24,1,2,4,64,2,contract_70,256,2048,final_contractions,683
bv_n24,1,2,64,128,2,contract_71,8192,65536,final_contractions,684
bv_n24,1,1,2,2,2,contract_72,4,16,final_contractions,685
bv_n24,1,1,2,2,2,contract_73,4,16,final_contractions,686
bv_n24,1,1,2,2,2,contract_74,4,16,final_contractions,687
bv_n24,1,1,2,2,2,contract_75,4,16,final_contractions,688
bv_n24,1,1,2,2,2,contract_76,4,16,final_contractions,689
bv_n24,1,1,2,4,2,contract_77,8,32,final_contractions,690
bv_n24,1,1,4,4,2,contract_78,16,64,final_contractions,691
bv_n24,1,1,4,4,2,contract_79,16,64,final_contractions,692
bv_n24,1,1,8,16,2,contract_80,128,512,final_contractions,693
bv_n24,1,1,16,128,2,contract_81,2048,8192,final_contractions,694
bv_n24,1,1,8192,2048,2,contract_82,16777216,67108864,final_contractions,695
bv_n26,1,2,1,2,0,contract_0,2,16,final_contractions,696
bv_n26,1,2,1,2,0,contract_1,2,16,final_contractions,697
bv_n26,1,2,8,1,1,contract_2,8,64,final_contractions,698
bv_n26,1,2,1,2,0,contract_3,2,16,final_contractions,699
bv_n26,1,2,1,2,0,contract_4,2,16,final_contractions,700
bv_n26,1,2,8,1,1,contract_5,8,64,final_contractions,701
bv_n26,1,2,1,2,0,contract_6,2,16,final_contractions,702
bv_n26,1,2,1,2,0,contract_7,2,16,final_contractions,703
bv_n26,1,2,8,1,1,contract_8,8,64,final_contractions,704
bv_n26,1,2,1,2,0,contract_9,2,16,final_contractions,705
bv_n26,1,2,1,2,0,contract_10,2,16,final_contractions,706
bv_n26,1,2,8,1,1,contract_11,8,64,final_contractions,707
bv_n26,1,2,1,2,0,contract_12,2,16,final_contractions,708
bv_n26,1,2,1,2,0,contract_13,2,16,final_contractions,709
bv_n26,1,2,8,1,1,contract_14,8,64,final_contractions,710
bv_n26,1,2,1,2,0,contract_15,2,16,final_contractions,711
bv_n26,1,2,1,2,0,contract_16,2,16,final_contractions,712
bv_n26,1,2,8,1,1,contract_17,8,64,final_contractions,713
bv_n26,1,2,1,2,0,contract_18,2,16,final_contractions,714
bv_n26,1,2,1,2,0,contract_19,2,16,final_contractions,715
bv_n26,1,2,8,1,1,contract_20,8,64,final_contractions,716
bv_n26,1,2,1,2,0,contract_21,2,16,final_contractions,717
bv_n26,1,2,1,2,0,contract_22,2,16,final_contractions,718
bv_n26,1,2,8,1,1,contract_23,8,64,final_contractions,719
bv_n26,1,2,1,2,0,contract_24,2,16,final_contractions,720
bv_n26,1,2,1,2,0,contract_25,2,16,final_contractions,721
bv_n26,1,2,8,1,1,contract_26,8,64,final_contractions,722
bv_n26,1,2,1,2,0,contract_27,2,16,final_contractions,723
bv_n26,1,2,1,2,0,contract_28,2,16,final_contractions,724
bv_n26,1,2,8,1,1,contract_29,8,64,final_contractions,725
bv_n26,1,2,1,2,0,contract_30,2,16,final_contractions,726
bv_n26,1,2,1,2,0,contract_31,2,16,final_contractions,727
bv_n26,1,2,8,1,1,contract_32,8,64,final_contractions,728
bv_n26,1,2,1,2,0,contract_33,2,16,final_contractions,729
bv_n26,1,2,1,2,0,contract_34,2,16,final_contractions,730
bv_n26,1,2,8,1,1,contract_35,8,64,final_contractions,731
bv_n26,1,2,1,2,0,contract_36,2,16,final_contractions,732
bv_n26,1,2,1,2,0,contract_37,2,16,final_contractions,733
bv_n26,1,2,8,1,1,contract_38,8,64,final_contractions,734
bv_n26,1,2,2,1,1,contract_39,2,16,final_contractions,735
bv_n26,1,2,4,1,2,contract_40,4,32,final_contractions,736
bv_n26,1,2,2,1,1,contract_41,2,16,final_contractions,737
bv_n26,1,2,2,4,1,contract_42,8,64,final_contractions,738
bv_n26,1,2,2,1,1,contract_43,2,16,final_contractions,739
bv_n26,1,2,2,4,1,contract_44,8,64,final_contractions,740
bv_n26,1,2,2,1,1,contract_45,2,16,final_contractions,741
bv_n26,1,2,2,4,1,contract_46,8,64,final_contractions,742
bv_n26,1,2,2,1,1,contract_47,2,16,final_contractions,743
bv_n26,1,2,2,4,1,contract_48,8,64,final_contractions,744
bv_n26,1,2,2,1,1,contract_49,2,16,final_contractions,745
bv_n26,1,2,2,4,1,contract_50,8,64,final_contractions,746
bv_n26,1,2,2,1,1,contract_51,2,16,final_contractions,747
bv_n26,1,2,2,4,1,contract_52,8,64,final_contractions,748
bv_n26,1,2,2,1,1,contract_53,2,16,final_contractions,749
bv_n26,1,2,2,4,1,contract_54,8,64,final_contractions,750
bv_n26,1,2,2,1,1,contract_55,2,16,final_contractions,751
bv_n26,1,2,2,4,1,contract_56,8,64,final_contractions,752
bv_n26,1,2,2,1,1,contract_57,2,16,final_contractions,753
bv_n26,1,2,2,4,1,contract_58,8,64,final_contractions,754
bv_n26,1,2,2,1,1,contract_59,2,16,final_contractions,755
bv_n26,1,2,2,4,1,contract_60,8,64,final_contractions,756
bv_n26,1,2,2,1,1,contract_61,2,16,final_contractions,757
bv_n26,1,2,2,4,1,contract_62,8,64,final_contractions,758
bv_n26,1,2,2,1,1,contract_63,2,16,final_contractions,759
bv_n26,1,2,2,4,1,contract_64,8,64,final_contractions,760
bv_n26,1,2,2,2,1,contract_65,4,32,final_contractions,761
bv_n26,1,2,4,2,2,contract_66,8,64,final_contractions,762
bv_n26,1,2,4,4,2,contract_67,16,128,final_contractions,763
bv_n26,1,2,4,4,2,contract_68,16,128,final_contractions,764
bv_n26,1,2,4,8,2,contract_69,32,256,final_contractions,765
bv_n26,1,2,4,8,2,contract_70,32,256,final_contractions,766
bv_n26,1,2,4,16,2,contract_71,64,512,final_contractions,767
bv_n26,1,2,4,16,2,contract_72,64,512,final_contractions,768
bv_n26,1,2,4,32,2,contract_73,128,1024,final_contractions,769
bv_n26,1,2,4,32,2,contract_74,128,1024,final_contractions,770
bv_n26,1,2,4,64,2,contract_75,256,2048,final_contractions,771
bv_n26,1,2,4,64,2,contract_76,256,2048,final_contractions,772
bv_n26,1,2,128,128,2,contract_77,16384,131072,final_contractions,773
bv_n26,1,1,2,2,2,contract_78,4,16,final_contractions,774
bv_n26,1,1,2,2,2,contract_79,4,16,final_contractions,775
bv_n26,1,1,2,2,2,contract_80,4,16,final_contractions,776
bv_n26,1,1,2,2,2,contract_81,4,16,final_contractions,777
bv_n26,1,1,2,2,2,contract_82,4,16,final_contractions,778
bv_n26,1,1,2,2,2,contract_83,4,16,final_contractions,779
bv_n26,1,1,4,4,2,contract_84,16,64,final_contractions,780
bv_n26,1,1,4,4,2,contract_85,16,64,final_contractions,781
bv_n26,1,1,4,4,2,contract_86,16,64,final_contractions,782
bv_n26,1,1,16,16,2,contract_87,256,1024,final_contractions,783
bv_n26,1,1,16,256,2,contract_88,4096,16384,final_contractions,784
bv_n26,1,1,16384,4096,2,contract_89,67108864,268435456,final_contractions,785
edc_n07,1,2,1,8,0,contract_0,8,64,final_contractions,786
edc_n07,1,2,1,8,0,contract_1,8,64,final_contractions,787
edc_n07,1,2,1,8,0,contract_2,8,64,final_contractions,788
edc_n07,1,2,1,8,0,contract_3,8,64,final_contractions,789
edc_n07,1,2,1,8,0,contract_4,8,64,final_contractions,790
edc_n07,1,2,1,8,0,contract_5,8,64,final_contractions,791
edc_n07,1,2,1,2,0,contract_6,2,16,final_contractions,792
edc_n07,1,2,4,1,2,contract_7,4,32,final_contractions,793
edc_n07,1,2,2,8,0,contract_8,16,128,final_contractions,794
edc_n07,1,2,8,2,1,contract_9,16,128,final_contractions,795
edc_n07,1,2,4,4,2,contract_10,16,128,final_contractions,796
edc_n07,1,2,4,8,2,contract_11,32,256,final_contractions,797
edc_n07,1,4,4,8,2,contract_12,32,512,final_contractions,798
edc_n07,1,2,4,16,2,contract_13,64,512,final_contractions,799
edc_n07,1,4,4,16,2,contract_14,64,1024,final_contractions,800
edc_n07,1,2,4,32,2,contract_15,128,1024,final_contractions,801
edc_n07,1,4,4,32,1,contract_16,128,2048,final_contractions,802
edc_n11,1,2,1,8,0,contract_0,8,64,final_contractions,803
edc_n11,1,2,1,8,0,contract_1,8,64,final_contractions,804
edc_n11,1,2,1,8,0,contract_2,8,64,final_contractions,805
edc_n11,1,2,1,8,0,contract_3,8,64,final_contractions,806
edc_n11,1,2,1,8,0,contract_4,8,64,final_contractions,807
edc_n11,1,2,1,8,0,contract_5,8,64,final_contractions,808
edc_n11,1,2,1,8,0,contract_6,8,64,final_contractions,809
edc_n11,1,2,1,8,0,contract_7,8,64,final_contractions,810
edc_n11,1,2,1,8,0,contract_8,8,64,final_contractions,811
edc_n11,1,2,1,8,0,contract_9,8,64,final_contractions,812
edc_n11,1,2,1,2,0,contract_10,2,16,final_contractions,813
edc_n11,1,2,4,1,2,contract_11,4,32,final_contractions,814
edc_n11,1,2,2,8,0,contract_12,16,128,final_contractions,815
edc_n11,1,2,8,2,1,contract_13,16,128,final_contractions,816
edc_n11,1,2,4,4,2,contract_14,16,128,final_contractions,817
edc_n11,1,2,4,4,2,contract_15,16,128,final_contractions,818
edc_n11,1,2,8,4,1,contract_16,32,256,final_contractions,819
edc_n11,1,2,8,4,1,contract_17,32,256,final_contractions,820
edc_n11,1,2,4,8,2,contract_18,32,256,final_contractions,821
edc_n11,1,2,4,16,2,contract_19,64,512,final_contractions,822
edc_n11,1,2,4,16,2,contract_20,64,512,final_contractions,823
edc_n11,1,2,8,8,1,contract_21,64,512,final_contractions,824
edc_n11,1,4,8,16,2,contract_22,128,2048,final_contractions,825
edc_n11,1,2,8,32,2,contract_23,256,2048,final_contractions,826
edc_n11,1,2,8,64,2,contract_24,512,4096,final_contractions,827
edc_n11,1,4,16,64,2,contract_25,1024,16384,final_contractions,828
edc_n11,1,16,32,64,2,contract_26,2048,131072,final_contractions,829
edc_n15,1,2,1,8,0,contract_0,8,64,final_contractions,830
edc_n15,1,2,1,8,0,contract_1,8,64,final_contractions,831
edc_n15,1,2,1,8,0,contract_2,8,64,final_contractions,832
edc_n15,1,2,1,8,0,contract_3,8,64,final_contractions,833
edc_n15,1,2,1,8,0,contract_4,8,64,final_contractions,834
edc_n15,1,2,1,8,0,contract_5,8,64,final_contractions,835
edc_n15,1,2,1,8,0,contract_6,8,64,final_contractions,836
edc_n15,1,2,1,8,0,contract_7,8,64,final_contractions,837
edc_n15,1,2,1,8,0,contract_8,8,64,final_contractions,838
edc_n15,1,2,1,8,0,contract_9,8,64,final_contractions,839
edc_n15,1,2,1,8,0,contract_10,8,64,final_contractions,840
edc_n15,1,2,1,8,0,contract_11,8,64,final_contractions,841
edc_n15,1,2,1,8,0,contract_12,8,64,final_contractions,842
edc_n15,1,2,1,8,0,contract_13,8,64,final_contractions,843
edc_n15,1,2,1,2,0,contract_14,2,16,final_contractions,844
edc_n15,1,2,4,1,2,contract_15,4,32,final_contractions,845
edc_n15,1,2,2,8,0,contract_16,16,128,final_contractions,846
edc_n15,1,2,8,2,1,contract_17,16,128,final_contractions,847
edc_n15,1,2,4,4,2,contract_18,16,128,final_contractions,848
edc_n15,1,2,4,4,2,contract_19,16,128,final_contractions,849
edc_n15,1,2,4,4,2,contract_20,16,128,final_contractions,850
edc_n15,1,2,8,4,1,contract_21,32,256,final_contractions,851
edc_n15,1,2,8,4,1,contract_22,32,256,final_contractions,852
edc_n15,1,2,8,4,1,contract_23,32,256,final_contractions,853
edc_n15,1,2,8,4,1,contract_24,32,256,final_contractions,854
edc_n15,1,2,4,8,2,contract_25,32,256,final_contractions,855
edc_n15,1,2,4,16,2,contract_26,64,512,final_contractions,856
edc_n15,1,2,4,16,2,contract_27,64,512,final_contractions,857
edc_n15,1,2,8,16,2,contract_28,128,1024,final_contractions,858
edc_n15,1,2,8,16,1,contract_29,128,1024,final_contractions,859
edc_n15,1,4,8,32,2,contract_30,256,4096,final_contractions,860
edc_n15,1,2,8,32,2,contract_31,256,2048,final_contractions,861
edc_n15,1,4,4,64,2,contract_32,256,4096,final_contractions,862
edc_n15,1,2,8,128,2,contract_33,1024,8192,final_contractions,863
edc_n15,1,8,16,128,2,contract_34,2048,65536,final_contractions,864
edc_n15,1,4,16,512,2,contract_35,8192,131072,final_contractions,865
edc_n15,1,8,32,1024,2,contract_36,32768,1048576,final_contractions,866
edc_n17,1,2,1,8,0,contract_0,8,64,final_contractions,867
edc_n17,1,2,1,8,0,contract_1,8,64,final_contractions,868
edc_n17,1,2,1,8,0,contract_2,8,64,final_contractions,869
edc_n17,1,2,1,8,0,contract_3,8,64,final_contractions,870
edc_n17,1,2,1,8,0,contract_4,8,64,final_contractions,871
edc_n17,1,2,1,8,0,contract_5,8,64,final_contractions,872
edc_n17,1,2,1,8,0,contract_6,8,64,final_contractions,873
edc_n17,1,2,1,8,0,contract_7,8,64,final_contractions,874
edc_n17,1,2,1,8,0,contract_8,8,64,final_contractions,875
edc_n17,1,2,1,8,0,contract_9,8,64,final_contractions,876
edc_n17,1,2,1,8,0,contract_10,8,64,final_contractions,877
edc_n17,1,2,1,8,0,contract_11,8,64,final_contractions,878
edc_n17,1,2,1,8,0,contract_12,8,64,final_contractions,879
edc_n17,1,2,1,8,0,contract_13,8,64,final_contractions,880
edc_n17,1,2,1,8,0,contract_14,8,64,final_contractions,881
edc_n17,1,2,1,8,0,contract_15,8,64,final_contractions,882
edc_n17,1,2,1,2,0,contract_16,2,16,final_contractions,883
edc_n17,1,2,4,1,2,contract_17,4,32,final_contractions,884
edc_n17,1,2,2,8,0,contract_18,16,128,final_contractions,885
edc_n17,1,2,8,2,1,contract_19,16,128,final_contractions,886
edc_n17,1,2,4,4,2,contract_20,16,128,final_contractions,887
edc_n17,1,2,4,4,2,contract_21,16,128,final_contractions,888
edc_n17,1,2,4,4,2,contract_22,16,128,final_contractions,889
edc_n17,1,2,4,4,2,contract_23,16,128,final_contractions,890
edc_n17,1,2,8,4,1,contract_24,32,256,final_contractions,891
edc_n17,1,2,8,4,1,contract_25,32,256,final_contractions,892
edc_n17,1,2,8,4,1,contract_26,32,256,final_contractions,893
edc_n17,1,2,8,4,1,contract_27,32,256,final_contractions,894
edc_n17,1,2,8,4,1,contract_28,32,256,final_contractions,895
edc_n17,1,2,4,16,2,contract_29,64,512,final_contractions,896
edc_n17,1,2,4,16,2,contract_30,64,512,final_contractions,897
edc_n17,1,2,8,8,1,contract_31,64,512,final_contractions,898
edc_n17,1,2,8,16,2,contract_32,128,1024,final_contractions,899
edc_n17,1,2,8,32,2,contract_33,256,2048,final_contractions,900
edc_n17,1,4,4,64,2,contract_34,256,4096,final_contractions,901
edc_n17,1,2,8,128,2,contract_35,1024,8192,final_contractions,902
edc_n17,1,8,16,128,2,contract_36,2048,65536,final_contractions,903
edc_n17,1,4,16,512,2,contract_37,8192,131072,final_contractions,904
edc_n17,1,2,8,4096,2,contract_38,32768,262144,final_contractions,905
edc_n17,1,4,8,8192,2,contract_39,65536,1048576,final_contractions,906
edc_n17,1,4,8,16384,2,contract_40,131072,2097152,final_contractions,907
edc_n17,1,8,8,16384,2,contract_41,131072,4194304,final_contractions,908
edc_n19,1,2,1,8,0,contract_0,8,64,final_contractions,909
edc_n19,1,2,1,8,0,contract_1,8,64,final_contractions,910
edc_n19,1,2,1,8,0,contract_2,8,64,final_contractions,911
edc_n19,1,2,1,8,0,contract_3,8,64,final_contractions,912
edc_n19,1,2,1,8,0,contract_4,8,64,final_contractions,913
edc_n19,1,2,1,8,0,contract_5,8,64,final_contractions,914
edc_n19,1,2,1,8,0,contract_6,8,64,final_contractions,915
edc_n19,1,2,1,8,0,contract_7,8,64,final_contractions,916
edc_n19,1,2,1,8,0,contract_8,8,64,final_contractions,917
edc_n19,1,2,1,8,0,contract_9,8,64,final_contractions,918
edc_n19,1,2,1,8,0,contract_10,8,64,final_contractions,919
edc_n19,1,2,1,8,0,contract_11,8,64,final_contractions,920
edc_n19,1,2,1,8,0,contract_12,8,64,final_contractions,921
edc_n19,1,2,1,8,0,contract_13,8,64,final_contractions,922
edc_n19,1,2,1,8,0,contract_14,8,64,final_contractions,923
edc_n19,1,2,1,8,0,contract_15,8,64,final_contractions,924
edc_n19,1,2,1,8,0,contract_16,8,64,final_contractions,925
edc_n19,1,2,1,8,0,contract_17,8,64,final_contractions,926
edc_n19,1,2,1,2,0,contract_18,2,16,final_contractions,927
edc_n19,1,2,4,1,2,contract_19,4,32,final_contractions,928
edc_n19,1,2,2,8,0,contract_20,16,128,final_contractions,929
edc_n19,1,2,8,2,1,contract_21,16,128,final_contractions,930
edc_n19,1,2,4,4,2,contract_22,16,128,final_contractions,931
edc_n19,1,2,4,4,2,contract_23,16,128,final_contractions,932
edc_n19,1,2,4,4,2,contract_24,16,128,final_contractions,933
edc_n19,1,2,4,4,2,contract_25,16,128,final_contractions,934
edc_n19,1,2,8,4,1,contract_26,32,256,final_contractions,935
edc_n19,1,2,8,4,1,contract_27,32,256,final_contractions,936
edc_n19,1,2,8,4,1,contract_28,32,256,final_contractions,937
edc_n19,1,2,8,4,1,contract_29,32,256,final_contractions,938
edc_n19,1,2,8,4,1,contract_30,32,256,final_contractions,939
edc_n19,1,2,8,4,1,contract_31,32,256,final_contractions,940
edc_n19,1,2,4,8,2,contract_32,32,256,final_contractions,941
edc_n19,1,2,4,16,2,contract_33,64,512,final_contractions,942
edc_n19,1,2,4,16,2,contract_34,64,512,final_contractions,943
edc_n19,1,2,8,8,1,contract_35,64,512,final_contractions,944
edc_n19,1,2,8,16,2,contract_36,128,1024,final_contractions,945
edc_n19,1,2,8,32,2,contract_37,256,2048,final_contractions,946
edc_n19,1,4,4,64,2,contract_38,256,4096,final_contractions,947
edc_n19,1,4,16,32,2,contract_39,512,8192,final_contractions,948
edc_n19,1,4,8,128,2,contract_40,1024,16384,final_contractions,949
edc_n19,1,2,8,128,2,contract_41,1024,8192,final_contractions,950
edc_n19,1,4,8,256,2,contract_42,2048,32768,final_contractions,951
edc_n19,1,4,8,256,2,contract_43,2048,32768,final_contractions,952
edc_n19,1,4,8,512,2,contract_44,4096,65536,final_contractions,953
edc_n19,1,4,16,1024,2,contract_45,16384,262144,final_contractions,954
edc_n19,1,8,256,2048,2,contract_46,524288,16777216,final_contractions,955
edc_n21,1,2,1,8,0,contract_0,8,64,final_contractions,956
edc_n21,1,2,1,8,0,contract_1,8,64,final_contractions,957
edc_n21,1,2,1,8,0,contract_2,8,64,final_contractions,958
edc_n21,1,2,1,8,0,contract_3,8,64,final_contractions,959
edc_n21,1,2,1,8,0,contract_4,8,64,final_contractions,960
edc_n21,1,2,1,8,0,contract_5,8,64,final_contractions,961
edc_n21,1,2,1,8,0,contract_6,8,64,final_contractions,962
edc_n21,1,2,1,8,0,contract_7,8,64,final_contractions,963
edc_n21,1,2,1,8,0,contract_8,8,64,final_contractions,964
edc_n21,1,2,1,8,0,contract_9,8,64,final_contractions,965
edc_n21,1,2,1,8,0,contract_10,8,64,final_contractions,966
edc_n21,1,2,1,8,0,contract_11,8,64,final_contractions,967
edc_n21,1,2,1,8,0,contract_12,8,64,final_contractions,968
edc_n21,1,2,1,8,0,contract_13,8,64,final_contractions,969
edc_n21,1,2,1,8,0,contract_14,8,64,final_contractions,970
edc_n21,1,2,1,8,0,contract_15,8,64,final_contractions,971
edc_n21,1,2,1,8,0,contract_16,8,64,final_contractions,972
edc_n21,1,2,1,8,0,contract_17,8,64,final_contractions,973
edc_n21,1,2,1,8,0,contract_18,8,64,final_contractions,974
edc_n21,1,2,1,8,0,contract_19,8,64,final_contractions,975
edc_n21,1,2,1,2,0,contract_20,2,16,final_contractions,976
edc_n21,1,2,4,1,2,contract_21,4,32,final_contractions,977
edc_n21,1,2,2,8,0,contract_22,16,128,final_contractions,978
edc_n21,1,2,8,2,1,contract_23,16,128,final_contractions,979
edc_n21,1,2,4,4,2,contract_24,16,128,final_contractions,980
edc_n21,1,2,4,4,2,contract_25,16,128,final_contractions,981
edc_n21,1,2,4,4,2,contract_26,16,128,final_contractions,982
edc_n21,1,2,4,4,2,contract_27,16,128,final_contractions,983
edc_n21,1,2,8,4,1,contract_28,32,256,final_contractions,984
edc_n21,1,2,8,4,1,contract_29,32,256,final_contractions,985
edc_n21,1,2,8,4,1,contract_30,32,256,final_contractions,986
edc_n21,1,2,8,4,1,contract_31,32,256,final_contractions,987
edc_n21,1,2,8,4,1,contract_32,32,256,final_contractions,988
edc_n21,1,2,8,4,1,contract_33,32,256,final_contractions,989
edc_n21,1,2,8,4,1,contract_34,32,256,final_contractions,990
edc_n21,1,2,4,8,2,contract_35,32,256,final_contractions,991
edc_n21,1,2,4,8,2,contract_36,32,256,final_contractions,992
edc_n21,1,2,4,16,2,contract_37,64,512,final_contractions,993
edc_n21,1,2,4,16,2,contract_38,64,512,final_contractions,994
edc_n21,1,2,8,16,1,contract_39,128,1024,final_contractions,995
edc_n21,1,2,8,16,2,contract_40,128,1024,final_contractions,996
edc_n21,1,4,8,32,2,contract_41,256,4096,final_contractions,997
edc_n21,1,2,8,32,2,contract_42,256,2048,final_contractions,998
edc_n21,1,4,4,64,2,contract_43,256,4096,final_contractions,999
edc_n21,1,4,16,32,2,contract_44,512,8192,final_contractions,1000
edc_n21,1,4,8,128,2,contract_45,1024,16384,final_contractions,1001
edc_n21,1,2,8,128,2,contract_46,1024,8192,final_contractions,1002
edc_n21,1,4,8,256,2,contract_47,2048,32768,final_contractions,1003
edc_n21,1,4,8,256,2,contract_48,2048,32768,final_contractions,1004
edc_n21,1,4,8,512,2,contract_49,4096,65536,final_contractions,1005
edc_n21,1,4,64,512,2,contract_50,32768,524288,final_contractions,1006
edc_n21,1,8,512,4096,2,contract_51,2097152,67108864,final_contractions,1007
edc_n23,1,2,1,8,0,contract_0,8,64,final_contractions,1008
edc_n23,1,2,1,8,0,contract_1,8,64,final_contractions,1009
edc_n23,1,2,1,8,0,contract_2,8,64,final_contractions,1010
edc_n23,1,2,1,8,0,contract_3,8,64,final_contractions,1011
edc_n23,1,2,1,8,0,contract_4,8,64,final_contractions,1012
edc_n23,1,2,1,8,0,contract_5,8,64,final_contractions,1013
edc_n23,1,2,1,8,0,contract_6,8,64,final_contractions,1014
edc_n23,1,2,1,8,0,contract_7,8,64,final_contractions,1015
edc_n23,1,2,1,8,0,contract_8,8,64,final_contractions,1016
edc_n23,1,2,1,8,0,contract_9,8,64,final_contractions,1017
edc_n23,1,2,1,8,0,contract_10,8,64,final_contractions,1018
edc_n23,1,2,1,8,0,contract_11,8,64,final_contractions,1019
edc_n23,1,2,1,8,0,contract_12,8,64,final_contractions,1020
edc_n23,1,2,1,8,0,contract_13,8,64,final_contractions,1021
edc_n23,1,2,1,8,0,contract_14,8,64,final_contractions,1022
edc_n23,1,2,1,8,0,contract_15,8,64,final_contractions,1023
edc_n23,1,2,1,8,0,contract_16,8,64,final_contractions,1024
edc_n23,1,2,1,8,0,contract_17,8,64,final_contractions,1025
edc_n23,1,2,1,8,0,contract_18,8,64,final_contractions,1026
edc_n23,1,2,1,8,0,contract_19,8,64,final_contractions,1027
edc_n23,1,2,1,8,0,contract_20,8,64,final_contractions,1028
edc_n23,1,2,1,8,0,contract_21,8,64,final_contractions,1029
edc_n23,1,2,1,2,0,contract_22,2,16,final_contractions,1030
edc_n23,1,2,4,1,2,contract_23,4,32,final_contractions,1031
edc_n23,1,2,2,8,0,contract_24,16,128,final_contractions,1032
edc_n23,1,2,8,2,1,contract_25,16,128,final_contractions,1033
edc_n23,1,2,4,4,2,contract_26,16,128,final_contractions,1034
edc_n23,1,2,4,4,2,contract_27,16,128,final_contractions,1035
edc_n23,1,2,4,4,2,contract_28,16,128,final_contractions,1036
edc_n23,1,2,4,4,2,contract_29,16,128,final_contractions,1037
edc_n23,1,2,4,4,2,contract_30,16,128,final_contractions,1038
edc_n23,1,2,8,4,1,contract_31,32,256,final_contractions,1039
edc_n23,1,2,8,4,1,contract_32,32,256,final_contractions,1040
edc_n23,1,2,8,4,1,contract_33,32,256,final_contractions,1041
edc_n23,1,2,8,4,1,contract_34,32,256,final_contractions,1042
edc_n23,1,2,8,4,1,contract_35,32,256,final_contractions,1043
edc_n23,1,2,8,4,1,contract_36,32,256,final_contractions,1044
edc_n23,1,2,8,4,1,contract_37,32,256,final_contractions,1045
edc_n23,1,2,8,4,1,contract_38,32,256,final_contractions,1046
edc_n23,1,2,4,8,2,contract_39,32,256,final_contractions,1047
edc_n23,1,2,4,16,2,contract_40,64,512,final_contractions,1048
edc_n23,1,2,4,16,2,contract_41,64,512,final_contractions,1049
edc_n23,1,2,8,16,2,contract_42,128,1024,final_contractions,1050
edc_n23,1,2,8,16,1,contract_43,128,1024,final_contractions,1051
edc_n23,1,4,8,32,2,contract_44,256,4096,final_contractions,1052
edc_n23,1,2,8,32,2,contract_45,256,2048,final_contractions,1053
edc_n23,1,4,4,64,2,contract_46,256,4096,final_contractions,1054
edc_n23,1,4,8,64,2,contract_47,512,8192,final_contractions,1055
edc_n23,1,2,8,64,2,contract_48,512,4096,final_contractions,1056
edc_n23,1,4,4,128,2,contract_49,512,8192,final_contractions,1057
edc_n23,1,4,8,128,2,contract_50,1024,16384,final_contractions,1058
edc_n23,1,4,16,256,2,contract_51,4096,65536,final_contractions,1059
edc_n23,1,2,8,2048,2,contract_52,16384,131072,final_contractions,1060
edc_n23,1,4,8,4096,2,contract_53,32768,524288,final_contractions,1061
edc_n23,1,4,8,8192,2,contract_54,65536,1048576,final_contractions,1062
edc_n23,1,4,64,16384,2,contract_55,1048576,16777216,final_contractions,1063
edc_n23,1,8,64,131072,2,contract_56,8388608,268435456,final_contractions,1064
edc_n25,1,2,1,8,0,contract_0,8,64,final_contractions,1065
edc_n25,1,2,1,8,0,contract_1,8,64,final_contractions,1066
edc_n25,1,2,1,8,0,contract_2,8,64,final_contractions,1067
edc_n25,1,2,1,8,0,contract_3,8,64,final_contractions,1068
edc_n25,1,2,1,8,0,contract_4,8,64,final_contractions,1069
edc_n25,1,2,1,8,0,contract_5,8,64,final_contractions,1070
edc_n25,1,2,1,8,0,contract_6,8,64,final_contractions,1071
edc_n25,1,2,1,8,0,contract_7,8,64,final_contractions,1072
edc_n25,1,2,1,8,0,contract_8,8,64,final_contractions,1073
edc_n25,1,2,1,8,0,contract_9,8,64,final_contractions,1074
edc_n25,1,2,1,8,0,contract_10,8,64,final_contractions,1075
edc_n25,1,2,1,8,0,contract_11,8,64,final_contractions,1076
edc_n25,1,2,1,8,0,contract_12,8,64,final_contractions,1077
edc_n25,1,2,1,8,0,contract_13,8,64,final_contractions,1078
edc_n25,1,2,1,8,0,contract_14,8,64,final_contractions,1079
edc_n25,1,2,1,8,0,contract_15,8,64,final_contractions,1080
edc_n25,1,2,1,8,0,contract_16,8,64,final_contractions,1081
edc_n25,1,2,1,8,0,contract_17,8,64,final_contractions,1082
edc_n25,1,2,1,8,0,contract_18,8,64,final_contractions,1083
edc_n25,1,2,1,8,0,contract_19,8,64,final_contractions,1084
edc_n25,1,2,1,8,0,contract_20,8,64,final_contractions,1085
edc_n25,1,2,1,8,0,contract_21,8,64,final_contractions,1086
edc_n25,1,2,1,8,0,contract_22,8,64,final_contractions,1087
edc_n25,1,2,1,8,0,contract_23,8,64,final_contractions,1088
edc_n25,1,2,1,2,0,contract_24,2,16,final_contractions,1089
edc_n25,1,2,4,1,2,contract_25,4,32,final_contractions,1090
edc_n25,1,2,2,8,0,contract_26,16,128,final_contractions,1091
edc_n25,1,2,8,2,1,contract_27,16,128,final_contractions,1092
edc_n25,1,2,4,4,2,contract_28,16,128,final_contractions,1093
edc_n25,1,2,4,4,2,contract_29,16,128,final_contractions,1094
edc_n25,1,2,4,4,2,contract_30,16,128,final_contractions,1095
edc_n25,1,2,4,4,2,contract_31,16,128,final_contractions,1096
edc_n25,1,2,4,4,2,contract_32,16,128,final_contractions,1097
edc_n25,1,2,4,4,2,contract_33,16,128,final_contractions,1098
edc_n25,1,2,8,4,1,contract_34,32,256,final_contractions,1099
edc_n25,1,2,8,4,1,contract_35,32,256,final_contractions,1100
edc_n25,1,2,8,4,1,contract_36,32,256,final_contractions,1101
edc_n25,1,2,8,4,1,contract_37,32,256,final_contractions,1102
edc_n25,1,2,8,4,1,contract_38,32,256,final_contractions,1103
edc_n25,1,2,8,4,1,contract_39,32,256,final_contractions,1104
edc_n25,1,2,8,4,1,contract_40,32,256,final_contractions,1105
edc_n25,1,2,8,4,1,contract_41,32,256,final_contractions,1106
edc_n25,1,2,8,4,1,contract_42,32,256,final_contractions,1107
edc_n25,1,2,4,16,2,contract_43,64,512,final_contractions,1108
edc_n25,1,2,4,16,2,contract_44,64,512,final_contractions,1109
edc_n25,1,2,8,8,1,contract_45,64,512,final_contractions,1110
edc_n25,1,2,8,16,2,contract_46,128,1024,final_contractions,1111
edc_n25,1,2,8,32,2,contract_47,256,2048,final_contractions,1112
edc_n25,1,4,4,64,2,contract_48,256,4096,final_contractions,1113
edc_n25,1,4,8,64,2,contract_49,512,8192,final_contractions,1114
edc_n25,1,2,8,64,2,contract_50,512,4096,final_contractions,1115
edc_n25,1,4,4,128,2,contract_51,512,8192,final_contractions,1116
edc_n25,1,4,8,128,2,contract_52,1024,16384,final_contractions,1117
edc_n25,1,4,16,256,2,contract_53,4096,65536,final_contractions,1118
edc_n25,1,2,8,2048,2,contract_54,16384,131072,final_contractions,1119
edc_n25,1,4,8,4096,2,contract_55,32768,524288,final_contractions,1120
edc_n25,1,4,8,8192,2,contract_56,65536,1048576,final_contractions,1121
edc_n25,1,2,8,32768,2,contract_57,262144,2097152,final_contractions,1122
edc_n25,1,4,8,65536,2,contract_58,524288,8388608,final_contractions,1123
edc_n25,1,4,8,131072,2,contract_59,1048576,16777216,final_contractions,1124
edc_n25,1,4,16,262144,2,contract_60,4194304,67108864,final_contractions,1125
edc_n25,1,8,64,524288,2,contract_61,33554432,1073741824,final_contractions,1126
hs_n08,1,2,1,2,0,contract_0,2,16,final_contractions,1127
hs_n08,1,2,1,2,0,contract_1,2,16,final_contractions,1128
hs_n08,1,2,2,8,0,contract_2,16,128,final_contractions,1129
hs_n08,1,2,1,8,2,contract_3,8,64,final_contractions,1130
hs_n08,1,2,2,2,0,contract_4,4,32,final_contractions,1131
hs_n08,1,2,2,2,0,contract_5,4,32,final_contractions,1132
hs_n08,1,2,2,8,0,contract_6,16,128,final_contractions,1133
hs_n08,1,2,2,2,0,contract_7,4,32,final_contractions,1134
hs_n08,1,2,1,2,0,contract_8,2,16,final_contractions,1135
hs_n08,1,2,1,2,0,contract_9,2,16,final_contractions,1136
hs_n08,1,2,2,8,0,contract_10,16,128,final_contractions,1137
hs_n08,1,2,1,8,2,contract_11,8,64,final_contractions,1138
hs_n08,1,2,2,2,0,contract_12,4,32,final_contractions,1139
hs_n08,1,2,2,2,0,contract_13,4,32,final_contractions,1140
hs_n08,1,2,2,8,0,contract_14,16,128,final_contractions,1141
hs_n08,1,2,2,2,0,contract_15,4,32,final_contractions,1142
hs_n08,1,2,1,2,0,contract_16,2,16,final_contractions,1143
hs_n08,1,2,1,2,0,contract_17,2,16,final_contractions,1144
hs_n08,1,2,2,8,0,contract_18,16,128,final_contractions,1145
hs_n08,1,2,1,8,2,contract_19,8,64,final_contractions,1146
hs_n08,1,2,2,2,0,contract_20,4,32,final_contractions,1147
hs_n08,1,2,2,2,0,contract_21,4,32,final_contractions,1148
hs_n08,1,2,2,8,0,contract_22,16,128,final_contractions,1149
hs_n08,1,2,2,2,0,contract_23,4,32,final_contractions,1150
hs_n08,1,2,1,2,0,contract_24,2,16,final_contractions,1151
hs_n08,1,2,1,2,0,contract_25,2,16,final_contractions,1152
hs_n08,1,2,2,8,0,contract_26,16,128,final_contractions,1153
hs_n08,1,2,1,8,2,contract_27,8,64,final_contractions,1154
hs_n08,1,2,2,2,0,contract_28,4,32,final_contractions,1155
hs_n08,1,2,2,2,0,contract_29,4,32,final_contractions,1156
hs_n08,1,2,2,8,0,contract_30,16,128,final_contractions,1157
hs_n08,1,2,2,2,0,contract_31,4,32,final_contractions,1158
hs_n08,1,2,2,1,1,contract_32,2,16,final_contractions,1159
hs_n08,1,2,4,1,2,contract_33,4,32,final_contractions,1160
hs_n08,1,2,8,2,2,contract_34,16,128,final_contractions,1161
hs_n08,1,2,2,1,1,contract_35,2,16,final_contractions,1162
hs_n08,1,2,4,1,2,contract_36,4,32,final_contractions,1163
hs_n08,1,2,8,2,2,contract_37,16,128,final_contractions,1164
hs_n08,1,2,2,1,1,contract_38,2,16,final_contractions,1165
hs_n08,1,2,4,1,2,contract_39,4,32,final_contractions,1166
hs_n08,1,2,8,2,2,contract_40,16,128,final_contractions,1167
hs_n08,1,2,2,1,1,contract_41,2,16,final_contractions,1168
hs_n08,1,2,4,1,2,contract_42,4,32,final_contractions,1169
hs_n08,1,2,8,2,2,contract_43,16,128,final_contractions,1170
hs_n08,1,2,2,2,2,contract_44,4,32,final_contractions,1171
hs_n08,1,2,2,8,1,contract_45,16,128,final_contractions,1172
hs_n08,1,2,2,2,2,contract_46,4,32,final_contractions,1173
hs_n08,1,2,2,8,1,contract_47,16,128,final_contractions,1174
hs_n08,1,2,2,2,2,contract_48,4,32,final_contractions,1175
hs_n08,1,2,2,8,1,contract_49,16,128,final_contractions,1176
hs_n08,1,2,2,2,2,contract_50,4,32,final_contractions,1177
hs_n08,1,2,2,8,1,contract_51,16,128,final_contractions,1178
hs_n08,1,2,2,2,2,contract_52,4,32,final_contractions,1179
hs_n08,1,4,4,1,2,contract_53,4,64,final_contractions,1180
hs_n08,1,2,2,2,2,contract_54,4,32,final_contractions,1181
hs_n08,1,4,4,1,2,contract_55,4,64,final_contractions,1182
hs_n08,1,2,2,2,2,contract_56,4,32,final_contractions,1183
hs_n08,1,4,4,1,2,contract_57,4,64,final_contractions,1184
hs_n08,1,2,2,2,2,contract_58,4,32,final_contractions,1185
hs_n08,1,4,4,1,2,contract_59,4,64,final_contractions,1186
hs_n08,1,1,4,4,2,contract_60,16,64,final_contractions,1187
hs_n08,1,1,4,4,2,contract_61,16,64,final_contractions,1188
hs_n08,1,1,16,16,2,contract_62,256,1024,final_contractions,1189
hs_n12,1,2,1,2,0,contract_0,2,16,final_contractions,1190
hs_n12,1,2,1,2,0,contract_1,2,16,final_contractions,1191
hs_n12,1,2,2,8,0,contract_2,16,128,final_contractions,1192
hs_n12,1,2,1,8,2,contract_3,8,64,final_contractions,1193
hs_n12,1,2,2,2,0,contract_4,4,32,final_contractions,1194
hs_n12,1,2,2,2,0,contract_5,4,32,final_contractions,1195
hs_n12,1,2,2,8,0,contract_6,16,128,final_contractions,1196
hs_n12,1,2,2,2,0,contract_7,4,32,final_contractions,1197
hs_n12,1,2,1,2,0,contract_8,2,16,final_contractions,1198
hs_n12,1,2,1,2,0,contract_9,2,16,final_contractions,1199
hs_n12,1,2,2,8,0,contract_10,16,128,final_contractions,1200
hs_n12,1,2,1,8,2,contract_11,8,64,final_contractions,1201
hs_n12,1,2,2,2,0,contract_12,4,32,final_contractions,1202
hs_n12,1,2,2,2,0,contract_13,4,32,final_contractions,1203
hs_n12,1,2,2,8,0,contract_14,16,128,final_contractions,1204
hs_n12,1,2,2,2,0,contract_15,4,32,final_contractions,1205
hs_n12,1,2,1,2,0,contract_16,2,16,final_contractions,1206
hs_n12,1,2,1,2,0,contract_17,2,16,final_contractions,1207
hs_n12,1,2,2,8,0,contract_18,16,128,final_contractions,1208
hs_n12,1,2,1,8,2,contract_19,8,64,final_contractions,1209
hs_n12,1,2,2,2,0,contract_20,4,32,final_contractions,1210
hs_n12,1,2,2,2,0,contract_21,4,32,final_contractions,1211
hs_n12,1,2,2,8,0,contract_22,16,128,final_contractions,1212
hs_n12,1,2,2,2,0,contract_23,4,32,final_contractions,1213
hs_n12,1,2,1,2,0,contract_24,2,16,final_contractions,1214
hs_n12,1,2,1,2,0,contract_25,2,16,final_contractions,1215
hs_n12,1,2,2,8,0,contract_26,16,128,final_contractions,1216
hs_n12,1,2,1,8,2,contract_27,8,64,final_contractions,1217
hs_n12,1,2,2,2,0,contract_28,4,32,final_contractions,1218
hs_n12,1,2,2,2,0,contract_29,4,32,final_contractions,1219
hs_n12,1,2,2,8,0,contract_30,16,128,final_contractions,1220
hs_n12,1,2,2,2,0,contract_31,4,32,final_contractions,1221
hs_n12,1,2,1,2,0,contract_32,2,16,final_contractions,1222
hs_n12,1,2,1,2,0,contract_33,2,16,final_contractions,1223
hs_n12,1,2,2,8,0,contract_34,16,128,final_contractions,1224
hs_n12,1,2,1,8,2,contract_35,8,64,final_contractions,1225
hs_n12,1,2,2,2,0,contract_36,4,32,final_contractions,1226
hs_n12,1,2,2,2,0,contract_37,4,32,final_contractions,1227
hs_n12,1,2,2,8,0,contract_38,16,128,final_contractions,1228
hs_n12,1,2,2,2,0,contract_39,4,32,final_contractions,1229
hs_n12,1,2,1,2,0,contract_40,2,16,final_contractions,1230
hs_n12,1,2,1,2,0,contract_41,2,16,final_contractions,1231
hs_n12,1,2,2,8,0,contract_42,16,128,final_contractions,1232
hs_n12,1,2,1,8,2,contract_43,8,64,final_contractions,1233
hs_n12,1,2,2,2,0,contract_44,4,32,final_contractions,1234
hs_n12,1,2,2,2,0,contract_45,4,32,final_contractions,1235
hs_n12,1,2,2,8,0,contract_46,16,128,final_contractions,1236
hs_n12,1,2,2,2,0,contract_47,4,32,final_contractions,1237
hs_n12,1,2,2,1,1,contract_48,2,16,final_contractions,1238
hs_n12,1,2,4,1,2,contract_49,4,32,final_contractions,1239
hs_n12,1,2,8,2,2,contract_50,16,128,final_contractions,1240
hs_n12,1,2,2,1,1,contract_51,2,16,final_contractions,1241
hs_n12,1,2,4,1,2,contract_52,4,32,final_contractions,1242
hs_n12,1,2,8,2,2,contract_53,16,128,final_contractions,1243
hs_n12,1,2,2,1,1,contract_54,2,16,final_contractions,1244
hs_n12,1,2,4,1,2,contract_55,4,32,final_contractions,1245
hs_n12,1,2,8,2,2,contract_56,16,128,final_contractions,1246
hs_n12,1,2,2,1,1,contract_57,2,16,final_contractions,1247
hs_n12,1,2,4,1,2,contract_58,4,32,final_contractions,1248
hs_n12,1,2,8,2,2,contract_59,16,128,final_contractions,1249
hs_n12,1,2,2,1,1,contract_60,2,16,final_contractions,1250
hs_n12,1,2,4,1,2,contract_61,4,32,final_contractions,1251
hs_n12,1,2,8,2,2,contract_62,16,128,final_contractions,1252
hs_n12,1,2,2,1,1,contract_63,2,16,final_contractions,1253
hs_n12,1,2,4,1,2,contract_64,4,32,final_contractions,1254
hs_n12,1,2,8,2,2,contract_65,16,128,final_contractions,1255
hs_n12,1,2,2,2,2,contract_66,4,32,final_contractions,1256
hs_n12,1,2,2,8,1,contract_67,16,128,final_contractions,1257
hs_n12,1,2,2,2,2,contract_68,4,32,final_contractions,1258
hs_n12,1,2,2,8,1,contract_69,16,128,final_contractions,1259
hs_n12,1,2,2,2,2,contract_70,4,32,final_contractions,1260
hs_n12,1,2,2,8,1,contract_71,16,128,final_contractions,1261
hs_n12,1,2,2,2,2,contract_72,4,32,final_contractions,1262
hs_n12,1,2,2,8,1,contract_73,16,128,final_contractions,1263
hs_n12,1,2,2,2,2,contract_74,4,32,final_contractions,1264
hs_n12,1,2,2,8,1,contract_75,16,128,final_contractions,1265
hs_n12,1,2,2,2,2,contract_76,4,32,final_contractions,1266
hs_n12,1,2,2,8,1,contract_77,16,128,final_contractions,1267
hs_n12,1,2,2,2,2,contract_78,4,32,final_contractions,1268
hs_n12,1,4,4,1,2,contract_79,4,64,final_contractions,1269
hs_n12,1,2,2,2,2,contract_80,4,32,final_contractions,1270
hs_n12,1,4,4,1,2,contract_81,4,64,final_contractions,1271
hs_n12,1,2,2,2,2,contract_82,4,32,final_contractions,1272
hs_n12,1,4,4,1,2,contract_83,4,64,final_contractions,1273
hs_n12,1,2,2,2,2,contract_84,4,32,final_contractions,1274
hs_n12,1,4,4,1,2,contract_85,4,64,final_contractions,1275
hs_n12,1,2,2,2,2,contract_86,4,32,final_contractions,1276
hs_n12,1,4,4,1,2,contract_87,4,64,final_contractions,1277
hs_n12,1,2,2,2,2,contract_88,4,32,final_contractions,1278
hs_n12,1,4,4,1,2,contract_89,4,64,final_contractions,1279
hs_n12,1,1,4,4,2,contract_90,16,64,final_contractions,1280
hs_n12,1,1,4,4,2,contract_91,16,64,final_contractions,1281
hs_n12,1,1,4,4,2,contract_92,16,64,final_contractions,1282
hs_n12,1,1,16,16,2,contract_93,256,1024,final_contractions,1283
hs_n12,1,1,16,256,2,contract_94,4096,16384,final_contractions,1284
hs_n16,1,2,1,2,0,contract_0,2,16,final_contractions,1285
hs_n16,1,2,1,2,0,contract_1,2,16,final_contractions,1286
hs_n16,1,2,2,8,0,contract_2,16,128,final_contractions,1287
hs_n16,1,2,1,8,2,contract_3,8,64,final_contractions,1288
hs_n16,1,2,2,2,0,contract_4,4,32,final_contractions,1289
hs_n16,1,2,2,2,0,contract_5,4,32,final_contractions,1290
hs_n16,1,2,2,8,0,contract_6,16,128,final_contractions,1291
hs_n16,1,2,2,2,0,contract_7,4,32,final_contractions,1292
hs_n16,1,2,1,2,0,contract_8,2,16,final_contractions,1293
hs_n16,1,2,1,2,0,contract_9,2,16,final_contractions,1294
hs_n16,1,2,2,8,0,contract_10,16,128,final_contractions,1295
hs_n16,1,2,1,8,2,contract_11,8,64,final_contractions,1296
hs_n16,1,2,2,2,0,contract_12,4,32,final_contractions,1297
hs_n16,1,2,2,2,0,contract_13,4,32,final_contractions,1298
hs_n16,1,2,2,8,0,contract_14,16,128,final_contractions,1299
hs_n16,1,2,2,2,0,contract_15,4,32,final_contractions,1300
hs_n16,1,2,1,2,0,contract_16,2,16,final_contractions,1301
hs_n16,1,2,1,2,0,contract_17,2,16,final_contractions,1302
hs_n16,1,2,2,8,0,contract_18,16,128,final_contractions,1303
hs_n16,1,2,1,8,2,contract_19,8,64,final_contractions,1304
hs_n16,1,2,2,2,0,contract_20,4,32,final_contractions,1305
hs_n16,1,2,2,2,0,contract_21,4,32,final_contractions,1306
hs_n16,1,2,2,8,0,contract_22,16,128,final_contractions,1307
hs_n16,1,2,2,2,0,contract_23,4,32,final_contractions,1308
hs_n16,1,2,1,2,0,contract_24,2,16,final_contractions,1309
hs_n16,1,2,1,2,0,contract_25,2,16,final_contractions,1310
hs_n16,1,2,2,8,0,contract_26,16,128,final_contractions,1311
hs_n16,1,2,1,8,2,contract_27,8,64,final_contractions,1312
hs_n16,1,2,2,2,0,contract_28,4,32,final_contractions,1313
hs_n16,1,2,2,2,0,contract_29,4,32,final_contractions,1314
hs_n16,1,2,2,8,0,contract_30,16,128,final_contractions,1315
hs_n16,1,2,2,2,0,contract_31,4,32,final_contractions,1316
hs_n16,1,2,1,2,0,contract_32,2,16,final_contractions,1317
hs_n16,1,2,1,2,0,contract_33,2,16,final_contractions,1318
hs_n16,1,2,2,8,0,contract_34,16,128,final_contractions,1319
hs_n16,1,2,1,8,2,contract_35,8,64,final_contractions,1320
hs_n16,1,2,2,2,0,contract_36,4,32,final_contractions,1321
hs_n16,1,2,2,2,0,contract_37,4,32,final_contractions,1322
hs_n16,1,2,2,8,0,contract_38,16,128,final_contractions,1323
hs_n16,1,2,2,2,0,contract_39,4,32,final_contractions,1324
hs_n16,1,2,1,2,0,contract_40,2,16,final_contractions,1325
hs_n16,1,2,1,2,0,contract_41,2,16,final_contractions,1326
hs_n16,1,2,2,8,0,contract_42,16,128,final_contractions,1327
hs_n16,1,2,1,8,2,contract_43,8,64,final_contractions,1328
hs_n16,1,2,2,2,0,contract_44,4,32,final_contractions,1329
hs_n16,1,2,2,2,0,contract_45,4,32,final_contractions,1330
hs_n16,1,2,2,8,0,contract_46,16,128,final_contractions,1331
hs_n16,1,2,2,2,0,contract_47,4,32,final_contractions,1332
hs_n16,1,2,1,2,0,contract_48,2,16,final_contractions,1333
hs_n16,1,2,1,2,0,contract_49,2,16,final_contractions,1334
hs_n16,1,2,2,8,0,contract_50,16,128,final_contractions,1335
hs_n16,1,2,1,8,2,contract_51,8,64,final_contractions,1336
hs_n16,1,2,2,2,0,contract_52,4,32,final_contractions,1337
hs_n16,1,2,2,2,0,contract_53,4,32,final_contractions,1338
hs_n16,1,2,2,8,0,contract_54,16,128,final_contractions,1339
hs_n16,1,2,2,2,0,contract_55,4,32,final_contractions,1340
hs_n16,1,2,1,2,0,contract_56,2,16,final_contractions,1341
hs_n16,1,2,1,2,0,contract_57,2,16,final_contractions,1342
hs_n16,1,2,2,8,0,contract_58,16,128,final_contractions,1343
hs_n16,1,2,1,8,2,contract_59,8,64,final_contractions,1344
hs_n16,1,2,2,2,0,contract_60,4,32,final_contractions,1345
hs_n16,1,2,2,2,0,contract_61,4,32,final_contractions,1346
hs_n16,1,2,2,8,0,contract_62,16,128,final_contractions,1347
hs_n16,1,2,2,2,0,contract_63,4,32,final_contractions,1348
hs_n16,1,2,2,1,1,contract_64,2,16,final_contractions,1349
hs_n16,1,2,4,1,2,contract_65,4,32,final_contractions,1350
hs_n16,1,2,8,2,2,contract_66,16,128,final_contractions,1351
hs_n16,1,2,2,1,1,contract_67,2,16,final_contractions,1352
hs_n16,1,2,4,1,2,contract_68,4,32,final_contractions,1353
hs_n16,1,2,8,2,2,contract_69,16,128,final_contractions,1354
hs_n16,1,2,2,1,1,contract_70,2,16,final_contractions,1355
hs_n16,1,2,4,1,2,contract_71,4,32,final_contractions,1356
hs_n16,1,2,8,2,2,contract_72,16,128,final_contractions,1357
hs_n16,1,2,2,1,1,contract_73,2,16,final_contractions,1358
hs_n16,1,2,4,1,2,contract_74,4,32,final_contractions,1359
hs_n16,1,2,8,2,2,contract_75,16,128,final_contractions,1360
hs_n16,1,2,2,1,1,contract_76,2,16,final_contractions,1361
hs_n16,1,2,4,1,2,contract_77,4,32,final_contractions,1362
hs_n16,1,2,8,2,2,contract_78,16,128,final_contractions,1363
hs_n16,1,2,2,1,1,contract_79,2,16,final_contractions,1364
hs_n16,1,2,4,1,2,contract_80,4,32,final_contractions,1365
hs_n16,1,2,8,2,2,contract_81,16,128,final_contractions,1366
hs_n16,1,2,2,1,1,contract_82,2,16,final_contractions,1367
hs_n16,1,2,4,1,2,contract_83,4,32,final_contractions,1368
hs_n16,1,2,8,2,2,contract_84,16,128,final_contractions,1369
hs_n16,1,2,2,1,1,contract_85,2,16,final_contractions,1370
hs_n16,1,2,4,1,2,contract_86,4,32,final_contractions,1371
hs_n16,1,2,8,2,2,contract_87,16,128,final_contractions,1372
hs_n16,1,2,2,2,2,contract_88,4,32,final_contractions,1373
hs_n16,1,2,2,8,1,contract_89,16,128,final_contractions,1374
hs_n16,1,2,2,2,2,contract_90,4,32,final_contractions,1375
hs_n16,1,2,2,8,1,contract_91,16,128,final_contractions,1376
hs_n16,1,2,2,2,2,contract_92,4,32,final_contractions,1377
hs_n16,1,2,2,8,1,contract_93,16,128,final_contractions,1378
hs_n16,1,2,2,2,2,contract_94,4,32,final_contractions,1379
hs_n16,1,2,2,8,1,contract_95,16,128,final_contractions,1380
hs_n16,1,2,2,2,2,contract_96,4,32,final_contractions,1381
hs_n16,1,2,2,8,1,contract_97,16,128,final_contractions,1382
hs_n16,1,2,2,2,2,contract_98,4,32,final_contractions,1383
hs_n16,1,2,2,8,1,contract_99,16,128,final_contractions,1384
hs_n16,1,2,2,2,2,contract_100,4,32,final_contractions,1385
hs_n16,1,2,2,8,1,contract_101,16,128,final_contractions,1386
hs_n16,1,2,2,2,2,contract_102,4,32,final_contractions,1387
hs_n16,1,2,2,8,1,contract_103,16,128,final_contractions,1388
hs_n16,1,2,2,2,2,contract_104,4,32,final_contractions,1389
hs_n16,1,4,4,1,2,contract_105,4,64,final_contractions,1390
hs_n16,1,2,2,2,2,contract_106,4,32,final_contractions,1391
hs_n16,1,4,4,1,2,contract_107,4,64,final_contractions,1392
hs_n16,1,2,2,2,2,contract_108,4,32,final_contractions,1393
hs_n16,1,4,4,1,2,contract_109,4,64,final_contractions,1394
hs_n16,1,2,2,2,2,contract_110,4,32,final_contractions,1395
hs_n16,1,4,4,1,2,contract_111,4,64,final_contractions,1396
hs_n16,1,2,2,2,2,contract_112,4,32,final_contractions,1397
hs_n16,1,4,4,1,2,contract_113,4,64,final_contractions,1398
hs_n16,1,2,2,2,2,contract_114,4,32,final_contractions,1399
hs_n16,1,4,4,1,2,contract_115,4,64,final_contractions,1400
hs_n16,1,2,2,2,2,contract_116,4,32,final_contractions,1401
hs_n16,1,4,4,1,2,contract_117,4,64,final_contractions,1402
hs_n16,1,2,2,2,2,contract_118,4,32,final_contractions,1403
hs_n16,1,4,4,1,2,contract_119,4,64,final_contractions,1404
hs_n16,1,1,4,4,2,contract_120,16,64,final_contractions,1405
hs_n16,1,1,4,4,2,contract_121,16,64,final_contractions,1406
hs_n16,1,1,4,4,2,contract_122,16,64,final_contractions,1407
hs_n16,1,1,4,4,2,contract_123,16,64,final_contractions,1408
hs_n16,1,1,16,16,2,contract_124,256,1024,final_contractions,1409
hs_n16,1,1,16,16,2,contract_125,256,1024,final_contractions,1410
hs_n16,1,1,256,256,2,contract_126,65536,262144,final_contractions,1411
hs_n18,1,2,1,2,0,contract_0,2,16,final_contractions,1412
hs_n18,1,2,1,2,0,contract_1,2,16,final_contractions,1413
hs_n18,1,2,2,8,0,contract_2,16,128,final_contractions,1414
hs_n18,1,2,1,8,2,contract_3,8,64,final_contractions,1415
hs_n18,1,2,2,2,0,contract_4,4,32,final_contractions,1416
hs_n18,1,2,2,2,0,contract_5,4,32,final_contractions,1417
hs_n18,1,2,2,8,0,contract_6,16,128,final_contractions,1418
hs_n18,1,2,2,2,0,contract_7,4,32,final_contractions,1419
hs_n18,1,2,1,2,0,contract_8,2,16,final_contractions,1420
hs_n18,1,2,1,2,0,contract_9,2,16,final_contractions,1421
hs_n18,1,2,2,8,0,contract_10,16,128,final_contractions,1422
hs_n18,1,2,1,8,2,contract_11,8,64,final_contractions,1423
hs_n18,1,2,2,2,0,contract_12,4,32,final_contractions,1424
hs_n18,1,2,2,2,0,contract_13,4,32,final_contractions,1425
hs_n18,1,2,2,8,0,contract_14,16,128,final_contractions,1426
hs_n18,1,2,2,2,0,contract_15,4,32,final_contractions,1427
hs_n18,1,2,1,2,0,contract_16,2,16,final_contractions,1428
hs_n18,1,2,1,2,0,contract_17,2,16,final_contractions,1429
hs_n18,1,2,2,8,0,contract_18,16,128,final_contractions,1430
hs_n18,1,2,1,8,2,contract_19,8,64,final_contractions,1431
hs_n18,1,2,2,2,0,contract_20,4,32,final_contractions,1432
hs_n18,1,2,2,2,0,contract_21,4,32,final_contractions,1433
hs_n18,1,2,2,8,0,contract_22,16,128,final_contractions,1434
hs_n18,1,2,2,2,0,contract_23,4,32,final_contractions,1435
hs_n18,1,2,1,2,0,contract_24,2,16,final_contractions,1436
hs_n18,1,2,1,2,0,contract_25,2,16,final_contractions,1437
hs_n18,1,2,2,8,0,contract_26,16,128,final_contractions,1438
hs_n18,1,2,1,8,2,contract_27,8,64,final_contractions,1439
hs_n18,1,2,2,2,0,contract_28,4,32,final_contractions,1440
hs_n18,1,2,2,2,0,contract_29,4,32,final_contractions,1441
hs_n18,1,2,2,8,0,contract_30,16,128,final_contractions,1442
hs_n18,1,2,2,2,0,contract_31,4,32,final_contractions,1443
hs_n18,1,2,1,2,0,contract_32,2,16,final_contractions,1444
hs_n18,1,2,1,2,0,contract_33,2,16,final_contractions,1445
hs_n18,1,2,2,8,0,contract_34,16,128,final_contractions,1446
hs_n18,1,2,1,8,2,contract_35,8,64,final_contractions,1447
hs_n18,1,2,2,2,0,contract_36,4,32,final_contractions,1448
hs_n18,1,2,2,2,0,contract_37,4,32,final_contractions,1449
hs_n18,1,2,2,8,0,contract_38,16,128,final_contractions,1450
hs_n18,1,2,2,2,0,contract_39,4,32,final_contractions,1451
hs_n18,1,2,1,2,0,contract_40,2,16,final_contractions,1452
hs_n18,1,2,1,2,0,contract_41,2,16,final_contractions,1453
hs_n18,1,2,2,8,0,contract_42,16,128,final_contractions,1454
hs_n18,1,2,1,8,2,contract_43,8,64,final_contractions,1455
hs_n18,1,2,2,2,0,contract_44,4,32,final_contractions,1456
hs_n18,1,2,2,2,0,contract_45,4,32,final_contractions,1457
hs_n18,1,2,2,8,0,contract_46,16,128,final_contractions,1458
hs_n18,1,2,2,2,0,contract_47,4,32,final_contractions,1459
hs_n18,1,2,1,2,0,contract_48,2,16,final_contractions,1460
hs_n18,1,2,1,2,0,contract_49,2,16,final_contractions,1461
hs_n18,1,2,2,8,0,contract_50,16,128,final_contractions,1462
hs_n18,1,2,1,8,2,contract_51,8,64,final_contractions,1463
hs_n18,1,2,2,2,0,contract_52,4,32,final_contractions,1464
hs_n18,1,2,2,2,0,contract_53,4,32,final_contractions,1465
hs_n18,1,2,2,8,0,contract_54,16,128,final_contractions,1466
hs_n18,1,2,2,2,0,contract_55,4,32,final_contractions,1467
hs_n18,1,2,1,2,0,contract_56,2,16,final_contractions,1468
hs_n18,1,2,1,2,0,contract_57,2,16,final_contractions,1469
hs_n18,1,2,2,8,0,contract_58,16,128,final_contractions,1470
hs_n18,1,2,1,8,2,contract_59,8,64,final_contractions,1471
hs_n18,1,2,2,2,0,contract_60,4,32,final_contractions,1472
hs_n18,1,2,2,2,0,contract_61,4,32,final_contractions,1473
hs_n18,1,2,2,8,0,contract_62,16,128,final_contractions,1474
hs_n18,1,2,2,2,0,contract_63,4,32,final_contractions,1475
hs_n18,1,2,1,2,0,contract_64,2,16,final_contractions,1476
hs_n18,1,2,1,2,0,contract_65,2,16,final_contractions,1477
hs_n18,1,2,2,8,0,contract_66,16,128,final_contractions,1478
hs_n18,1,2,1,8,2,contract_67,8,64,final_contractions,1479
hs_n18,1,2,2,2,0,contract_68,4,32,final_contractions,1480
hs_n18,1,2,2,2,0,contract_69,4,32,final_contractions,1481
hs_n18,1,2,2,8,0,contract_70,16,128,final_contractions,1482
hs_n18,1,2,2,2,0,contract_71,4,32,final_contractions,1483
hs_n18,1,2,2,1,1,contract_72,2,16,final_contractions,1484
hs_n18,1,2,4,1,2,contract_73,4,32,final_contractions,1485
hs_n18,1,2,8,2,2,contract_74,16,128,final_contractions,1486
hs_n18,1,2,2,1,1,contract_75,2,16,final_contractions,1487
hs_n18,1,2,4,1,2,contract_76,4,32,final_contractions,1488
hs_n18,1,2,8,2,2,contract_77,16,128,final_contractions,1489
hs_n18,1,2,2,1,1,contract_78,2,16,final_contractions,1490
hs_n18,1,2,4,1,2,contract_79,4,32,final_contractions,1491
hs_n18,1,2,8,2,2,contract_80,16,128,final_contractions,1492
hs_n18,1,2,2,1,1,contract_81,2,16,final_contractions,1493
hs_n18,1,2,4,1,2,contract_82,4,32,final_contractions,1494
hs_n18,1,2,8,2,2,contract_83,16,128,final_contractions,1495
hs_n18,1,2,2,1,1,contract_84,2,16,final_contractions,1496
hs_n18,1,2,4,1,2,contract_85,4,32,final_contractions,1497
hs_n18,1,2,8,2,2,contract_86,16,128,final_contractions,1498
hs_n18,1,2,2,1,1,contract_87,2,16,final_contractions,1499
hs_n18,1,2,4,1,2,contract_88,4,32,final_contractions,1500
hs_n18,1,2,8,2,2,contract_89,16,128,final_contractions,1501
hs_n18,1,2,2,1,1,contract_90,2,16,final_contractions,1502
hs_n18,1,2,4,1,2,contract_91,4,32,final_contractions,1503
hs_n18,1,2,8,2,2,contract_92,16,128,final_contractions,1504
hs_n18,1,2,2,1,1,contract_93,2,16,final_contractions,1505
hs_n18,1,2,4,1,2,contract_94,4,32,final_contractions,1506
hs_n18,1,2,8,2,2,contract_95,16,128,final_contractions,1507
hs_n18,1,2,2,1,1,contract_96,2,16,final_contractions,1508
hs_n18,1,2,4,1,2,contract_97,4,32,final_contractions,1509
hs_n18,1,2,8,2,2,contract_98,16,128,final_contractions,1510
hs_n18,1,2,2,2,2,contract_99,4,32,final_contractions,1511
hs_n18,1,2,2,8,1,contract_100,16,128,final_contractions,1512
hs_n18,1,2,2,2,2,contract_101,4,32,final_contractions,1513
hs_n18,1,2,2,8,1,contract_102,16,128,final_contractions,1514
hs_n18,1,2,2,2,2,contract_103,4,32,final_contractions,1515
hs_n18,1,2,2,8,1,contract_104,16,128,final_contractions,1516
hs_n18,1,2,2,2,2,contract_105,4,32,final_contractions,1517
hs_n18,1,2,2,8,1,contract_106,16,128,final_contractions,1518
hs_n18,1,2,2,2,2,contract_107,4,32,final_contractions,1519
hs_n18,1,2,2,8,1,contract_108,16,128,final_contractions,1520
hs_n18,1,2,2,2,2,contract_109,4,32,final_contractions,1521
hs_n18,1,2,2,8,1,contract_110,16,128,final_contractions,1522
hs_n18,1,2,2,2,2,contract_111,4,32,final_contractions,1523
hs_n18,1,2,2,8,1,contract_112,16,128,final_contractions,1524
hs_n18,1,2,2,2,2,contract_113,4,32,final_contractions,1525
hs_n18,1,2,2,8,1,contract_114,16,128,final_contractions,1526
hs_n18,1,2,2,2,2,contract_115,4,32,final_contractions,1527
hs_n18,1,2,2,8,1,contract_116,16,128,final_contractions,1528
hs_n18,1,2,2,2,2,contract_117,4,32,final_contractions,1529
hs_n18,1,4,4,1,2,contract_118,4,64,final_contractions,1530
hs_n18,1,2,2,2,2,contract_119,4,32,final_contractions,1531
hs_n18,1,4,4,1,2,contract_120,4,64,final_contractions,1532
hs_n18,1,2,2,2,2,contract_121,4,32,final_contractions,1533
hs_n18,1,4,4,1,2,contract_122,4,64,final_contractions,1534
hs_n18,1,2,2,2,2,contract_123,4,32,final_contractions,1535
hs_n18,1,4,4,1,2,contract_124,4,64,final_contractions,1536
hs_n18,1,2,2,2,2,contract_125,4,32,final_contractions,1537
hs_n18,1,4,4,1,2,contract_126,4,64,final_contractions,1538
hs_n18,1,2,2,2,2,contract_127,4,32,final_contractions,1539
hs_n18,1,4,4,1,2,contract_128,4,64,final_contractions,1540
hs_n18,1,2,2,2,2,contract_129,4,32,final_contractions,1541
hs_n18,1,4,4,1,2,contract_130,4,64,final_contractions,1542
hs_n18,1,2,2,2,2,contract_131,4,32,final_contractions,1543
hs_n18,1,4,4,1,2,contract_132,4,64,final_contractions,1544
hs_n18,1,2,2,2,2,contract_133,4,32,final_contractions,1545
hs_n18,1,4,4,1,2,contract_134,4,64,final_contractions,1546
hs_n18,1,1,4,4,2,contract_135,16,64,final_contractions,1547
hs_n18,1,1,4,4,2,contract_136,16,64,final_contractions,1548
hs_n18,1,1,4,4,2,contract_137,16,64,final_contractions,1549
hs_n18,1,1,4,4,2,contract_138,16,64,final_contractions,1550
hs_n18,1,1,4,16,2,contract_139,64,256,final_contractions,1551
hs_n18,1,1,16,16,2,contract_140,256,1024,final_contractions,1552
hs_n18,1,1,16,64,2,contract_141,1024,4096,final_contractions,1553
hs_n18,1,1,256,1024,2,contract_142,262144,1048576,final_contractions,1554
hs_n20,1,2,1,2,0,contract_0,2,16,final_contractions,1555
hs_n20,1,2,1,2,0,contract_1,2,16,final_contractions,1556
hs_n20,1,2,2,8,0,contract_2,16,128,final_contractions,1557
hs_n20,1,2,1,8,2,contract_3,8,64,final_contractions,1558
hs_n20,1,2,2,2,0,contract_4,4,32,final_contractions,1559
hs_n20,1,2,2,2,0,contract_5,4,32,final_contractions,1560
hs_n20,1,2,2,8,0,contract_6,16,128,final_contractions,1561
hs_n20,1,2,2,2,0,contract_7,4,32,final_contractions,1562
hs_n20,1,2,1,2,0,contract_8,2,16,final_contractions,1563
hs_n20,1,2,1,2,0,contract_9,2,16,final_contractions,1564
hs_n20,1,2,2,8,0,contract_10,16,128,final_contractions,1565
hs_n20,1,2,1,8,2,contract_11,8,64,final_contractions,1566
hs_n20,1,2,2,2,0,contract_12,4,32,final_contractions,1567
hs_n20,1,2,2,2,0,contract_13,4,32,final_contractions,1568
hs_n20,1,2,2,8,0,contract_14,16,128,final_contractions,1569
hs_n20,1,2,2,2,0,contract_15,4,32,final_contractions,1570
hs_n20,1,2,1,2,0,contract_16,2,16,final_contractions,1571
hs_n20,1,2,1,2,0,contract_17,2,16,final_contractions,1572
hs_n20,1,2,2,8,0,contract_18,16,128,final_contractions,1573
hs_n20,1,2,1,8,2,contract_19,8,64,final_contractions,1574
hs_n20,1,2,2,2,0,contract_20,4,32,final_contractions,1575
hs_n20,1,2,2,2,0,contract_21,4,32,final_contractions,1576
hs_n20,1,2,2,8,0,contract_22,16,128,final_contractions,1577
hs_n20,1,2,2,2,0,contract_23,4,32,final_contractions,1578
hs_n20,1,2,1,2,0,contract_24,2,16,final_contractions,1579
hs_n20,1,2,1,2,0,contract_25,2,16,final_contractions,1580
hs_n20,1,2,2,8,0,contract_26,16,128,final_contractions,1581
hs_n20,1,2,1,8,2,contract_27,8,64,final_contractions,1582
hs_n20,1,2,2,2,0,contract_28,4,32,final_contractions,1583
hs_n20,1,2,2,2,0,contract_29,4,32,final_contractions,1584
hs_n20,1,2,2,8,0,contract_30,16,128,final_contractions,1585
hs_n20,1,2,2,2,0,contract_31,4,32,final_contractions,1586
hs_n20,1,2,1,2,0,contract_32,2,16,final_contractions,1587
hs_n20,1,2,1,2,0,contract_33,2,16,final_contractions,1588
hs_n20,1,2,2,8,0,contract_34,16,128,final_contractions,1589
hs_n20,1,2,1,8,2,contract_35,8,64,final_contractions,1590
hs_n20,1,2,2,2,0,contract_36,4,32,final_contractions,1591
hs_n20,1,2,2,2,0,contract_37,4,32,final_contractions,1592
hs_n20,1,2,2,8,0,contract_38,16,128,final_contractions,1593
hs_n20,1,2,2,2,0,contract_39,4,32,final_contractions,1594
hs_n20,1,2,1,2,0,contract_40,2,16,final_contractions,1595
hs_n20,1,2,1,2,0,contract_41,2,16,final_contractions,1596
hs_n20,1,2,2,8,0,contract_42,16,128,final_contractions,1597
hs_n20,1,2,1,8,2,contract_43,8,64,final_contractions,1598
hs_n20,1,2,2,2,0,contract_44,4,32,final_contractions,1599
hs_n20,1,2,2,2,0,contract_45,4,32,final_contractions,1600
hs_n20,1,2,2,8,0,contract_46,16,128,final_contractions,1601
hs_n20,1,2,2,2,0,contract_47,4,32,final_contractions,1602
hs_n20,1,2,1,2,0,contract_48,2,16,final_contractions,1603
hs_n20,1,2,1,2,0,contract_49,2,16,final_contractions,1604
hs_n20,1,2,2,8,0,contract_50,16,128,final_contractions,1605
hs_n20,1,2,1,8,2,contract_51,8,64,final_contractions,1606
hs_n20,1,2,2,2,0,contract_52,4,32,final_contractions,1607
hs_n20,1,2,2,2,0,contract_53,4,32,final_contractions,1608
hs_n20,1,2,2,8,0,contract_54,16,128,final_contractions,1609
hs_n20,1,2,2,2,0,contract_55,4,32,final_contractions,1610
hs_n20,1,2,1,2,0,contract_56,2,16,final_contractions,1611
hs_n20,1,2,1,2,0,contract_57,2,16,final_contractions,1612
hs_n20,1,2,2,8,0,contract_58,16,128,final_contractions,1613
hs_n20,1,2,1,8,2,contract_59,8,64,final_contractions,1614
hs_n20,1,2,2,2,0,contract_60,4,32,final_contractions,1615
hs_n20,1,2,2,2,0,contract_61,4,32,final_contractions,1616
hs_n20,1,2,2,8,0,contract_62,16,128,final_contractions,1617
hs_n20,1,2,2,2,0,contract_63,4,32,final_contractions,1618
hs_n20,1,2,1,2,0,contract_64,2,16,final_contractions,1619
hs_n20,1,2,1,2,0,contract_65,2,16,final_contractions,1620
hs_n20,1,2,2,8,0,contract_66,16,128,final_contractions,1621
hs_n20,1,2,1,8,2,contract_67,8,64,final_contractions,1622
hs_n20,1,2,2,2,0,contract_68,4,32,final_contractions,1623
hs_n20,1,2,2,2,0,contract_69,4,32,final_contractions,1624
hs_n20,1,2,2,8,0,contract_70,16,128,final_contractions,1625
hs_n20,1,2,2,2,0,contract_71,4,32,final_contractions,1626
hs_n20,1,2,1,2,0,contract_72,2,16,final_contractions,1627
hs_n20,1,2,1,2,0,contract_73,2,16,final_contractions,1628
hs_n20,1,2,2,8,0,contract_74,16,128,final_contractions,1629
hs_n20,1,2,1,8,2,contract_75,8,64,final_contractions,1630
hs_n20,1,2,2,2,0,contract_76,4,32,final_contractions,1631
hs_n20,1,2,2,2,0,contract_77,4,32,final_contractions,1632
hs_n20,1,2,2,8,0,contract_78,16,128,final_contractions,1633
hs_n20,1,2,2,2,0,contract_79,4,32,final_contractions,1634
hs_n20,1,2,2,1,1,contract_80,2,16,final_contractions,1635
hs_n20,1,2,4,1,2,contract_81,4,32,final_contractions,1636
hs_n20,1,2,8,2,2,contract_82,16,128,final_contractions,1637
hs_n20,1,2,2,1,1,contract_83,2,16,final_contractions,1638
hs_n20,1,2,4,1,2,contract_84,4,32,final_contractions,1639
hs_n20,1,2,8,2,2,contract_85,16,128,final_contractions,1640
hs_n20,1,2,2,1,1,contract_86,2,16,final_contractions,1641
hs_n20,1,2,4,1,2,contract_87,4,32,final_contractions,1642
hs_n20,1,2,8,2,2,contract_88,16,128,final_contractions,1643
hs_n20,1,2,2,1,1,contract_89,2,16,final_contractions,1644
hs_n20,1,2,4,1,2,contract_90,4,32,final_contractions,1645
hs_n20,1,2,8,2,2,contract_91,16,128,final_contractions,1646
hs_n20,1,2,2,1,1,contract_92,2,16,final_contractions,1647
hs_n20,1,2,4,1,2,contract_93,4,32,final_contractions,1648
hs_n20,1,2,8,2,2,contract_94,16,128,final_contractions,1649
hs_n20,1,2,2,1,1,contract_95,2,16,final_contractions,1650
hs_n20,1,2,4,1,2,contract_96,4,32,final_contractions,1651
hs_n20,1,2,8,2,2,contract_97,16,128,final_contractions,1652
hs_n20,1,2,2,1,1,contract_98,2,16,final_contractions,1653
hs_n20,1,2,4,1,2,contract_99,4,32,final_contractions,1654
hs_n20,1,2,8,2,2,contract_100,16,128,final_contractions,1655
hs_n20,1,2,2,1,1,contract_101,2,16,final_contractions,1656
hs_n20,1,2,4,1,2,contract_102,4,32,final_contractions,1657
hs_n20,1,2,8,2,2,contract_103,16,128,final_contractions,1658
hs_n20,1,2,2,1,1,contract_104,2,16,final_contractions,1659
hs_n20,1,2,4,1,2,contract_105,4,32,final_contractions,1660
hs_n20,1,2,8,2,2,contract_106,16,128,final_contractions,1661
hs_n20,1,2,2,1,1,contract_107,2,16,final_contractions,1662
hs_n20,1,2,4,1,2,contract_108,4,32,final_contractions,1663
hs_n20,1,2,8,2,2,contract_109,16,128,final_contractions,1664
hs_n20,1,2,2,2,2,contract_110,4,32,final_contractions,1665
hs_n20,1,2,2,8,1,contract_111,16,128,final_contractions,1666
hs_n20,1,2,2,2,2,contract_112,4,32,final_contractions,1667
hs_n20,1,2,2,8,1,contract_113,16,128,final_contractions,1668
hs_n20,1,2,2,2,2,contract_114,4,32,final_contractions,1669
hs_n20,1,2,2,8,1,contract_115,16,128,final_contractions,1670
hs_n20,1,2,2,2,2,contract_116,4,32,final_contractions,1671
hs_n20,1,2,2,8,1,contract_117,16,128,final_contractions,1672
hs_n20,1,2,2,2,2,contract_118,4,32,final_contractions,1673
hs_n20,1,2,2,8,1,contract_119,16,128,final_contractions,1674
hs_n20,1,2,2,2,2,contract_120,4,32,final_contractions,1675
hs_n20,1,2,2,8,1,contract_121,16,128,final_contractions,1676
hs_n20,1,2,2,2,2,contract_122,4,32,final_contractions,1677
hs_n20,1,2,2,8,1,contract_123,16,128,final_contractions,1678
hs_n20,1,2,2,2,2,contract_124,4,32,final_contractions,1679
hs_n20,1,2,2,8,1,contract_125,16,128,final_contractions,1680
hs_n20,1,2,2,2,2,contract_126,4,32,final_contractions,1681
hs_n20,1,2,2,8,1,contract_127,16,128,final_contractions,1682
hs_n20,1,2,2,2,2,contract_128,4,32,final_contractions,1683
hs_n20,1,2,2,8,1,contract_129,16,128,final_contractions,1684
hs_n20,1,2,2,2,2,contract_130,4,32,final_contractions,1685
hs_n20,1,4,4,1,2,contract_131,4,64,final_contractions,1686
hs_n20,1,2,2,2,2,contract_132,4,32,final_contractions,1687
hs_n20,1,4,4,1,2,contract_133,4,64,final_contractions,1688
hs_n20,1,2,2,2,2,contract_134,4,32,final_contractions,1689
hs_n20,1,4,4,1,2,contract_135,4,64,final_contractions,1690
hs_n20,1,2,2,2,2,contract_136,4,32,final_contractions,1691
hs_n20,1,4,4,1,2,contract_137,4,64,final_contractions,1692
hs_n20,1,2,2,2,2,contract_138,4,32,final_contractions,1693
hs_n20,1,4,4,1,2,contract_139,4,64,final_contractions,1694
hs_n20,1,2,2,2,2,contract_140,4,32,final_contractions,1695
hs_n20,1,4,4,1,2,contract_141,4,64,final_contractions,1696
hs_n20,1,2,2,2,2,contract_142,4,32,final_contractions,1697
hs_n20,1,4,4,1,2,contract_143,4,64,final_contractions,1698
hs_n20,1,2,2,2,2,contract_144,4,32,final_contractions,1699
hs_n20,1,4,4,1,2,contract_145,4,64,final_contractions,1700
hs_n20,1,2,2,2,2,contract_146,4,32,final_contractions,1701
hs_n20,1,4,4,1,2,contract_147,4,64,final_contractions,1702
hs_n20,1,2,2,2,2,contract_148,4,32,final_contractions,1703
hs_n20,1,4,4,1,2,contract_149,4,64,final_contractions,1704
hs_n20,1,1,4,4,2,contract_150,16,64,final_contractions,1705
hs_n20,1,1,4,4,2,contract_151,16,64,final_contractions,1706
hs_n20,1,1,4,4,2,contract_152,16,64,final_contractions,1707
hs_n20,1,1,4,4,2,contract_153,16,64,final_contractions,1708
hs_n20,1,1,4,4,2,contract_154,16,64,final_contractions,1709
hs_n20,1,1,16,16,2,contract_155,256,1024,final_contractions,1710
hs_n20,1,1,16,16,2,contract_156,256,1024,final_contractions,1711
hs_n20,1,1,16,256,2,contract_157,4096,16384,final_contractions,1712
hs_n20,1,1,256,4096,2,contract_158,1048576,4194304,final_contractions,1713
hs_n22,1,2,1,2,0,contract_0,2,16,final_contractions,1714
hs_n22,1,2,1,2,0,contract_1,2,16,final_contractions,1715
hs_n22,1,2,2,8,0,contract_2,16,128,final_contractions,1716
hs_n22,1,2,1,8,2,contract_3,8,64,final_contractions,1717
hs_n22,1,2,2,2,0,contract_4,4,32,final_contractions,1718
hs_n22,1,2,2,2,0,contract_5,4,32,final_contractions,1719
hs_n22,1,2,2,8,0,contract_6,16,128,final_contractions,1720
hs_n22,1,2,2,2,0,contract_7,4,32,final_contractions,1721
hs_n22,1,2,1,2,0,contract_8,2,16,final_contractions,1722
hs_n22,1,2,1,2,0,contract_9,2,16,final_contractions,1723
hs_n22,1,2,2,8,0,contract_10,16,128,final_contractions,1724
hs_n22,1,2,1,8,2,contract_11,8,64,final_contractions,1725
hs_n22,1,2,2,2,0,contract_12,4,32,final_contractions,1726
hs_n22,1,2,2,2,0,contract_13,4,32,final_contractions,1727
hs_n22,1,2,2,8,0,contract_14,16,128,final_contractions,1728
hs_n22,1,2,2,2,0,contract_15,4,32,final_contractions,1729
hs_n22,1,2,1,2,0,contract_16,2,16,final_contractions,1730
hs_n22,1,2,1,2,0,contract_17,2,16,final_contractions,1731
hs_n22,1,2,2,8,0,contract_18,16,128,final_contractions,1732
hs_n22,1,2,1,8,2,contract_19,8,64,final_contractions,1733
hs_n22,1,2,2,2,0,contract_20,4,32,final_contractions,1734
hs_n22,1,2,2,2,0,contract_21,4,32,final_contractions,1735
hs_n22,1,2,2,8,0,contract_22,16,128,final_contractions,1736
hs_n22,1,2,2,2,0,contract_23,4,32,final_contractions,1737
hs_n22,1,2,1,2,0,contract_24,2,16,final_contractions,1738
hs_n22,1,2,1,2,0,contract_25,2,16,final_contractions,1739
hs_n22,1,2,2,8,0,contract_26,16,128,final_contractions,1740
hs_n22,1,2,1,8,2,contract_27,8,64,final_contractions,1741
hs_n22,1,2,2,2,0,contract_28,4,32,final_contractions,1742
hs_n22,1,2,2,2,0,contract_29,4,32,final_contractions,1743
hs_n22,1,2,2,8,0,contract_30,16,128,final_contractions,1744
hs_n22,1,2,2,2,0,contract_31,4,32,final_contractions,1745
hs_n22,1,2,1,2,0,contract_32,2,16,final_contractions,1746
hs_n22,1,2,1,2,0,contract_33,2,16,final_contractions,1747
hs_n22,1,2,2,8,0,contract_34,16,128,final_contractions,1748
hs_n22,1,2,1,8,2,contract_35,8,64,final_contractions,1749
hs_n22,1,2,2,2,0,contract_36,4,32,final_contractions,1750
hs_n22,1,2,2,2,0,contract_37,4,32,final_contractions,1751
hs_n22,1,2,2,8,0,contract_38,16,128,final_contractions,1752
hs_n22,1,2,2,2,0,contract_39,4,32,final_contractions,1753
hs_n22,1,2,1,2,0,contract_40,2,16,final_contractions,1754
hs_n22,1,2,1,2,0,contract_41,2,16,final_contractions,1755
hs_n22,1,2,2,8,0,contract_42,16,128,final_contractions,1756
hs_n22,1,2,1,8,2,contract_43,8,64,final_contractions,1757
hs_n22,1,2,2,2,0,contract_44,4,32,final_contractions,1758
hs_n22,1,2,2,2,0,contract_45,4,32,final_contractions,1759
hs_n22,1,2,2,8,0,contract_46,16,128,final_contractions,1760
hs_n22,1,2,2,2,0,contract_47,4,32,final_contractions,1761
hs_n22,1,2,1,2,0,contract_48,2,16,final_contractions,1762
hs_n22,1,2,1,2,0,contract_49,2,16,final_contractions,1763
hs_n22,1,2,2,8,0,contract_50,16,128,final_contractions,1764
hs_n22,1,2,1,8,2,contract_51,8,64,final_contractions,1765
hs_n22,1,2,2,2,0,contract_52,4,32,final_contractions,1766
hs_n22,1,2,2,2,0,contract_53,4,32,final_contractions,1767
hs_n22,1,2,2,8,0,contract_54,16,128,final_contractions,1768
hs_n22,1,2,2,2,0,contract_55,4,32,final_contractions,1769
hs_n22,1,2,1,2,0,contract_56,2,16,final_contractions,1770
hs_n22,1,2,1,2,0,contract_57,2,16,final_contractions,1771
hs_n22,1,2,2,8,0,contract_58,16,128,final_contractions,1772
hs_n22,1,2,1,8,2,contract_59,8,64,final_contractions,1773
hs_n22,1,2,2,2,0,contract_60,4,32,final_contractions,1774
hs_n22,1,2,2,2,0,contract_61,4,32,final_contractions,1775
hs_n22,1,2,2,8,0,contract_62,16,128,final_contractions,1776
hs_n22,1,2,2,2,0,contract_63,4,32,final_contractions,1777
hs_n22,1,2,1,2,0,contract_64,2,16,final_contractions,1778
hs_n22,1,2,1,2,0,contract_65,2,16,final_contractions,1779
hs_n22,1,2,2,8,0,contract_66,16,128,final_contractions,1780
hs_n22,1,2,1,8,2,contract_67,8,64,final_contractions,1781
hs_n22,1,2,2,2,0,contract_68,4,32,final_contractions,1782
hs_n22,1,2,2,2,0,contract_69,4,32,final_contractions,1783
hs_n22,1,2,2,8,0,contract_70,16,128,final_contractions,1784
hs_n22,1,2,2,2,0,contract_71,4,32,final_contractions,1785
hs_n22,1,2,1,2,0,contract_72,2,16,final_contractions,1786
hs_n22,1,2,1,2,0,contract_73,2,16,final_contractions,1787
hs_n22,1,2,2,8,0,contract_74,16,128,final_contractions,1788
hs_n22,1,2,1,8,2,contract_75,8,64,final_contractions,1789
hs_n22,1,2,2,2,0,contract_76,4,32,final_contractions,1790
hs_n22,1,2,2,2,0,contract_77,4,32,final_contractions,1791
hs_n22,1,2,2,8,0,contract_78,16,128,final_contractions,1792
hs_n22,1,2,2,2,0,contract_79,4,32,final_contractions,1793
hs_n22,1,2,1,2,0,contract_80,2,16,final_contractions,1794
hs_n22,1,2,1,2,0,contract_81,2,16,final_contractions,1795
hs_n22,1,2,2,8,0,contract_82,16,128,final_contractions,1796
hs_n22,1,2,1,8,2,contract_83,8,64,final_contractions,1797
hs_n22,1,2,2,2,0,contract_84,4,32,final_contractions,1798
hs_n22,1,2,2,2,0,contract_85,4,32,final_contractions,1799
hs_n22,1,2,2,8,0,contract_86,16,128,final_contractions,1800
hs_n22,1,2,2,2,0,contract_87,4,32,final_contractions,1801
hs_n22,1,2,2,1,1,contract_88,2,16,final_contractions,1802
hs_n22,1,2,4,1,2,contract_89,4,32,final_contractions,1803
hs_n22,1,2,8,2,2,contract_90,16,128,final_contractions,1804
hs_n22,1,2,2,1,1,contract_91,2,16,final_contractions,1805
hs_n22,1,2,4,1,2,contract_92,4,32,final_contractions,1806
hs_n22,1,2,8,2,2,contract_93,16,128,final_contractions,1807
hs_n22,1,2,2,1,1,contract_94,2,16,final_contractions,1808
hs_n22,1,2,4,1,2,contract_95,4,32,final_contractions,1809
hs_n22,1,2,8,2,2,contract_96,16,128,final_contractions,1810
hs_n22,1,2,2,1,1,contract_97,2,16,final_contractions,1811
hs_n22,1,2,4,1,2,contract_98,4,32,final_contractions,1812
hs_n22,1,2,8,2,2,contract_99,16,128,final_contractions,1813
hs_n22,1,2,2,1,1,contract_100,2,16,final_contractions,1814
hs_n22,1,2,4,1,2,contract_101,4,32,final_contractions,1815
hs_n22,1,2,8,2,2,contract_102,16,128,final_contractions,1816
hs_n22,1,2,2,1,1,contract_103,2,16,final_contractions,1817
hs_n22,1,2,4,1,2,contract_104,4,32,final_contractions,1818
hs_n22,1,2,8,2,2,contract_105,16,128,final_contractions,1819
hs_n22,1,2,2,1,1,contract_106,2,16,final_contractions,1820
hs_n22,1,2,4,1,2,contract_107,4,32,final_contractions,1821
hs_n22,1,2,8,2,2,contract_108,16,128,final_contractions,1822
hs_n22,1,2,2,1,1,contract_109,2,16,final_contractions,1823
hs_n22,1,2,4,1,2,contract_110,4,32,final_contractions,1824
hs_n22,1,2,8,2,2,contract_111,16,128,final_contractions,1825
hs_n22,1,2,2,1,1,contract_112,2,16,final_contractions,1826
hs_n22,1,2,4,1,2,contract_113,4,32,final_contractions,1827
hs_n22,1,2,8,2,2,contract_114,16,128,final_contractions,1828
hs_n22,1,2,2,1,1,contract_115,2,16,final_contractions,1829
hs_n22,1,2,4,1,2,contract_116,4,32,final_contractions,1830
hs_n22,1,2,8,2,2,contract_117,16,128,final_contractions,1831
hs_n22,1,2,2,1,1,contract_118,2,16,final_contractions,1832
hs_n22,1,2,4,1,2,contract_119,4,32,final_contractions,1833
hs_n22,1,2,8,2,2,contract_120,16,128,final_contractions,1834
hs_n22,1,2,2,2,2,contract_121,4,32,final_contractions,1835
hs_n22,1,2,2,8,1,contract_122,16,128,final_contractions,1836
hs_n22,1,2,2,2,2,contract_123,4,32,final_contractions,1837
hs_n22,1,2,2,8,1,contract_124,16,128,final_contractions,1838
hs_n22,1,2,2,2,2,contract_125,4,32,final_contractions,1839
hs_n22,1,2,2,8,1,contract_126,16,128,final_contractions,1840
hs_n22,1,2,2,2,2,contract_127,4,32,final_contractions,1841
hs_n22,1,2,2,8,1,contract_128,16,128,final_contractions,1842
hs_n22,1,2,2,2,2,contract_129,4,32,final_contractions,1843
hs_n22,1,2,2,8,1,contract_130,16,128,final_contractions,1844
hs_n22,1,2,2,2,2,contract_131,4,32,final_contractions,1845
hs_n22,1,2,2,8,1,contract_132,16,128,final_contractions,1846
hs_n22,1,2,2,2,2,contract_133,4,32,final_contractions,1847
hs_n22,1,2,2,8,1,contract_134,16,128,final_contractions,1848
hs_n22,1,2,2,2,2,contract_135,4,32,final_contractions,1849
hs_n22,1,2,2,8,1,contract_136,16,128,final_contractions,1850
hs_n22,1,2,2,2,2,contract_137,4,32,final_contractions,1851
hs_n22,1,2,2,8,1,contract_138,16,128,final_contractions,1852
hs_n22,1,2,2,2,2,contract_139,4,32,final_contractions,1853
hs_n22,1,2,2,8,1,contract_140,16,128,final_contractions,1854
hs_n22,1,2,2,2,2,contract_141,4,32,final_contractions,1855
hs_n22,1,2,2,8,1,contract_142,16,128,final_contractions,1856
hs_n22,1,2,2,2,2,contract_143,4,32,final_contractions,1857
hs_n22,1,4,4,1,2,contract_144,4,64,final_contractions,1858
hs_n22,1,2,2,2,2,contract_145,4,32,final_contractions,1859
hs_n22,1,4,4,1,2,contract_146,4,64,final_contractions,1860
hs_n22,1,2,2,2,2,contract_147,4,32,final_contractions,1861
hs_n22,1,4,4,1,2,contract_148,4,64,final_contractions,1862
hs_n22,1,2,2,2,2,contract_149,4,32,final_contractions,1863
hs_n22,1,4,4,1,2,contract_150,4,64,final_contractions,1864
hs_n22,1,2,2,2,2,contract_151,4,32,final_contractions,1865
hs_n22,1,4,4,1,2,contract_152,4,64,final_contractions,1866
hs_n22,1,2,2,2,2,contract_153,4,32,final_contractions,1867
hs_n22,1,4,4,1,2,contract_154,4,64,final_contractions,1868
hs_n22,1,2,2,2,2,contract_155,4,32,final_contractions,1869
hs_n22,1,4,4,1,2,contract_156,4,64,final_contractions,1870
hs_n22,1,2,2,2,2,contract_157,4,32,final_contractions,1871
hs_n22,1,4,4,1,2,contract_158,4,64,final_contractions,1872
hs_n22,1,2,2,2,2,contract_159,4,32,final_contractions,1873
hs_n22,1,4,4,1,2,contract_160,4,64,final_contractions,1874
hs_n22,1,2,2,2,2,contract_161,4,32,final_contractions,1875
hs_n22,1,4,4,1,2,contract_162,4,64,final_contractions,1876
hs_n22,1,2,2,2,2,contract_163,4,32,final_contractions,1877
hs_n22,1,4,4,1,2,contract_164,4,64,final_contractions,1878
hs_n22,1,1,4,4,2,contract_165,16,64,final_contractions,1879
hs_n22,1,1,4,4,2,contract_166,16,64,final_contractions,1880
hs_n22,1,1,4,4,2,contract_167,16,64,final_contractions,1881
hs_n22,1,1,4,4,2,contract_168,16,64,final_contractions,1882
hs_n22,1,1,4,4,2,contract_169,16,64,final_contractions,1883
hs_n22,1,1,4,16,2,contract_170,64,256,final_contractions,1884
hs_n22,1,1,16,16,2,contract_171,256,1024,final_contractions,1885
hs_n22,1,1,16,16,2,contract_172,256,1024,final_contractions,1886
hs_n22,1,1,64,256,2,contract_173,16384,65536,final_contractions,1887
hs_n22,1,1,256,16384,2,contract_174,4194304,16777216,final_contractions,1888
hs_n24,1,2,1,2,0,contract_0,2,16,final_contractions,1889
hs_n24,1,2,1,2,0,contract_1,2,16,final_contractions,1890
hs_n24,1,2,2,8,0,contract_2,16,128,final_contractions,1891
hs_n24,1,2,1,8,2,contract_3,8,64,final_contractions,1892
hs_n24,1,2,2,2,0,contract_4,4,32,final_contractions,1893
hs_n24,1,2,2,2,0,contract_5,4,32,final_contractions,1894
hs_n24,1,2,2,8,0,contract_6,16,128,final_contractions,1895
hs_n24,1,2,2,2,0,contract_7,4,32,final_contractions,1896
hs_n24,1,2,1,2,0,contract_8,2,16,final_contractions,1897
hs_n24,1,2,1,2,0,contract_9,2,16,final_contractions,1898
hs_n24,1,2,2,8,0,contract_10,16,128,final_contractions,1899
hs_n24,1,2,1,8,2,contract_11,8,64,final_contractions,1900
hs_n24,1,2,2,2,0,contract_12,4,32,final_contractions,1901
hs_n24,1,2,2,2,0,contract_13,4,32,final_contractions,1902
hs_n24,1,2,2,8,0,contract_14,16,128,final_contractions,1903
hs_n24,1,2,2,2,0,contract_15,4,32,final_contractions,1904
hs_n24,1,2,1,2,0,contract_16,2,16,final_contractions,1905
hs_n24,1,2,1,2,0,contract_17,2,16,final_contractions,1906
hs_n24,1,2,2,8,0,contract_18,16,128,final_contractions,1907
hs_n24,1,2,1,8,2,contract_19,8,64,final_contractions,1908
hs_n24,1,2,2,2,0,contract_20,4,32,final_contractions,1909
hs_n24,1,2,2,2,0,contract_21,4,32,final_contractions,1910
hs_n24,1,2,2,8,0,contract_22,16,128,final_contractions,1911
hs_n24,1,2,2,2,0,contract_23,4,32,final_contractions,1912
hs_n24,1,2,1,2,0,contract_24,2,16,final_contractions,1913
hs_n24,1,2,1,2,0,contract_25,2,16,final_contractions,1914
hs_n24,1,2,2,8,0,contract_26,16,128,final_contractions,1915
hs_n24,1,2,1,8,2,contract_27,8,64,final_contractions,1916
hs_n24,1,2,2,2,0,contract_28,4,32,final_contractions,1917
hs_n24,1,2,2,2,0,contract_29,4,32,final_contractions,1918
hs_n24,1,2,2,8,0,contract_30,16,128,final_contractions,1919
hs_n24,1,2,2,2,0,contract_31,4,32,final_contractions,1920
hs_n24,1,2,1,2,0,contract_32,2,16,final_contractions,1921
hs_n24,1,2,1,2,0,contract_33,2,16,final_contractions,1922
hs_n24,1,2,2,8,0,contract_34,16,128,final_contractions,1923
hs_n24,1,2,1,8,2,contract_35,8,64,final_contractions,1924
hs_n24,1,2,2,2,0,contract_36,4,32,final_contractions,1925
hs_n24,1,2,2,2,0,contract_37,4,32,final_contractions,1926
hs_n24,1,2,2,8,0,contract_38,16,128,final_contractions,1927
hs_n24,1,2,2,2,0,contract_39,4,32,final_contractions,1928
hs_n24,1,2,1,2,0,contract_40,2,16,final_contractions,1929
hs_n24,1,2,1,2,0,contract_41,2,16,final_contractions,1930
hs_n24,1,2,2,8,0,contract_42,16,128,final_contractions,1931
hs_n24,1,2,1,8,2,contract_43,8,64,final_contractions,1932
hs_n24,1,2,2,2,0,contract_44,4,32,final_contractions,1933
hs_n24,1,2,2,2,0,contract_45,4,32,final_contractions,1934
hs_n24,1,2,2,8,0,contract_46,16,128,final_contractions,1935
hs_n24,1,2,2,2,0,contract_47,4,32,final_contractions,1936
hs_n24,1,2,1,2,0,contract_48,2,16,final_contractions,1937
hs_n24,1,2,1,2,0,contract_49,2,16,final_contractions,1938
hs_n24,1,2,2,8,0,contract_50,16,128,final_contractions,1939
hs_n24,1,2,1,8,2,contract_51,8,64,final_contractions,1940
hs_n24,1,2,2,2,0,contract_52,4,32,final_contractions,1941
hs_n24,1,2,2,2,0,contract_53,4,32,final_contractions,1942
hs_n24,1,2,2,8,0,contract_54,16,128,final_contractions,1943
hs_n24,1,2,2,2,0,contract_55,4,32,final_contractions,1944
hs_n24,1,2,1,2,0,contract_56,2,16,final_contractions,1945
hs_n24,1,2,1,2,0,contract_57,2,16,final_contractions,1946
hs_n24,1,2,2,8,0,contract_58,16,128,final_contractions,1947
hs_n24,1,2,1,8,2,contract_59,8,64,final_contractions,1948
hs_n24,1,2,2,2,0,contract_60,4,32,final_contractions,1949
hs_n24,1,2,2,2,0,contract_61,4,32,final_contractions,1950
hs_n24,1,2,2,8,0,contract_62,16,128,final_contractions,1951
hs_n24,1,2,2,2,0,contract_63,4,32,final_contractions,1952
hs_n24,1,2,1,2,0,contract_64,2,16,final_contractions,1953
hs_n24,1,2,1,2,0,contract_65,2,16,final_contractions,1954
hs_n24,1,2,2,8,0,contract_66,16,128,final_contractions,1955
hs_n24,1,2,1,8,2,contract_67,8,64,final_contractions,1956
hs_n24,1,2,2,2,0,contract_68,4,32,final_contractions,1957
hs_n24,1,2,2,2,0,contract_69,4,32,final_contractions,1958
hs_n24,1,2,2,8,0,contract_70,16,128,final_contractions,1959
hs_n24,1,2,2,2,0,contract_71,4,32,final_contractions,1960
hs_n24,1,2,1,2,0,contract_72,2,16,final_contractions,1961
hs_n24,1,2,1,2,0,contract_73,2,16,final_contractions,1962
hs_n24,1,2,2,8,0,contract_74,16,128,final_contractions,1963
hs_n24,1,2,1,8,2,contract_75,8,64,final_contractions,1964
hs_n24,1,2,2,2,0,contract_76,4,32,final_contractions,1965
hs_n24,1,2,2,2,0,contract_77,4,32,final_contractions,1966
hs_n24,1,2,2,8,0,contract_78,16,128,final_contractions,1967
hs_n24,1,2,2,2,0,contract_79,4,32,final_contractions,1968
hs_n24,1,2,1,2,0,contract_80,2,16,final_contractions,1969
hs_n24,1,2,1,2,0,contract_81,2,16,final_contractions,1970
hs_n24,1,2,2,8,0,contract_82,16,128,final_contractions,1971
hs_n24,1,2,1,8,2,contract_83,8,64,final_contractions,1972
hs_n24,1,2,2,2,0,contract_84,4,32,final_contractions,1973
hs_n24,1,2,2,2,0,contract_85,4,32,final_contractions,1974
hs_n24,1,2,2,8,0,contract_86,16,128,final_contractions,1975
hs_n24,1,2,2,2,0,contract_87,4,32,final_contractions,1976
hs_n24,1,2,1,2,0,contract_88,2,16,final_contractions,1977
hs_n24,1,2,1,2,0,contract_89,2,16,final_contractions,1978
hs_n24,1,2,2,8,0,contract_90,16,128,final_contractions,1979
hs_n24,1,2,1,8,2,contract_91,8,64,final_contractions,1980
hs_n24,1,2,2,2,0,contract_92,4,32,final_contractions,1981
hs_n24,1,2,2,2,0,contract_93,4,32,final_contractions,1982
hs_n24,1,2,2,8,0,contract_94,16,128,final_contractions,1983
hs_n24,1,2,2,2,0,contract_95,4,32,final_contractions,1984
hs_n24,1,2,2,1,1,contract_96,2,16,final_contractions,1985
hs_n24,1,2,4,1,2,contract_97,4,32,final_contractions,1986
hs_n24,1,2,8,2,2,contract_98,16,128,final_contractions,1987
hs_n24,1,2,2,1,1,contract_99,2,16,final_contractions,1988
hs_n24,1,2,4,1,2,contract_100,4,32,final_contractions,1989
hs_n24,1,2,8,2,2,contract_101,16,128,final_contractions,1990
hs_n24,1,2,2,1,1,contract_102,2,16,final_contractions,1991
hs_n24,1,2,4,1,2,contract_103,4,32,final_contractions,1992
hs_n24,1,2,8,2,2,contract_104,16,128,final_contractions,1993
hs_n24,1,2,2,1,1,contract_105,2,16,final_contractions,1994
hs_n24,1,2,4,1,2,contract_106,4,32,final_contractions,1995
hs_n24,1,2,8,2,2,contract_107,16,128,final_contractions,1996
hs_n24,1,2,2,1,1,contract_108,2,16,final_contractions,1997
hs_n24,1,2,4,1,2,contract_109,4,32,final_contractions,1998
hs_n24,1,2,8,2,2,contract_110,16,128,final_contractions,1999
hs_n24,1,2,2,1,1,contract_111,2,16,final_contractions,2000
hs_n24,1,2,4,1,2,contract_112,4,32,final_contractions,2001
hs_n24,1,2,8,2,2,contract_113,16,128,final_contractions,2002
hs_n24,1,2,2,1,1,contract_114,2,16,final_contractions,2003
hs_n24,1,2,4,1,2,contract_115,4,32,final_contractions,2004
hs_n24,1,2,8,2,2,contract_116,16,128,final_contractions,2005
hs_n24,1,2,2,1,1,contract_117,2,16,final_contractions,2006
hs_n24,1,2,4,1,2,contract_118,4,32,final_contractions,2007
hs_n24,1,2,8,2,2,contract_119,16,128,final_contractions,2008
hs_n24,1,2,2,1,1,contract_120,2,16,final_contractions,2009
hs_n24,1,2,4,1,2,contract_121,4,32,final_contractions,2010
hs_n24,1,2,8,2,2,contract_122,16,128,final_contractions,2011
hs_n24,1,2,2,1,1,contract_123,2,16,final_contractions,2012
hs_n24,1,2,4,1,2,contract_124,4,32,final_contractions,2013
hs_n24,1,2,8,2,2,contract_125,16,128,final_contractions,2014
hs_n24,1,2,2,1,1,contract_126,2,16,final_contractions,2015
hs_n24,1,2,4,1,2,contract_127,4,32,final_contractions,2016
hs_n24,1,2,8,2,2,contract_128,16,128,final_contractions,2017
hs_n24,1,2,2,1,1,contract_129,2,16,final_contractions,2018
hs_n24,1,2,4,1,2,contract_130,4,32,final_contractions,2019
hs_n24,1,2,8,2,2,contract_131,16,128,final_contractions,2020
hs_n24,1,2,2,2,2,contract_132,4,32,final_contractions,2021
hs_n24,1,2,2,8,1,contract_133,16,128,final_contractions,2022
hs_n24,1,2,2,2,2,contract_134,4,32,final_contractions,2023
hs_n24,1,2,2,8,1,contract_135,16,128,final_contractions,2024
hs_n24,1,2,2,2,2,contract_136,4,32,final_contractions,2025
hs_n24,1,2,2,8,1,contract_137,16,128,final_contractions,2026
hs_n24,1,2,2,2,2,contract_138,4,32,final_contractions,2027
hs_n24,1,2,2,8,1,contract_139,16,128,final_contractions,2028
hs_n24,1,2,2,2,2,contract_140,4,32,final_contractions,2029
hs_n24,1,2,2,8,1,contract_141,16,128,final_contractions,2030
hs_n24,1,2,2,2,2,contract_142,4,32,final_contractions,2031
hs_n24,1,2,2,8,1,contract_143,16,128,final_contractions,2032
hs_n24,1,2,2,2,2,contract_144,4,32,final_contractions,2033
hs_n24,1,2,2,8,1,contract_145,16,128,final_contractions,2034
hs_n24,1,2,2,2,2,contract_146,4,32,final_contractions,2035
hs_n24,1,2,2,8,1,contract_147,16,128,final_contractions,2036
hs_n24,1,2,2,2,2,contract_148,4,32,final_contractions,2037
hs_n24,1,2,2,8,1,contract_149,16,128,final_contractions,2038
hs_n24,1,2,2,2,2,contract_150,4,32,final_contractions,2039
hs_n24,1,2,2,8,1,contract_151,16,128,final_contractions,2040
hs_n24,1,2,2,2,2,contract_152,4,32,final_contractions,2041
hs_n24,1,2,2,8,1,contract_153,16,128,final_contractions,2042
hs_n24,1,2,2,2,2,contract_154,4,32,final_contractions,2043
hs_n24,1,2,2,8,1,contract_155,16,128,final_contractions,2044
hs_n24,1,2,2,2,2,contract_156,4,32,final_contractions,2045
hs_n24,1,4,4,1,2,contract_157,4,64,final_contractions,2046
hs_n24,1,2,2,2,2,contract_158,4,32,final_contractions,2047
hs_n24,1,4,4,1,2,contract_159,4,64,final_contractions,2048
hs_n24,1,2,2,2,2,contract_160,4,32,final_contractions,2049
hs_n24,1,4,4,1,2,contract_161,4,64,final_contractions,2050
hs_n24,1,2,2,2,2,contract_162,4,32,final_contractions,2051
hs_n24,1,4,4,1,2,contract_163,4,64,final_contractions,2052
hs_n24,1,2,2,2,2,contract_164,4,32,final_contractions,2053
hs_n24,1,4,4,1,2,contract_165,4,64,final_contractions,2054
hs_n24,1,2,2,2,2,contract_166,4,32,final_contractions,2055
hs_n24,1,4,4,1,2,contract_167,4,64,final_contractions,2056
hs_n24,1,2,2,2,2,contract_168,4,32,final_contractions,2057
hs_n24,1,4,4,1,2,contract_169,4,64,final_contractions,2058
hs_n24,1,2,2,2,2,contract_170,4,32,final_contractions,2059
hs_n24,1,4,4,1,2,contract_171,4,64,final_contractions,2060
hs_n24,1,2,2,2,2,contract_172,4,32,final_contractions,2061
hs_n24,1,4,4,1,2,contract_173,4,64,final_contractions,2062
hs_n24,1,2,2,2,2,contract_174,4,32,final_contractions,2063
hs_n24,1,4,4,1,2,contract_175,4,64,final_contractions,2064
hs_n24,1,2,2,2,2,contract_176,4,32,final_contractions,2065
hs_n24,1,4,4,1,2,contract_177,4,64,final_contractions,2066
hs_n24,1,2,2,2,2,contract_178,4,32,final_contractions,2067
hs_n24,1,4,4,1,2,contract_179,4,64,final_contractions,2068
hs_n24,1,1,4,4,2,contract_180,16,64,final_contractions,2069
hs_n24,1,1,4,4,2,contract_181,16,64,final_contractions,2070
hs_n24,1,1,4,4,2,contract_182,16,64,final_contractions,2071
hs_n24,1,1,4,4,2,contract_183,16,64,final_contractions,2072
hs_n24,1,1,4,4,2,contract_184,16,64,final_contractions,2073
hs_n24,1,1,4,4,2,contract_185,16,64,final_contractions,2074
hs_n24,1,1,16,16,2,contract_186,256,1024,final_contractions,2075
hs_n24,1,1,16,16,2,contract_187,256,1024,final_contractions,2076
hs_n24,1,1,16,16,2,contract_188,256,1024,final_contractions,2077
hs_n24,1,1,256,256,2,contract_189,65536,262144,final_contractions,2078
hs_n24,1,1,256,65536,2,contract_190,16777216,67108864,final_contractions,2079
hs_n26,1,2,1,2,0,contract_0,2,16,final_contractions,2080
hs_n26,1,2,1,2,0,contract_1,2,16,final_contractions,2081
hs_n26,1,2,2,8,0,contract_2,16,128,final_contractions,2082
hs_n26,1,2,1,8,2,contract_3,8,64,final_contractions,2083
hs_n26,1,2,2,2,0,contract_4,4,32,final_contractions,2084
hs_n26,1,2,2,2,0,contract_5,4,32,final_contractions,2085
hs_n26,1,2,2,8,0,contract_6,16,128,final_contractions,2086
hs_n26,1,2,2,2,0,contract_7,4,32,final_contractions,2087
hs_n26,1,2,1,2,0,contract_8,2,16,final_contractions,2088
hs_n26,1,2,1,2,0,contract_9,2,16,final_contractions,2089
hs_n26,1,2,2,8,0,contract_10,16,128,final_contractions,2090
hs_n26,1,2,1,8,2,contract_11,8,64,final_contractions,2091
hs_n26,1,2,2,2,0,contract_12,4,32,final_contractions,2092
hs_n26,1,2,2,2,0,contract_13,4,32,final_contractions,2093
hs_n26,1,2,2,8,0,contract_14,16,128,final_contractions,2094
hs_n26,1,2,2,2,0,contract_15,4,32,final_contractions,2095
hs_n26,1,2,1,2,0,contract_16,2,16,final_contractions,2096
hs_n26,1,2,1,2,0,contract_17,2,16,final_contractions,2097
hs_n26,1,2,2,8,0,contract_18,16,128,final_contractions,2098
hs_n26,1,2,1,8,2,contract_19,8,64,final_contractions,2099
hs_n26,1,2,2,2,0,contract_20,4,32,final_contractions,2100
hs_n26,1,2,2,2,0,contract_21,4,32,final_contractions,2101
hs_n26,1,2,2,8,0,contract_22,16,128,final_contractions,2102
hs_n26,1,2,2,2,0,contract_23,4,32,final_contractions,2103
hs_n26,1,2,1,2,0,contract_24,2,16,final_contractions,2104
hs_n26,1,2,1,2,0,contract_25,2,16,final_contractions,2105
hs_n26,1,2,2,8,0,contract_26,16,128,final_contractions,2106
hs_n26,1,2,1,8,2,contract_27,8,64,final_contractions,2107
hs_n26,1,2,2,2,0,contract_28,4,32,final_contractions,2108
hs_n26,1,2,2,2,0,contract_29,4,32,final_contractions,2109
hs_n26,1,2,2,8,0,contract_30,16,128,final_contractions,2110
hs_n26,1,2,2,2,0,contract_31,4,32,final_contractions,2111
hs_n26,1,2,1,2,0,contract_32,2,16,final_contractions,2112
hs_n26,1,2,1,2,0,contract_33,2,16,final_contractions,2113
hs_n26,1,2,2,8,0,contract_34,16,128,final_contractions,2114
hs_n26,1,2,1,8,2,contract_35,8,64,final_contractions,2115
hs_n26,1,2,2,2,0,contract_36,4,32,final_contractions,2116
hs_n26,1,2,2,2,0,contract_37,4,32,final_contractions,2117
hs_n26,1,2,2,8,0,contract_38,16,128,final_contractions,2118
hs_n26,1,2,2,2,0,contract_39,4,32,final_contractions,2119
hs_n26,1,2,1,2,0,contract_40,2,16,final_contractions,2120
hs_n26,1,2,1,2,0,contract_41,2,16,final_contractions,2121
hs_n26,1,2,2,8,0,contract_42,16,128,final_contractions,2122
hs_n26,1,2,1,8,2,contract_43,8,64,final_contractions,2123
hs_n26,1,2,2,2,0,contract_44,4,32,final_contractions,2124
hs_n26,1,2,2,2,0,contract_45,4,32,final_contractions,2125
hs_n26,1,2,2,8,0,contract_46,16,128,final_contractions,2126
hs_n26,1,2,2,2,0,contract_47,4,32,final_contractions,2127
hs_n26,1,2,1,2,0,contract_48,2,16,final_contractions,2128
hs_n26,1,2,1,2,0,contract_49,2,16,final_contractions,2129
hs_n26,1,2,2,8,0,contract_50,16,128,final_contractions,2130
hs_n26,1,2,1,8,2,contract_51,8,64,final_contractions,2131
hs_n26,1,2,2,2,0,contract_52,4,32,final_contractions,2132
hs_n26,1,2,2,2,0,contract_53,4,32,final_contractions,2133
hs_n26,1,2,2,8,0,contract_54,16,128,final_contractions,2134
hs_n26,1,2,2,2,0,contract_55,4,32,final_contractions,2135
hs_n26,1,2,1,2,0,contract_56,2,16,final_contractions,2136
hs_n26,1,2,1,2,0,contract_57,2,16,final_contractions,2137
hs_n26,1,2,2,8,0,contract_58,16,128,final_contractions,2138
hs_n26,1,2,1,8,2,contract_59,8,64,final_contractions,2139
hs_n26,1,2,2,2,0,contract_60,4,32,final_contractions,2140
hs_n26,1,2,2,2,0,contract_61,4,32,final_contractions,2141
hs_n26,1,2,2,8,0,contract_62,16,128,final_contractions,2142
hs_n26,1,2,2,2,0,contract_63,4,32,final_contractions,2143
hs_n26,1,2,1,2,0,contract_64,2,16,final_contractions,2144
hs_n26,1,2,1,2,0,contract_65,2,16,final_contractions,2145
hs_n26,1,2,2,8,0,contract_66,16,128,final_contractions,2146
hs_n26,1,2,1,8,2,contract_67,8,64,final_contractions,2147
hs_n26,1,2,2,2,0,contract_68,4,32,final_contractions,2148
hs_n26,1,2,2,2,0,contract_69,4,32,final_contractions,2149
hs_n26,1,2,2,8,0,contract_70,16,128,final_contractions,2150
hs_n26,1,2,2,2,0,contract_71,4,32,final_contractions,2151
hs_n26,1,2,1,2,0,contract_72,2,16,final_contractions,2152
hs_n26,1,2,1,2,0,contract_73,2,16,final_contractions,2153
hs_n26,1,2,2,8,0,contract_74,16,128,final_contractions,2154
hs_n26,1,2,1,8,2,contract_75,8,64,final_contractions,2155
hs_n26,1,2,2,2,0,contract_76,4,32,final_contractions,2156
hs_n26,1,2,2,2,0,contract_77,4,32,final_contractions,2157
hs_n26,1,2,2,8,0,contract_78,16,128,final_contractions,2158
hs_n26,1,2,2,2,0,contract_79,4,32,final_contractions,2159
hs_n26,1,2,1,2,0,contract_80,2,16,final_contractions,2160
hs_n26,1,2,1,2,0,contract_81,2,16,final_contractions,2161
hs_n26,1,2,2,8,0,contract_82,16,128,final_contractions,2162
hs_n26,1,2,1,8,2,contract_83,8,64,final_contractions,2163
hs_n26,1,2,2,2,0,contract_84,4,32,final_contractions,2164
hs_n26,1,2,2,2,0,contract_85,4,32,final_contractions,2165
hs_n26,1,2,2,8,0,contract_86,16,128,final_contractions,2166
hs_n26,1,2,2,2,0,contract_87,4,32,final_contractions,2167
hs_n26,1,2,1,2,0,contract_88,2,16,final_contractions,2168
hs_n26,1,2,1,2,0,contract_89,2,16,final_contractions,2169
hs_n26,1,2,2,8,0,contract_90,16,128,final_contractions,2170
hs_n26,1,2,1,8,2,contract_91,8,64,final_contractions,2171
hs_n26,1,2,2,2,0,contract_92,4,32,final_contractions,2172
hs_n26,1,2,2,2,0,contract_93,4,32,final_contractions,2173
hs_n26,1,2,2,8,0,contract_94,16,128,final_contractions,2174
hs_n26,1,2,2,2,0,contract_95,4,32,final_contractions,2175
hs_n26,1,2,1,2,0,contract_96,2,16,final_contractions,2176
hs_n26,1,2,1,2,0,contract_97,2,16,final_contractions,2177
hs_n26,1,2,2,8,0,contract_98,16,128,final_contractions,2178
hs_n26,1,2,1,8,2,contract_99,8,64,final_contractions,2179
hs_n26,1,2,2,2,0,contract_100,4,32,final_contractions,2180
hs_n26,1,2,2,2,0,contract_101,4,32,final_contractions,2181
hs_n26,1,2,2,8,0,contract_102,16,128,final_contractions,2182
hs_n26,1,2,2,2,0,contract_103,4,32,final_contractions,2183
hs_n26,1,2,2,1,1,contract_104,2,16,final_contractions,2184
hs_n26,1,2,4,1,2,contract_105,4,32,final_contractions,2185
hs_n26,1,2,8,2,2,contract_106,16,128,final_contractions,2186
hs_n26,1,2,2,1,1,contract_107,2,16,final_contractions,2187
hs_n26,1,2,4,1,2,contract_108,4,32,final_contractions,2188
hs_n26,1,2,8,2,2,contract_109,16,128,final_contractions,2189
hs_n26,1,2,2,1,1,contract_110,2,16,final_contractions,2190
hs_n26,1,2,4,1,2,contract_111,4,32,final_contractions,2191
hs_n26,1,2,8,2,2,contract_112,16,128,final_contractions,2192
hs_n26,1,2,2,1,1,contract_113,2,16,final_contractions,2193
hs_n26,1,2,4,1,2,contract_114,4,32,final_contractions,2194
hs_n26,1,2,8,2,2,contract_115,16,128,final_contractions,2195
hs_n26,1,2,2,1,1,contract_116,2,16,final_contractions,2196
hs_n26,1,2,4,1,2,contract_117,4,32,final_contractions,2197
hs_n26,1,2,8,2,2,contract_118,16,128,final_contractions,2198
hs_n26,1,2,2,1,1,contract_119,2,16,final_contractions,2199
hs_n26,1,2,4,1,2,contract_120,4,32,final_contractions,2200
hs_n26,1,2,8,2,2,contract_121,16,128,final_contractions,2201
hs_n26,1,2,2,1,1,contract_122,2,16,final_contractions,2202
hs_n26,1,2,4,1,2,contract_123,4,32,final_contractions,2203
hs_n26,1,2,8,2,2,contract_124,16,128,final_contractions,2204
hs_n26,1,2,2,1,1,contract_125,2,16,final_contractions,2205
hs_n26,1,2,4,1,2,contract_126,4,32,final_contractions,2206
hs_n26,1,2,8,2,2,contract_127,16,128,final_contractions,2207
hs_n26,1,2,2,1,1,contract_128,2,16,final_contractions,2208
hs_n26,1,2,4,1,2,contract_129,4,32,final_contractions,2209
hs_n26,1,2,8,2,2,contract_130,16,128,final_contractions,2210
hs_n26,1,2,2,1,1,contract_131,2,16,final_contractions,2211
hs_n26,1,2,4,1,2,contract_132,4,32,final_contractions,2212
hs_n26,1,2,8,2,2,contract_133,16,128,final_contractions,2213
hs_n26,1,2,2,1,1,contract_134,2,16,final_contractions,2214
hs_n26,1,2,4,1,2,contract_135,4,32,final_contractions,2215
hs_n26,1,2,8,2,2,contract_136,16,128,final_contractions,2216
hs_n26,1,2,2,1,1,contract_137,2,16,final_contractions,2217
hs_n26,1,2,4,1,2,contract_138,4,32,final_contractions,2218
hs_n26,1,2,8,2,2,contract_139,16,128,final_contractions,2219
hs_n26,1,2,2,1,1,contract_140,2,16,final_contractions,2220
hs_n26,1,2,4,1,2,contract_141,4,32,final_contractions,2221
hs_n26,1,2,8,2,2,contract_142,16,128,final_contractions,2222
hs_n26,1,2,2,2,2,contract_143,4,32,final_contractions,2223
hs_n26,1,2,2,8,1,contract_144,16,128,final_contractions,2224
hs_n26,1,2,2,2,2,contract_145,4,32,final_contractions,2225
hs_n26,1,2,2,8,1,contract_146,16,128,final_contractions,2226
hs_n26,1,2,2,2,2,contract_147,4,32,final_contractions,2227
hs_n26,1,2,2,8,1,contract_148,16,128,final_contractions,2228
hs_n26,1,2,2,2,2,contract_149,4,32,final_contractions,2229
hs_n26,1,2,2,8,1,contract_150,16,128,final_contractions,2230
hs_n26,1,2,2,2,2,contract_151,4,32,final_contractions,2231
hs_n26,1,2,2,8,1,contract_152,16,128,final_contractions,2232
hs_n26,1,2,2,2,2,contract_153,4,32,final_contractions,2233
hs_n26,1,2,2,8,1,contract_154,16,128,final_contractions,2234
hs_n26,1,2,2,2,2,contract_155,4,32,final_contractions,2235
hs_n26,1,2,2,8,1,contract_156,16,128,final_contractions,2236
hs_n26,1,2,2,2,2,contract_157,4,32,final_contractions,2237
hs_n26,1,2,2,8,1,contract_158,16,128,final_contractions,2238
hs_n26,1,2,2,2,2,contract_159,4,32,final_contractions,2239
hs_n26,1,2,2,8,1,contract_160,16,128,final_contractions,2240
hs_n26,1,2,2,2,2,contract_161,4,32,final_contractions,2241
hs_n26,1,2,2,8,1,contract_162,16,128,final_contractions,2242
hs_n26,1,2,2,2,2,contract_163,4,32,final_contractions,2243
hs_n26,1,2,2,8,1,contract_164,16,128,final_contractions,2244
hs_n26,1,2,2,2,2,contract_165,4,32,final_contractions,2245
hs_n26,1,2,2,8,1,contract_166,16,128,final_contractions,2246
hs_n26,1,2,2,2,2,contract_167,4,32,final_contractions,2247
hs_n26,1,2,2,8,1,contract_168,16,128,final_contractions,2248
hs_n26,1,2,2,2,2,contract_169,4,32,final_contractions,2249
hs_n26,1,4,4,1,2,contract_170,4,64,final_contractions,2250
hs_n26,1,2,2,2,2,contract_171,4,32,final_contractions,2251
hs_n26,1,4,4,1,2,contract_172,4,64,final_contractions,2252
hs_n26,1,2,2,2,2,contract_173,4,32,final_contractions,2253
hs_n26,1,4,4,1,2,contract_174,4,64,final_contractions,2254
hs_n26,1,2,2,2,2,contract_175,4,32,final_contractions,2255
hs_n26,1,4,4,1,2,contract_176,4,64,final_contractions,2256
hs_n26,1,2,2,2,2,contract_177,4,32,final_contractions,2257
hs_n26,1,4,4,1,2,contract_178,4,64,final_contractions,2258
hs_n26,1,2,2,2,2,contract_179,4,32,final_contractions,2259
hs_n26,1,4,4,1,2,contract_180,4,64,final_contractions,2260
hs_n26,1,2,2,2,2,contract_181,4,32,final_contractions,2261
hs_n26,1,4,4,1,2,contract_182,4,64,final_contractions,2262
hs_n26,1,2,2,2,2,contract_183,4,32,final_contractions,2263
hs_n26,1,4,4,1,2,contract_184,4,64,final_contractions,2264
hs_n26,1,2,2,2,2,contract_185,4,32,final_contractions,2265
hs_n26,1,4,4,1,2,contract_186,4,64,final_contractions,2266
hs_n26,1,2,2,2,2,contract_187,4,32,final_contractions,2267
hs_n26,1,4,4,1,2,contract_188,4,64,final_contractions,2268
hs_n26,1,2,2,2,2,contract_189,4,32,final_contractions,2269
hs_n26,1,4,4,1,2,contract_190,4,64,final_contractions,2270
hs_n26,1,2,2,2,2,contract_191,4,32,final_contractions,2271
hs_n26,1,4,4,1,2,contract_192,4,64,final_contractions,2272
hs_n26,1,2,2,2,2,contract_193,4,32,final_contractions,2273
hs_n26,1,4,4,1,2,contract_194,4,64,final_contractions,2274
hs_n26,1,1,4,4,2,contract_195,16,64,final_contractions,2275
hs_n26,1,1,4,4,2,contract_196,16,64,final_contractions,2276
hs_n26,1,1,4,4,2,contract_197,16,64,final_contractions,2277
hs_n26,1,1,4,4,2,contract_198,16,64,final_contractions,2278
hs_n26,1,1,4,4,2,contract_199,16,64,final_contractions,2279
hs_n26,1,1,4,4,2,contract_200,16,64,final_contractions,2280
hs_n26,1,1,4,16,2,contract_201,64,256,final_contractions,2281
hs_n26,1,1,16,16,2,contract_202,256,1024,final_contractions,2282
hs_n26,1,1,16,16,2,contract_203,256,1024,final_contractions,2283
hs_n26,1,1,16,64,2,contract_204,1024,4096,final_contractions,2284
hs_n26,1,1,256,256,2,contract_205,65536,262144,final_contractions,2285
hs_n26,1,1,1024,65536,2,contract_206,67108864,268435456,final_contractions,2286
qrng_n08,1,2,1,2,0,contract_0,2,16,final_contractions,2287
qrng_n08,1,2,1,2,0,contract_1,2,16,final_contractions,2288
qrng_n08,1,2,1,2,0,contract_2,2,16,final_contractions,2289
qrng_n08,1,2,1,2,0,contract_3,2,16,final_contractions,2290
qrng_n08,1,2,1,2,0,contract_4,2,16,final_contractions,2291
qrng_n08,1,2,1,2,0,contract_5,2,16,final_contractions,2292
qrng_n08,1,2,1,2,0,contract_6,2,16,final_contractions,2293
qrng_n08,1,2,1,2,0,contract_7,2,16,final_contractions,2294
qrng_n08,1,1,2,2,2,contract_8,4,16,final_contractions,2295
qrng_n08,1,1,2,2,2,contract_9,4,16,final_contractions,2296
qrng_n08,1,1,2,2,2,contract_10,4,16,final_contractions,2297
qrng_n08,1,1,2,2,2,contract_11,4,16,final_contractions,2298
qrng_n08,1,1,4,4,2,contract_12,16,64,final_contractions,2299
qrng_n08,1,1,4,4,2,contract_13,16,64,final_contractions,2300
qrng_n08,1,1,16,16,2,contract_14,256,1024,final_contractions,2301
qrng_n12,1,2,1,2,0,contract_0,2,16,final_contractions,2302
qrng_n12,1,2,1,2,0,contract_1,2,16,final_contractions,2303
qrng_n12,1,2,1,2,0,contract_2,2,16,final_contractions,2304
qrng_n12,1,2,1,2,0,contract_3,2,16,final_contractions,2305
qrng_n12,1,2,1,2,0,contract_4,2,16,final_contractions,2306
qrng_n12,1,2,1,2,0,contract_5,2,16,final_contractions,2307
qrng_n12,1,2,1,2,0,contract_6,2,16,final_contractions,2308
qrng_n12,1,2,1,2,0,contract_7,2,16,final_contractions,2309
qrng_n12,1,2,1,2,0,contract_8,2,16,final_contractions,2310
qrng_n12,1,2,1,2,0,contract_9,2,16,final_contractions,2311
qrng_n12,1,2,1,2,0,contract_10,2,16,final_contractions,2312
qrng_n12,1,2,1,2,0,contract_11,2,16,final_contractions,2313
qrng_n12,1,1,2,2,2,contract_12,4,16,final_contractions,2314
qrng_n12,1,1,2,2,2,contract_13,4,16,final_contractions,2315
qrng_n12,1,1,2,2,2,contract_14,4,16,final_contractions,2316
qrng_n12,1,1,2,2,2,contract_15,4,16,final_contractions,2317
qrng_n12,1,1,2,2,2,contract_16,4,16,final_contractions,2318
qrng_n12,1,1,2,2,2,contract_17,4,16,final_contractions,2319
qrng_n12,1,1,4,4,2,contract_18,16,64,final_contractions,2320
qrng_n12,1,1,4,4,2,contract_19,16,64,final_contractions,2321
qrng_n12,1,1,4,4,2,contract_20,16,64,final_contractions,2322
qrng_n12,1,1,16,16,2,contract_21,256,1024,final_contractions,2323
qrng_n12,1,1,16,256,2,contract_22,4096,16384,final_contractions,2324
qrng_n16,1,2,1,2,0,contract_0,2,16,final_contractions,2325
qrng_n16,1,2,1,2,0,contract_1,2,16,final_contractions,2326
qrng_n16,1,2,1,2,0,contract_2,2,16,final_contractions,2327
qrng_n16,1,2,1,2,0,contract_3,2,16,final_contractions,2328
qrng_n16,1,2,1,2,0,contract_4,2,16,final_contractions,2329
qrng_n16,1,2,1,2,0,contract_5,2,16,final_contractions,2330
qrng_n16,1,2,1,2,0,contract_6,2,16,final_contractions,2331
qrng_n16,1,2,1,2,0,contract_7,2,16,final_contractions,2332
qrng_n16,1,2,1,2,0,contract_8,2,16,final_contractions,2333
qrng_n16,1,2,1,2,0,contract_9,2,16,final_contractions,2334
qrng_n16,1,2,1,2,0,contract_10,2,16,final_contractions,2335
qrng_n16,1,2,1,2,0,contract_11,2,16,final_contractions,2336
qrng_n16,1,2,1,2,0,contract_12,2,16,final_contractions,2337
qrng_n16,1,2,1,2,0,contract_13,2,16,final_contractions,2338
qrng_n16,1,2,1,2,0,contract_14,2,16,final_contractions,2339
qrng_n16,1,2,1,2,0,contract_15,2,16,final_contractions,2340
qrng_n16,1,1,2,2,2,contract_16,4,16,final_contractions,2341
qrng_n16,1,1,2,2,2,contract_17,4,16,final_contractions,2342
qrng_n16,1,1,2,2,2,contract_18,4,16,final_contractions,2343
qrng_n16,1,1,2,2,2,contract_19,4,16,final_contractions,2344
qrng_n16,1,1,2,2,2,contract_20,4,16,final_contractions,2345
qrng_n16,1,1,2,2,2,contract_21,4,16,final_contractions,2346
qrng_n16,1,1,2,2,2,contract_22,4,16,final_contractions,2347
qrng_n16,1,1,2,2,2,contract_23,4,16,final_contractions,2348
qrng_n16,1,1,4,4,2,contract_24,16,64,final_contractions,2349
qrng_n16,1,1,4,4,2,contract_25,16,64,final_contractions,2350
qrng_n16,1,1,4,4,2,contract_26,16,64,final_contractions,2351
qrng_n16,1,1,4,4,2,contract_27,16,64,final_contractions,2352
qrng_n16,1,1,16,16,2,contract_28,256,1024,final_contractions,2353
qrng_n16,1,1,16,16,2,contract_29,256,1024,final_contractions,2354
qrng_n16,1,1,256,256,2,contract_30,65536,262144,final_contractions,2355
qrng_n18,1,2,1,2,0,contract_0,2,16,final_contractions,2356
qrng_n18,1,2,1,2,0,contract_1,2,16,final_contractions,2357
qrng_n18,1,2,1,2,0,contract_2,2,16,final_contractions,2358
qrng_n18,1,2,1,2,0,contract_3,2,16,final_contractions,2359
qrng_n18,1,2,1,2,0,contract_4,2,16,final_contractions,2360
qrng_n18,1,2,1,2,0,contract_5,2,16,final_contractions,2361
qrng_n18,1,2,1,2,0,contract_6,2,16,final_contractions,2362
qrng_n18,1,2,1,2,0,contract_7,2,16,final_contractions,2363
qrng_n18,1,2,1,2,0,contract_8,2,16,final_contractions,2364
qrng_n18,1,2,1,2,0,contract_9,2,16,final_contractions,2365
qrng_n18,1,2,1,2,0,contract_10,2,16,final_contractions,2366
qrng_n18,1,2,1,2,0,contract_11,2,16,final_contractions,2367
qrng_n18,1,2,1,2,0,contract_12,2,16,final_contractions,2368
qrng_n18,1,2,1,2,0,contract_13,2,16,final_contractions,2369
qrng_n18,1,2,1,2,0,contract_14,2,16,final_contractions,2370
qrng_n18,1,2,1,2,0,contract_15,2,16,final_contractions,2371
qrng_n18,1,2,1,2,0,contract_16,2,16,final_contractions,2372
qrng_n18,1,2,1,2,0,contract_17,2,16,final_contractions,2373
qrng_n18,1,1,2,2,2,contract_18,4,16,final_contractions,2374
qrng_n18,1,1,2,2,2,contract_19,4,16,final_contractions,2375
qrng_n18,1,1,2,2,2,contract_20,4,16,final_contractions,2376
qrng_n18,1,1,2,2,2,contract_21,4,16,final_contractions,2377
qrng_n18,1,1,2,2,2,contract_22,4,16,final_contractions,2378
qrng_n18,1,1,2,2,2,contract_23,4,16,final_contractions,2379
qrng_n18,1,1,2,2,2,contract_24,4,16,final_contractions,2380
qrng_n18,1,1,2,2,2,contract_25,4,16,final_contractions,2381
qrng_n18,1,1,2,2,2,contract_26,4,16,final_contractions,2382
qrng_n18,1,1,4,4,2,contract_27,16,64,final_contractions,2383
qrng_n18,1,1,4,4,2,contract_28,16,64,final_contractions,2384
qrng_n18,1,1,4,4,2,contract_29,16,64,final_contractions,2385
qrng_n18,1,1,4,4,2,contract_30,16,64,final_contractions,2386
qrng_n18,1,1,4,16,2,contract_31,64,256,final_contractions,2387
qrng_n18,1,1,16,16,2,contract_32,256,1024,final_contractions,2388
qrng_n18,1,1,16,64,2,contract_33,1024,4096,final_contractions,2389
qrng_n18,1,1,256,1024,2,contract_34,262144,1048576,final_contractions,2390
qrng_n20,1,2,1,2,0,contract_0,2,16,final_contractions,2391
qrng_n20,1,2,1,2,0,contract_1,2,16,final_contractions,2392
qrng_n20,1,2,1,2,0,contract_2,2,16,final_contractions,2393
qrng_n20,1,2,1,2,0,contract_3,2,16,final_contractions,2394
qrng_n20,1,2,1,2,0,contract_4,2,16,final_contractions,2395
qrng_n20,1,2,1,2,0,contract_5,2,16,final_contractions,2396
qrng_n20,1,2,1,2,0,contract_6,2,16,final_contractions,2397
qrng_n20,1,2,1,2,0,contract_7,2,16,final_contractions,2398
qrng_n20,1,2,1,2,0,contract_8,2,16,final_contractions,2399
qrng_n20,1,2,1,2,0,contract_9,2,16,final_contractions,2400
qrng_n20,1,2,1,2,0,contract_10,2,16,final_contractions,2401
qrng_n20,1,2,1,2,0,contract_11,2,16,final_contractions,2402
qrng_n20,1,2,1,2,0,contract_12,2,16,final_contractions,2403
qrng_n20,1,2,1,2,0,contract_13,2,16,final_contractions,2404
qrng_n20,1,2,1,2,0,contract_14,2,16,final_contractions,2405
qrng_n20,1,2,1,2,0,contract_15,2,16,final_contractions,2406
qrng_n20,1,2,1,2,0,contract_16,2,16,final_contractions,2407
qrng_n20,1,2,1,2,0,contract_17,2,16,final_contractions,2408
qrng_n20,1,2,1,2,0,contract_18,2,16,final_contractions,2409
qrng_n20,1,2,1,2,0,contract_19,2,16,final_contractions,2410
qrng_n20,1,1,2,2,2,contract_20,4,16,final_contractions,2411
qrng_n20,1,1,2,2,2,contract_21,4,16,final_contractions,2412
qrng_n20,1,1,2,2,2,contract_22,4,16,final_contractions,2413
qrng_n20,1,1,2,2,2,contract_23,4,16,final_contractions,2414
qrng_n20,1,1,2,2,2,contract_24,4,16,final_contractions,2415
qrng_n20,1,1,2,2,2,contract_25,4,16,final_contractions,2416
qrng_n20,1,1,2,2,2,contract_26,4,16,final_contractions,2417
qrng_n20,1,1,2,2,2,contract_27,4,16,final_contractions,2418
qrng_n20,1,1,2,2,2,contract_28,4,16,final_contractions,2419
qrng_n20,1,1,2,2,2,contract_29,4,16,final_contractions,2420
qrng_n20,1,1,4,4,2,contract_30,16,64,final_contractions,2421
qrng_n20,1,1,4,4,2,contract_31,16,64,final_contractions,2422
qrng_n20,1,1,4,4,2,contract_32,16,64,final_contractions,2423
qrng_n20,1,1,4,4,2,contract_33,16,64,final_contractions,2424
qrng_n20,1,1,4,4,2,contract_34,16,64,final_contractions,2425
qrng_n20,1,1,16,16,2,contract_35,256,1024,final_contractions,2426
qrng_n20,1,1,16,16,2,contract_36,256,1024,final_contractions,2427
qrng_n20,1,1,16,256,2,contract_37,4096,16384,final_contractions,2428
qrng_n20,1,1,256,4096,2,contract_38,1048576,4194304,final_contractions,2429
qrng_n22,1,2,1,2,0,contract_0,2,16,final_contractions,2430
qrng_n22,1,2,1,2,0,contract_1,2,16,final_contractions,2431
qrng_n22,1,2,1,2,0,contract_2,2,16,final_contractions,2432
qrng_n22,1,2,1,2,0,contract_3,2,16,final_contractions,2433
qrng_n22,1,2,1,2,0,contract_4,2,16,final_contractions,2434
qrng_n22,1,2,1,2,0,contract_5,2,16,final_contractions,2435
qrng_n22,1,2,1,2,0,contract_6,2,16,final_contractions,2436
qrng_n22,1,2,1,2,0,contract_7,2,16,final_contractions,2437
qrng_n22,1,2,1,2,0,contract_8,2,16,final_contractions,2438
qrng_n22,1,2,1,2,0,contract_9,2,16,final_contractions,2439
qrng_n22,1,2,1,2,0,contract_10,2,16,final_contractions,2440
qrng_n22,1,2,1,2,0,contract_11,2,16,final_contractions,2441
qrng_n22,1,2,1,2,0,contract_12,2,16,final_contractions,2442
qrng_n22,1,2,1,2,0,contract_13,2,16,final_contractions,2443
qrng_n22,1,2,1,2,0,contract_14,2,16,final_contractions,2444
qrng_n22,1,2,1,2,0,contract_15,2,16,final_contractions,2445
qrng_n22,1,2,1,2,0,contract_16,2,16,final_contractions,2446
qrng_n22,1,2,1,2,0,contract_17,2,16,final_contractions,2447
qrng_n22,1,2,1,2,0,contract_18,2,16,final_contractions,2448
qrng_n22,1,2,1,2,0,contract_19,2,16,final_contractions,2449
qrng_n22,1,2,1,2,0,contract_20,2,16,final_contractions,2450
qrng_n22,1,2,1,2,0,contract_21,2,16,final_contractions,2451
qrng_n22,1,1,2,2,2,contract_22,4,16,final_contractions,2452
qrng_n22,1,1,2,2,2,contract_23,4,16,final_contractions,2453
qrng_n22,1,1,2,2,2,contract_24,4,16,final_contractions,2454
qrng_n22,1,1,2,2,2,contract_25,4,16,final_contractions,2455
qrng_n22,1,1,2,2,2,contract_26,4,16,final_contractions,2456
qrng_n22,1,1,2,2,2,contract_27,4,16,final_contractions,2457
qrng_n22,1,1,2,2,2,contract_28,4,16,final_contractions,2458
qrng_n22,1,1,2,2,2,contract_29,4,16,final_contractions,2459
qrng_n22,1,1,2,2,2,contract_30,4,16,final_contractions,2460
qrng_n22,1,1,2,2,2,contract_31,4,16,final_contractions,2461
qrng_n22,1,1,2,2,2,contract_32,4,16,final_contractions,2462
qrng_n22,1,1,4,4,2,contract_33,16,64,final_contractions,2463
qrng_n22,1,1,4,4,2,contract_34,16,64,final_contractions,2464
qrng_n22,1,1,4,4,2,contract_35,16,64,final_contractions,2465
qrng_n22,1,1,4,4,2,contract_36,16,64,final_contractions,2466
qrng_n22,1,1,4,4,2,contract_37,16,64,final_contractions,2467
qrng_n22,1,1,4,16,2,contract_38,64,256,final_contractions,2468
qrng_n22,1,1,16,16,2,contract_39,256,1024,final_contractions,2469
qrng_n22,1,1,16,16,2,contract_40,256,1024,final_contractions,2470
qrng_n22,1,1,64,256,2,contract_41,16384,65536,final_contractions,2471
qrng_n22,1,1,256,16384,2,contract_42,4194304,16777216,final_contractions,2472
qrng_n24,1,2,1,2,0,contract_0,2,16,final_contractions,2473
qrng_n24,1,2,1,2,0,contract_1,2,16,final_contractions,2474
qrng_n24,1,2,1,2,0,contract_2,2,16,final_contractions,2475
qrng_n24,1,2,1,2,0,contract_3,2,16,final_contractions,2476
qrng_n24,1,2,1,2,0,contract_4,2,16,final_contractions,2477
qrng_n24,1,2,1,2,0,contract_5,2,16,final_contractions,2478
qrng_n24,1,2,1,2,0,contract_6,2,16,final_contractions,2479
qrng_n24,1,2,1,2,0,contract_7,2,16,final_contractions,2480
qrng_n24,1,2,1,2,0,contract_8,2,16,final_contractions,2481
qrng_n24,1,2,1,2,0,contract_9,2,16,final_contractions,2482
qrng_n24,1,2,1,2,0,contract_10,2,16,final_contractions,2483
qrng_n24,1,2,1,2,0,contract_11,2,16,final_contractions,2484
qrng_n24,1,2,1,2,0,contract_12,2,16,final_contractions,2485
qrng_n24,1,2,1,2,0,contract_13,2,16,final_contractions,2486
qrng_n24,1,2,1,2,0,contract_14,2,16,final_contractions,2487
qrng_n24,1,2,1,2,0,contract_15,2,16,final_contractions,2488
qrng_n24,1,2,1,2,0,contract_16,2,16,final_contractions,2489
qrng_n24,1,2,1,2,0,contract_17,2,16,final_contractions,2490
qrng_n24,1,2,1,2,0,contract_18,2,16,final_contractions,2491
qrng_n24,1,2,1,2,0,contract_19,2,16,final_contractions,2492
qrng_n24,1,2,1,2,0,contract_20,2,16,final_contractions,2493
qrng_n24,1,2,1,2,0,contract_21,2,16,final_contractions,2494
qrng_n24,1,2,1,2,0,contract_22,2,16,final_contractions,2495
qrng_n24,1,2,1,2,0,contract_23,2,16,final_contractions,2496
qrng_n24,1,1,2,2,2,contract_24,4,16,final_contractions,2497
qrng_n24,1,1,2,2,2,contract_25,4,16,final_contractions,2498
qrng_n24,1,1,2,2,2,contract_26,4,16,final_contractions,2499
qrng_n24,1,1,2,2,2,contract_27,4,16,final_contractions,2500
qrng_n24,1,1,2,2,2,contract_28,4,16,final_contractions,2501
qrng_n24,1,1,2,2,2,contract_29,4,16,final_contractions,2502
qrng_n24,1,1,2,2,2,contract_30,4,16,final_contractions,2503
qrng_n24,1,1,2,2,2,contract_31,4,16,final_contractions,2504
qrng_n24,1,1,2,2,2,contract_32,4,16,final_contractions,2505
qrng_n24,1,1,2,2,2,contract_33,4,16,final_contractions,2506
qrng_n24,1,1,2,2,2,contract_34,4,16,final_contractions,2507
qrng_n24,1,1,2,2,2,contract_35,4,16,final_contractions,2508
qrng_n24,1,1,4,4,2,contract_36,16,64,final_contractions,2509
qrng_n24,1,1,4,4,2,contract_37,16,64,final_contractions,2510
qrng_n24,1,1,4,4,2,contract_38,16,64,final_contractions,2511
qrng_n24,1,1,4,4,2,contract_39,16,64,final_contractions,2512
qrng_n24,1,1,4,4,2,contract_40,16,64,final_contractions,2513
qrng_n24,1,1,4,4,2,contract_41,16,64,final_contractions,2514
qrng_n24,1,1,16,16,2,contract_42,256,1024,final_contractions,2515
qrng_n24,1,1,16,16,2,contract_43,256,1024,final_contractions,2516
qrng_n24,1,1,16,16,2,contract_44,256,1024,final_contractions,2517
qrng_n24,1,1,256,256,2,contract_45,65536,262144,final_contractions,2518
qrng_n24,1,1,256,65536,2,contract_46,16777216,67108864,final_contractions,2519
qrng_n26,1,2,1,2,0,contract_0,2,16,final_contractions,2520
qrng_n26,1,2,1,2,0,contract_1,2,16,final_contractions,2521
qrng_n26,1,2,1,2,0,contract_2,2,16,final_contractions,2522
qrng_n26,1,2,1,2,0,contract_3,2,16,final_contractions,2523
qrng_n26,1,2,1,2,0,contract_4,2,16,final_contractions,2524
qrng_n26,1,2,1,2,0,contract_5,2,16,final_contractions,2525
qrng_n26,1,2,1,2,0,contract_6,2,16,final_contractions,2526
qrng_n26,1,2,1,2,0,contract_7,2,16,final_contractions,2527
qrng_n26,1,2,1,2,0,contract_8,2,16,final_contractions,2528
qrng_n26,1,2,1,2,0,contract_9,2,16,final_contractions,2529
qrng_n26,1,2,1,2,0,contract_10,2,16,final_contractions,2530
qrng_n26,1,2,1,2,0,contract_11,2,16,final_contractions,2531
qrng_n26,1,2,1,2,0,contract_12,2,16,final_contractions,2532
qrng_n26,1,2,1,2,0,contract_13,2,16,final_contractions,2533
qrng_n26,1,2,1,2,0,contract_14,2,16,final_contractions,2534
qrng_n26,1,2,1,2,0,contract_15,2,16,final_contractions,2535
qrng_n26,1,2,1,2,0,contract_16,2,16,final_contractions,2536
qrng_n26,1,2,1,2,0,contract_17,2,16,final_contractions,2537
qrng_n26,1,2,1,2,0,contract_18,2,16,final_contractions,2538
qrng_n26,1,2,1,2,0,contract_19,2,16,final_contractions,2539
qrng_n26,1,2,1,2,0,contract_20,2,16,final_contractions,2540
qrng_n26,1,2,1,2,0,contract_21,2,16,final_contractions,2541
qrng_n26,1,2,1,2,0,contract_22,2,16,final_contractions,2542
qrng_n26,1,2,1,2,0,contract_23,2,16,final_contractions,2543
qrng_n26,1,2,1,2,0,contract_24,2,16,final_contractions,2544
qrng_n26,1,2,1,2,0,contract_25,2,16,final_contractions,2545
qrng_n26,1,1,2,2,2,contract_26,4,16,final_contractions,2546
qrng_n26,1,1,2,2,2,contract_27,4,16,final_contractions,2547
qrng_n26,1,1,2,2,2,contract_28,4,16,final_contractions,2548
qrng_n26,1,1,2,2,2,contract_29,4,16,final_contractions,2549
qrng_n26,1,1,2,2,2,contract_30,4,16,final_contractions,2550
qrng_n26,1,1,2,2,2,contract_31,4,16,final_contractions,2551
qrng_n26,1,1,2,2,2,contract_32,4,16,final_contractions,2552
qrng_n26,1,1,2,2,2,contract_33,4,16,final_contractions,2553
qrng_n26,1,1,2,2,2,contract_34,4,16,final_contractions,2554
qrng_n26,1,1,2,2,2,contract_35,4,16,final_contractions,2555
qrng_n26,1,1,2,2,2,contract_36,4,16,final_contractions,2556
qrng_n26,1,1,2,2,2,contract_37,4,16,final_contractions,2557
qrng_n26,1,1,2,2,2,contract_38,4,16,final_contractions,2558
qrng_n26,1,1,4,4,2,contract_39,16,64,final_contractions,2559
qrng_n26,1,1,4,4,2,contract_40,16,64,final_contractions,2560
qrng_n26,1,1,4,4,2,contract_41,16,64,final_contractions,2561
qrng_n26,1,1,4,4,2,contract_42,16,64,final_contractions,2562
qrng_n26,1,1,4,4,2,contract_43,16,64,final_contractions,2563
qrng_n26,1,1,4,4,2,contract_44,16,64,final_contractions,2564
qrng_n26,1,1,4,16,2,contract_45,64,256,final_contractions,2565
qrng_n26,1,1,16,16,2,contract_46,256,1024,final_contractions,2566
qrng_n26,1,1,16,16,2,contract_47,256,1024,final_contractions,2567
qrng_n26,1,1,16,64,2,contract_48,1024,4096,final_contractions,2568
qrng_n26,1,1,256,256,2,contract_49,65536,262144,final_contractions,2569
qrng_n26,1,1,1024,65536,2,contract_50,67108864,268435456,final_contractions,2570
stress_n16_l2,1,2,1,2,0,contract_0,2,16,final_contractions,2571
stress_n16_l2,1,2,1,2,0,contract_1,2,16,final_contractions,2572
stress_n16_l2,1,2,1,2,0,contract_2,2,16,final_contractions,2573
stress_n16_l2,1,2,1,2,0,contract_3,2,16,final_contractions,2574
stress_n16_l2,1,2,1,2,0,contract_4,2,16,final_contractions,2575
stress_n16_l2,1,2,1,2,0,contract_5,2,16,final_contractions,2576
stress_n16_l2,1,2,1,2,0,contract_6,2,16,final_contractions,2577
stress_n16_l2,1,2,1,2,0,contract_7,2,16,final_contractions,2578
stress_n16_l2,1,2,1,2,0,contract_8,2,16,final_contractions,2579
stress_n16_l2,1,2,1,2,0,contract_9,2,16,final_contractions,2580
stress_n16_l2,1,2,1,2,0,contract_10,2,16,final_contractions,2581
stress_n16_l2,1,2,1,2,0,contract_11,2,16,final_contractions,2582
stress_n16_l2,1,2,1,2,0,contract_12,2,16,final_contractions,2583
stress_n16_l2,1,2,1,2,0,contract_13,2,16,final_contractions,2584
stress_n16_l2,1,2,1,2,0,contract_14,2,16,final_contractions,2585
stress_n16_l2,1,2,1,2,0,contract_15,2,16,final_contractions,2586
stress_n16_l2,1,2,2,8,0,contract_16,16,128,final_contractions,2587
stress_n16_l2,1,2,1,8,2,contract_17,8,64,final_contractions,2588
stress_n16_l2,1,2,2,8,0,contract_18,16,128,final_contractions,2589
stress_n16_l2,1,2,1,8,2,contract_19,8,64,final_contractions,2590
stress_n16_l2,1,2,2,8,0,contract_20,16,128,final_contractions,2591
stress_n16_l2,1,2,1,8,2,contract_21,8,64,final_contractions,2592
stress_n16_l2,1,2,2,8,0,contract_22,16,128,final_contractions,2593
stress_n16_l2,1,2,1,8,2,contract_23,8,64,final_contractions,2594
stress_n16_l2,1,2,2,8,0,contract_24,16,128,final_contractions,2595
stress_n16_l2,1,2,1,8,2,contract_25,8,64,final_contractions,2596
stress_n16_l2,1,2,2,8,0,contract_26,16,128,final_contractions,2597
stress_n16_l2,1,2,1,8,2,contract_27,8,64,final_contractions,2598
stress_n16_l2,1,2,2,8,0,contract_28,16,128,final_contractions,2599
stress_n16_l2,1,2,1,8,2,contract_29,8,64,final_contractions,2600
stress_n16_l2,1,2,2,8,0,contract_30,16,128,final_contractions,2601
stress_n16_l2,1,2,1,8,2,contract_31,8,64,final_contractions,2602
stress_n16_l2,1,2,2,8,0,contract_32,16,128,final_contractions,2603
stress_n16_l2,1,2,1,8,2,contract_33,8,64,final_contractions,2604
stress_n16_l2,1,2,2,8,0,contract_34,16,128,final_contractions,2605
stress_n16_l2,1,2,1,8,2,contract_35,8,64,final_contractions,2606
stress_n16_l2,1,2,2,8,0,contract_36,16,128,final_contractions,2607
stress_n16_l2,1,2,1,8,2,contract_37,8,64,final_contractions,2608
stress_n16_l2,1,2,2,8,0,contract_38,16,128,final_contractions,2609
stress_n16_l2,1,2,1,8,2,contract_39,8,64,final_contractions,2610
stress_n16_l2,1,2,2,8,0,contract_40,16,128,final_contractions,2611
stress_n16_l2,1,2,1,8,2,contract_41,8,64,final_contractions,2612
stress_n16_l2,1,2,2,8,0,contract_42,16,128,final_contractions,2613
stress_n16_l2,1,2,1,8,2,contract_43,8,64,final_contractions,2614
stress_n16_l2,1,2,2,8,0,contract_44,16,128,final_contractions,2615
stress_n16_l2,1,2,1,8,2,contract_45,8,64,final_contractions,2616
stress_n16_l2,1,2,2,2,0,contract_46,4,32,final_contractions,2617
stress_n16_l2,1,2,2,2,0,contract_47,4,32,final_contractions,2618
stress_n16_l2,1,2,2,2,0,contract_48,4,32,final_contractions,2619
stress_n16_l2,1,2,2,2,0,contract_49,4,32,final_contractions,2620
stress_n16_l2,1,2,2,2,0,contract_50,4,32,final_contractions,2621
stress_n16_l2,1,2,2,2,0,contract_51,4,32,final_contractions,2622
stress_n16_l2,1,2,2,2,0,contract_52,4,32,final_contractions,2623
stress_n16_l2,1,2,2,2,0,contract_53,4,32,final_contractions,2624
stress_n16_l2,1,2,2,2,0,contract_54,4,32,final_contractions,2625
stress_n16_l2,1,2,2,2,0,contract_55,4,32,final_contractions,2626
stress_n16_l2,1,2,2,2,0,contract_56,4,32,final_contractions,2627
stress_n16_l2,1,2,2,2,0,contract_57,4,32,final_contractions,2628
stress_n16_l2,1,2,2,2,0,contract_58,4,32,final_contractions,2629
stress_n16_l2,1,2,2,2,0,contract_59,4,32,final_contractions,2630
stress_n16_l2,1,2,2,2,0,contract_60,4,32,final_contractions,2631
stress_n16_l2,1,2,2,2,0,contract_61,4,32,final_contractions,2632
stress_n16_l2,1,2,8,2,0,contract_62,16,128,final_contractions,2633
stress_n16_l2,1,2,8,2,0,contract_63,16,128,final_contractions,2634
stress_n16_l2,1,2,8,2,0,contract_64,16,128,final_contractions,2635
stress_n16_l2,1,2,8,2,0,contract_65,16,128,final_contractions,2636
stress_n16_l2,1,2,8,2,0,contract_66,16,128,final_contractions,2637
stress_n16_l2,1,2,8,2,0,contract_67,16,128,final_contractions,2638
stress_n16_l2,1,2,8,2,0,contract_68,16,128,final_contractions,2639
stress_n16_l2,1,2,8,2,0,contract_69,16,128,final_contractions,2640
stress_n16_l2,1,2,8,2,0,contract_70,16,128,final_contractions,2641
stress_n16_l2,1,2,8,2,0,contract_71,16,128,final_contractions,2642
stress_n16_l2,1,2,8,2,0,contract_72,16,128,final_contractions,2643
stress_n16_l2,1,2,8,2,0,contract_73,16,128,final_contractions,2644
stress_n16_l2,1,2,8,2,0,contract_74,16,128,final_contractions,2645
stress_n16_l2,1,2,8,2,0,contract_75,16,128,final_contractions,2646
stress_n16_l2,1,2,8,2,0,contract_76,16,128,final_contractions,2647
stress_n16_l2,1,2,2,1,1,contract_77,2,16,final_contractions,2648
stress_n16_l2,1,2,4,1,2,contract_78,4,32,final_contractions,2649
stress_n16_l2,1,2,2,8,2,contract_79,16,128,final_contractions,2650
stress_n16_l2,1,2,2,8,2,contract_80,16,128,final_contractions,2651
stress_n16_l2,1,2,2,8,2,contract_81,16,128,final_contractions,2652
stress_n16_l2,1,2,2,8,2,contract_82,16,128,final_contractions,2653
stress_n16_l2,1,2,2,8,2,contract_83,16,128,final_contractions,2654
stress_n16_l2,1,2,2,8,2,contract_84,16,128,final_contractions,2655
stress_n16_l2,1,2,2,8,2,contract_85,16,128,final_contractions,2656
stress_n16_l2,1,2,2,8,2,contract_86,16,128,final_contractions,2657
stress_n16_l2,1,2,2,8,2,contract_87,16,128,final_contractions,2658
stress_n16_l2,1,2,2,8,2,contract_88,16,128,final_contractions,2659
stress_n16_l2,1,2,2,8,2,contract_89,16,128,final_contractions,2660
stress_n16_l2,1,2,2,8,2,contract_90,16,128,final_contractions,2661
stress_n16_l2,1,2,2,8,2,contract_91,16,128,final_contractions,2662
stress_n16_l2,1,2,2,8,2,contract_92,16,128,final_contractions,2663
stress_n16_l2,1,2,2,8,1,contract_93,16,128,final_contractions,2664
stress_n16_l2,1,2,4,2,2,contract_94,8,64,final_contractions,2665
stress_n16_l2,1,2,2,8,2,contract_95,16,128,final_contractions,2666
stress_n16_l2,1,4,2,4,2,contract_96,8,128,final_contractions,2667
stress_n16_l2,1,2,2,8,2,contract_97,16,128,final_contractions,2668
stress_n16_l2,1,2,4,4,2,contract_98,16,128,final_contractions,2669
stress_n16_l2,1,4,4,4,2,contract_99,16,256,final_contractions,2670
stress_n16_l2,1,2,4,8,2,contract_100,32,256,final_contractions,2671
stress_n16_l2,1,4,4,8,2,contract_101,32,512,final_contractions,2672
stress_n16_l2,1,2,4,8,2,contract_102,32,256,final_contractions,2673
stress_n16_l2,1,4,8,8,2,contract_103,64,1024,final_contractions,2674
stress_n16_l2,1,2,4,8,2,contract_104,32,256,final_contractions,2675
stress_n16_l2,1,2,4,8,2,contract_105,32,256,final_contractions,2676
stress_n16_l2,1,4,8,8,2,contract_106,64,1024,final_contractions,2677
stress_n16_l2,1,2,4,8,2,contract_107,32,256,final_contractions,2678
stress_n16_l2,1,2,4,8,2,contract_108,32,256,final_contractions,2679
stress_n16_l2,1,4,8,8,2,contract_109,64,1024,final_contractions,2680
stress_n16_l2,1,2,4,8,2,contract_110,32,256,final_contractions,2681
stress_n16_l2,1,2,4,8,2,contract_111,32,256,final_contractions,2682
stress_n16_l2,1,4,8,8,2,contract_112,64,1024,final_contractions,2683
stress_n16_l2,1,2,4,8,2,contract_113,32,256,final_contractions,2684
stress_n16_l2,1,2,4,8,2,contract_114,32,256,final_contractions,2685
stress_n16_l2,1,4,8,8,2,contract_115,64,1024,final_contractions,2686
stress_n16_l2,1,2,4,8,2,contract_116,32,256,final_contractions,2687
stress_n16_l2,1,2,4,8,2,contract_117,32,256,final_contractions,2688
stress_n16_l2,1,4,4,8,2,contract_118,32,512,final_contractions,2689
stress_n16_l2,1,4,8,8,2,contract_119,64,1024,final_contractions,2690
stress_n16_l2,1,4,16,16,2,contract_120,256,4096,final_contractions,2691
stress_n16_l2,1,4,16,64,2,contract_121,1024,16384,final_contractions,2692
stress_n16_l2,1,4,16,256,2,contract_122,4096,65536,final_contractions,2693
stress_n16_l2,1,4,16,1024,2,contract_123,16384,262144,final_contractions,2694
stress_n16_l2,1,4,16,4096,2,contract_124,65536,1048576,final_contractions,2695
xor_n08,1,2,1,8,0,contract_0,8,64,final_contractions,2696
xor_n08,1,2,1,2,0,contract_1,2,16,final_contractions,2697
xor_n08,1,2,4,1,2,contract_2,4,32,final_contractions,2698
xor_n08,1,2,1,2,0,contract_3,2,16,final_contractions,2699
xor_n08,1,2,8,1,1,contract_4,8,64,final_contractions,2700
xor_n08,1,2,1,2,0,contract_5,2,16,final_contractions,2701
xor_n08,1,2,8,1,1,contract_6,8,64,final_contractions,2702
xor_n08,1,2,1,2,0,contract_7,2,16,final_contractions,2703
xor_n08,1,2,8,1,1,contract_8,8,64,final_contractions,2704
xor_n08,1,2,1,2,0,contract_9,2,16,final_contractions,2705
xor_n08,1,2,8,1,1,contract_10,8,64,final_contractions,2706
xor_n08,1,2,1,2,0,contract_11,2,16,final_contractions,2707
xor_n08,1,2,8,1,1,contract_12,8,64,final_contractions,2708
xor_n08,1,2,1,2,0,contract_13,2,16,final_contractions,2709
xor_n08,1,2,8,1,1,contract_14,8,64,final_contractions,2710
xor_n08,1,2,2,4,2,contract_15,8,64,final_contractions,2711
xor_n08,1,2,4,4,2,contract_16,16,128,final_contractions,2712
xor_n08,1,2,4,4,2,contract_17,16,128,final_contractions,2713
xor_n08,1,2,4,8,2,contract_18,32,256,final_contractions,2714
xor_n08,1,2,8,16,2,contract_19,128,1024,final_contractions,2715
xor_n08,1,2,4,64,2,contract_20,256,2048,final_contractions,2716
xor_n12,1,2,1,8,0,contract_0,8,64,final_contractions,2717
xor_n12,1,2,1,2,0,contract_1,2,16,final_contractions,2718
xor_n12,1,2,4,1,2,contract_2,4,32,final_contractions,2719
xor_n12,1,2,1,2,0,contract_3,2,16,final_contractions,2720
xor_n12,1,2,8,1,1,contract_4,8,64,final_contractions,2721
xor_n12,1,2,1,2,0,contract_5,2,16,final_contractions,2722
xor_n12,1,2,8,1,1,contract_6,8,64,final_contractions,2723
xor_n12,1,2,1,2,0,contract_7,2,16,final_contractions,2724
xor_n12,1,2,8,1,1,contract_8,8,64,final_contractions,2725
xor_n12,1,2,1,2,0,contract_9,2,16,final_contractions,2726
xor_n12,1,2,8,1,1,contract_10,8,64,final_contractions,2727
xor_n12,1,2,1,2,0,contract_11,2,16,final_contractions,2728
xor_n12,1,2,8,1,1,contract_12,8,64,final_contractions,2729
xor_n12,1,2,1,2,0,contract_13,2,16,final_contractions,2730
xor_n12,1,2,8,1,1,contract_14,8,64,final_contractions,2731
xor_n12,1,2,1,2,0,contract_15,2,16,final_contractions,2732
xor_n12,1,2,8,1,1,contract_16,8,64,final_contractions,2733
xor_n12,1,2,1,2,0,contract_17,2,16,final_contractions,2734
xor_n12,1,2,8,1,1,contract_18,8,64,final_contractions,2735
xor_n12,1,2,1,2,0,contract_19,2,16,final_contractions,2736
xor_n12,1,2,8,1,1,contract_20,8,64,final_contractions,2737
xor_n12,1,2,1,2,0,contract_21,2,16,final_contractions,2738
xor_n12,1,2,8,1,1,contract_22,8,64,final_contractions,2739
xor_n12,1,2,2,4,2,contract_23,8,64,final_contractions,2740
xor_n12,1,2,4,4,2,contract_24,16,128,final_contractions,2741
xor_n12,1,2,4,4,2,contract_25,16,128,final_contractions,2742
xor_n12,1,2,4,4,2,contract_26,16,128,final_contractions,2743
xor_n12,1,2,4,4,2,contract_27,16,128,final_contractions,2744
xor_n12,1,2,4,8,2,contract_28,32,256,final_contractions,2745
xor_n12,1,2,8,16,2,contract_29,128,1024,final_contractions,2746
xor_n12,1,2,8,64,2,contract_30,512,4096,final_contractions,2747
xor_n12,1,2,8,256,2,contract_31,2048,16384,final_contractions,2748
xor_n12,1,2,4,1024,2,contract_32,4096,32768,final_contractions,2749
xor_n16,1,2,1,8,0,contract_0,8,64,final_contractions,2750
xor_n16,1,2,1,2,0,contract_1,2,16,final_contractions,2751
xor_n16,1,2,4,1,2,contract_2,4,32,final_contractions,2752
xor_n16,1,2,1,2,0,contract_3,2,16,final_contractions,2753
xor_n16,1,2,8,1,1,contract_4,8,64,final_contractions,2754
xor_n16,1,2,1,2,0,contract_5,2,16,final_contractions,2755
xor_n16,1,2,8,1,1,contract_6,8,64,final_contractions,2756
xor_n16,1,2,1,2,0,contract_7,2,16,final_contractions,2757
xor_n16,1,2,8,1,1,contract_8,8,64,final_contractions,2758
xor_n16,1,2,1,2,0,contract_9,2,16,final_contractions,2759
xor_n16,1,2,8,1,1,contract_10,8,64,final_contractions,2760
xor_n16,1,2,1,2,0,contract_11,2,16,final_contractions,2761
xor_n16,1,2,8,1,1,contract_12,8,64,final_contractions,2762
xor_n16,1,2,1,2,0,contract_13,2,16,final_contractions,2763
xor_n16,1,2,8,1,1,contract_14,8,64,final_contractions,2764
xor_n16,1,2,1,2,0,contract_15,2,16,final_contractions,2765
xor_n16,1,2,8,1,1,contract_16,8,64,final_contractions,2766
xor_n16,1,2,1,2,0,contract_17,2,16,final_contractions,2767
xor_n16,1,2,8,1,1,contract_18,8,64,final_contractions,2768
xor_n16,1,2,1,2,0,contract_19,2,16,final_contractions,2769
xor_n16,1,2,8,1,1,contract_20,8,64,final_contractions,2770
xor_n16,1,2,1,2,0,contract_21,2,16,final_contractions,2771
xor_n16,1,2,8,1,1,contract_22,8,64,final_contractions,2772
xor_n16,1,2,1,2,0,contract_23,2,16,final_contractions,2773
xor_n16,1,2,8,1,1,contract_24,8,64,final_contractions,2774
xor_n16,1,2,1,2,0,contract_25,2,16,final_contractions,2775
xor_n16,1,2,8,1,1,contract_26,8,64,final_contractions,2776
xor_n16,1,2,1,2,0,contract_27,2,16,final_contractions,2777
xor_n16,1,2,8,1,1,contract_28,8,64,final_contractions,2778
xor_n16,1,2,1,2,0,contract_29,2,16,final_contractions,2779
xor_n16,1,2,8,1,1,contract_30,8,64,final_contractions,2780
xor_n16,1,2,2,4,2,contract_31,8,64,final_contractions,2781
xor_n16,1,2,4,4,2,contract_32,16,128,final_contractions,2782
xor_n16,1,2,4,4,2,contract_33,16,128,final_contractions,2783
xor_n16,1,2,4,4,2,contract_34,16,128,final_contractions,2784
xor_n16,1,2,4,4,2,contract_35,16,128,final_contractions,2785
xor_n16,1,2,4,4,2,contract_36,16,128,final_contractions,2786
xor_n16,1,2,4,4,2,contract_37,16,128,final_contractions,2787
xor_n16,1,2,4,8,2,contract_38,32,256,final_contractions,2788
xor_n16,1,2,8,16,2,contract_39,128,1024,final_contractions,2789
xor_n16,1,2,8,64,2,contract_40,512,4096,final_contractions,2790
xor_n16,1,2,8,256,2,contract_41,2048,16384,final_contractions,2791
xor_n16,1,2,8,1024,2,contract_42,8192,65536,final_contractions,2792
xor_n16,1,2,8,4096,2,contract_43,32768,262144,final_contractions,2793
xor_n16,1,2,4,16384,2,contract_44,65536,524288,final_contractions,2794
xor_n18,1,2,1,8,0,contract_0,8,64,final_contractions,2795
xor_n18,1,2,1,2,0,contract_1,2,16,final_contractions,2796
xor_n18,1,2,4,1,2,contract_2,4,32,final_contractions,2797
xor_n18,1,2,1,2,0,contract_3,2,16,final_contractions,2798
xor_n18,1,2,8,1,1,contract_4,8,64,final_contractions,2799
xor_n18,1,2,1,2,0,contract_5,2,16,final_contractions,2800
xor_n18,1,2,8,1,1,contract_6,8,64,final_contractions,2801
xor_n18,1,2,1,2,0,contract_7,2,16,final_contractions,2802
xor_n18,1,2,8,1,1,contract_8,8,64,final_contractions,2803
xor_n18,1,2,1,2,0,contract_9,2,16,final_contractions,2804
xor_n18,1,2,8,1,1,contract_10,8,64,final_contractions,2805
xor_n18,1,2,1,2,0,contract_11,2,16,final_contractions,2806
xor_n18,1,2,8,1,1,contract_12,8,64,final_contractions,2807
xor_n18,1,2,1,2,0,contract_13,2,16,final_contractions,2808
xor_n18,1,2,8,1,1,contract_14,8,64,final_contractions,2809
xor_n18,1,2,1,2,0,contract_15,2,16,final_contractions,2810
xor_n18,1,2,8,1,1,contract_16,8,64,final_contractions,2811
xor_n18,1,2,1,2,0,contract_17,2,16,final_contractions,2812
xor_n18,1,2,8,1,1,contract_18,8,64,final_contractions,2813
xor_n18,1,2,1,2,0,contract_19,2,16,final_contractions,2814
xor_n18,1,2,8,1,1,contract_20,8,64,final_contractions,2815
xor_n18,1,2,1,2,0,contract_21,2,16,final_contractions,2816
xor_n18,1,2,8,1,1,contract_22,8,64,final_contractions,2817
xor_n18,1,2,1,2,0,contract_23,2,16,final_contractions,2818
xor_n18,1,2,8,1,1,contract_24,8,64,final_contractions,2819
xor_n18,1,2,1,2,0,contract_25,2,16,final_contractions,2820
xor_n18,1,2,8,1,1,contract_26,8,64,final_contractions,2821
xor_n18,1,2,1,2,0,contract_27,2,16,final_contractions,2822
xor_n18,1,2,8,1,1,contract_28,8,64,final_contractions,2823
xor_n18,1,2,1,2,0,contract_29,2,16,final_contractions,2824
xor_n18,1,2,8,1,1,contract_30,8,64,final_contractions,2825
xor_n18,1,2,1,2,0,contract_31,2,16,final_contractions,2826
xor_n18,1,2,8,1,1,contract_32,8,64,final_contractions,2827
xor_n18,1,2,1,2,0,contract_33,2,16,final_contractions,2828
xor_n18,1,2,8,1,1,contract_34,8,64,final_contractions,2829
xor_n18,1,2,2,4,2,contract_35,8,64,final_contractions,2830
xor_n18,1,2,4,4,2,contract_36,16,128,final_contractions,2831
xor_n18,1,2,4,4,2,contract_37,16,128,final_contractions,2832
xor_n18,1,2,4,4,2,contract_38,16,128,final_contractions,2833
xor_n18,1,2,4,4,2,contract_39,16,128,final_contractions,2834
xor_n18,1,2,4,4,2,contract_40,16,128,final_contractions,2835
xor_n18,1,2,4,4,2,contract_41,16,128,final_contractions,2836
xor_n18,1,2,4,4,2,contract_42,16,128,final_contractions,2837
xor_n18,1,2,4,8,2,contract_43,32,256,final_contractions,2838
xor_n18,1,2,8,16,2,contract_44,128,1024,final_contractions,2839
xor_n18,1,2,8,64,2,contract_45,512,4096,final_contractions,2840
xor_n18,1,2,8,256,2,contract_46,2048,16384,final_contractions,2841
xor_n18,1,2,8,1024,2,contract_47,8192,65536,final_contractions,2842
xor_n18,1,2,8,4096,2,contract_48,32768,262144,final_contractions,2843
xor_n18,1,2,8,16384,2,contract_49,131072,1048576,final_contractions,2844
xor_n18,1,2,4,65536,2,contract_50,262144,2097152,final_contractions,2845
xor_n20,1,2,1,8,0,contract_0,8,64,final_contractions,2846
xor_n20,1,2,1,2,0,contract_1,2,16,final_contractions,2847
xor_n20,1,2,4,1,2,contract_2,4,32,final_contractions,2848
xor_n20,1,2,1,2,0,contract_3,2,16,final_contractions,2849
xor_n20,1,2,8,1,1,contract_4,8,64,final_contractions,2850
xor_n20,1,2,1,2,0,contract_5,2,16,final_contractions,2851
xor_n20,1,2,8,1,1,contract_6,8,64,final_contractions,2852
xor_n20,1,2,1,2,0,contract_7,2,16,final_contractions,2853
xor_n20,1,2,8,1,1,contract_8,8,64,final_contractions,2854
xor_n20,1,2,1,2,0,contract_9,2,16,final_contractions,2855
xor_n20,1,2,8,1,1,contract_10,8,64,final_contractions,2856
xor_n20,1,2,1,2,0,contract_11,2,16,final_contractions,2857
xor_n20,1,2,8,1,1,contract_12,8,64,final_contractions,2858
xor_n20,1,2,1,2,0,contract_13,2,16,final_contractions,2859
xor_n20,1,2,8,1,1,contract_14,8,64,final_contractions,2860
xor_n20,1,2,1,2,0,contract_15,2,16,final_contractions,2861
xor_n20,1,2,8,1,1,contract_16,8,64,final_contractions,2862
xor_n20,1,2,1,2,0,contract_17,2,16,final_contractions,2863
xor_n20,1,2,8,1,1,contract_18,8,64,final_contractions,2864
xor_n20,1,2,1,2,0,contract_19,2,16,final_contractions,2865
xor_n20,1,2,8,1,1,contract_20,8,64,final_contractions,2866
xor_n20,1,2,1,2,0,contract_21,2,16,final_contractions,2867
xor_n20,1,2,8,1,1,contract_22,8,64,final_contractions,2868
xor_n20,1,2,1,2,0,contract_23,2,16,final_contractions,2869
xor_n20,1,2,8,1,1,contract_24,8,64,final_contractions,2870
xor_n20,1,2,1,2,0,contract_25,2,16,final_contractions,2871
xor_n20,1,2,8,1,1,contract_26,8,64,final_contractions,2872
xor_n20,1,2,1,2,0,contract_27,2,16,final_contractions,2873
xor_n20,1,2,8,1,1,contract_28,8,64,final_contractions,2874
xor_n20,1,2,1,2,0,contract_29,2,16,final_contractions,2875
xor_n20,1,2,8,1,1,contract_30,8,64,final_contractions,2876
xor_n20,1,2,1,2,0,contract_31,2,16,final_contractions,2877
xor_n20,1,2,8,1,1,contract_32,8,64,final_contractions,2878
xor_n20,1,2,1,2,0,contract_33,2,16,final_contractions,2879
xor_n20,1,2,8,1,1,contract_34,8,64,final_contractions,2880
xor_n20,1,2,1,2,0,contract_35,2,16,final_contractions,2881
xor_n20,1,2,8,1,1,contract_36,8,64,final_contractions,2882
xor_n20,1,2,1,2,0,contract_37,2,16,final_contractions,2883
xor_n20,1,2,8,1,1,contract_38,8,64,final_contractions,2884
xor_n20,1,2,2,4,2,contract_39,8,64,final_contractions,2885
xor_n20,1,2,4,4,2,contract_40,16,128,final_contractions,2886
xor_n20,1,2,4,4,2,contract_41,16,128,final_contractions,2887
xor_n20,1,2,4,4,2,contract_42,16,128,final_contractions,2888
xor_n20,1,2,4,4,2,contract_43,16,128,final_contractions,2889
xor_n20,1,2,4,4,2,contract_44,16,128,final_contractions,2890
xor_n20,1,2,4,4,2,contract_45,16,128,final_contractions,2891
xor_n20,1,2,4,4,2,contract_46,16,128,final_contractions,2892
xor_n20,1,2,4,4,2,contract_47,16,128,final_contractions,2893
xor_n20,1,2,4,8,2,contract_48,32,256,final_contractions,2894
xor_n20,1,2,8,16,2,contract_49,128,1024,final_contractions,2895
xor_n20,1,2,8,64,2,contract_50,512,4096,final_contractions,2896
xor_n20,1,2,8,256,2,contract_51,2048,16384,final_contractions,2897
xor_n20,1,2,8,1024,2,contract_52,8192,65536,final_contractions,2898
xor_n20,1,2,8,4096,2,contract_53,32768,262144,final_contractions,2899
xor_n20,1,2,8,16384,2,contract_54,131072,1048576,final_contractions,2900
xor_n20,1,2,8,65536,2,contract_55,524288,4194304,final_contractions,2901
xor_n20,1,2,4,262144,2,contract_56,1048576,8388608,final_contractions,2902
xor_n22,1,2,1,8,0,contract_0,8,64,final_contractions,2903
xor_n22,1,2,1,2,0,contract_1,2,16,final_contractions,2904
xor_n22,1,2,4,1,2,contract_2,4,32,final_contractions,2905
xor_n22,1,2,1,2,0,contract_3,2,16,final_contractions,2906
xor_n22,1,2,8,1,1,contract_4,8,64,final_contractions,2907
xor_n22,1,2,1,2,0,contract_5,2,16,final_contractions,2908
xor_n22,1,2,8,1,1,contract_6,8,64,final_contractions,2909
xor_n22,1,2,1,2,0,contract_7,2,16,final_contractions,2910
xor_n22,1,2,8,1,1,contract_8,8,64,final_contractions,2911
xor_n22,1,2,1,2,0,contract_9,2,16,final_contractions,2912
xor_n22,1,2,8,1,1,contract_10,8,64,final_contractions,2913
xor_n22,1,2,1,2,0,contract_11,2,16,final_contractions,2914
xor_n22,1,2,8,1,1,contract_12,8,64,final_contractions,2915
xor_n22,1,2,1,2,0,contract_13,2,16,final_contractions,2916
xor_n22,1,2,8,1,1,contract_14,8,64,final_contractions,2917
xor_n22,1,2,1,2,0,contract_15,2,16,final_contractions,2918
xor_n22,1,2,8,1,1,contract_16,8,64,final_contractions,2919
xor_n22,1,2,1,2,0,contract_17,2,16,final_contractions,2920
xor_n22,1,2,8,1,1,contract_18,8,64,final_contractions,2921
xor_n22,1,2,1,2,0,contract_19,2,16,final_contractions,2922
xor_n22,1,2,8,1,1,contract_20,8,64,final_contractions,2923
xor_n22,1,2,1,2,0,contract_21,2,16,final_contractions,2924
xor_n22,1,2,8,1,1,contract_22,8,64,final_contractions,2925
xor_n22,1,2,1,2,0,contract_23,2,16,final_contractions,2926
xor_n22,1,2,8,1,1,contract_24,8,64,final_contractions,2927
xor_n22,1,2,1,2,0,contract_25,2,16,final_contractions,2928
xor_n22,1,2,8,1,1,contract_26,8,64,final_contractions,2929
xor_n22,1,2,1,2,0,contract_27,2,16,final_contractions,2930
xor_n22,1,2,8,1,1,contract_28,8,64,final_contractions,2931
xor_n22,1,2,1,2,0,contract_29,2,16,final_contractions,2932
xor_n22,1,2,8,1,1,contract_30,8,64,final_contractions,2933
xor_n22,1,2,1,2,0,contract_31,2,16,final_contractions,2934
xor_n22,1,2,8,1,1,contract_32,8,64,final_contractions,2935
xor_n22,1,2,1,2,0,contract_33,2,16,final_contractions,2936
xor_n22,1,2,8,1,1,contract_34,8,64,final_contractions,2937
xor_n22,1,2,1,2,0,contract_35,2,16,final_contractions,2938
xor_n22,1,2,8,1,1,contract_36,8,64,final_contractions,2939
xor_n22,1,2,1,2,0,contract_37,2,16,final_contractions,2940
xor_n22,1,2,8,1,1,contract_38,8,64,final_contractions,2941
xor_n22,1,2,1,2,0,contract_39,2,16,final_contractions,2942
xor_n22,1,2,8,1,1,contract_40,8,64,final_contractions,2943
xor_n22,1,2,1,2,0,contract_41,2,16,final_contractions,2944
xor_n22,1,2,8,1,1,contract_42,8,64,final_contractions,2945
xor_n22,1,2,2,4,2,contract_43,8,64,final_contractions,2946
xor_n22,1,2,4,4,2,contract_44,16,128,final_contractions,2947
xor_n22,1,2,4,4,2,contract_45,16,128,final_contractions,2948
xor_n22,1,2,4,4,2,contract_46,16,128,final_contractions,2949
xor_n22,1,2,4,4,2,contract_47,16,128,final_contractions,2950
xor_n22,1,2,4,4,2,contract_48,16,128,final_contractions,2951
xor_n22,1,2,4,4,2,contract_49,16,128,final_contractions,2952
xor_n22,1,2,4,4,2,contract_50,16,128,final_contractions,2953
xor_n22,1,2,4,4,2,contract_51,16,128,final_contractions,2954
xor_n22,1,2,4,4,2,contract_52,16,128,final_contractions,2955
xor_n22,1,2,4,8,2,contract_53,32,256,final_contractions,2956
xor_n22,1,2,8,16,2,contract_54,128,1024,final_contractions,2957
xor_n22,1,2,8,64,2,contract_55,512,4096,final_contractions,2958
xor_n22,1,2,8,256,2,contract_56,2048,16384,final_contractions,2959
xor_n22,1,2,8,1024,2,contract_57,8192,65536,final_contractions,2960
xor_n22,1,2,8,4096,2,contract_58,32768,262144,final_contractions,2961
xor_n22,1,2,8,16384,2,contract_59,131072,1048576,final_contractions,2962
xor_n22,1,2,8,65536,2,contract_60,524288,4194304,final_contractions,2963
xor_n22,1,2,8,262144,2,contract_61,2097152,16777216,final_contractions,2964
xor_n22,1,2,4,1048576,2,contract_62,4194304,33554432,final_contractions,2965
xor_n24,1,2,1,8,0,contract_0,8,64,final_contractions,2966
xor_n24,1,2,1,2,0,contract_1,2,16,final_contractions,2967
xor_n24,1,2,4,1,2,contract_2,4,32,final_contractions,2968
xor_n24,1,2,1,2,0,contract_3,2,16,final_contractions,2969
xor_n24,1,2,8,1,1,contract_4,8,64,final_contractions,2970
xor_n24,1,2,1,2,0,contract_5,2,16,final_contractions,2971
xor_n24,1,2,8,1,1,contract_6,8,64,final_contractions,2972
xor_n24,1,2,1,2,0,contract_7,2,16,final_contractions,2973
xor_n24,1,2,8,1,1,contract_8,8,64,final_contractions,2974
xor_n24,1,2,1,2,0,contract_9,2,16,final_contractions,2975
xor_n24,1,2,8,1,1,contract_10,8,64,final_contractions,2976
xor_n24,1,2,1,2,0,contract_11,2,16,final_contractions,2977
xor_n24,1,2,8,1,1,contract_12,8,64,final_contractions,2978
xor_n24,1,2,1,2,0,contract_13,2,16,final_contractions,2979
xor_n24,1,2,8,1,1,contract_14,8,64,final_contractions,2980
xor_n24,1,2,1,2,0,contract_15,2,16,final_contractions,2981
xor_n24,1,2,8,1,1,contract_16,8,64,final_contractions,2982
xor_n24,1,2,1,2,0,contract_17,2,16,final_contractions,2983
xor_n24,1,2,8,1,1,contract_18,8,64,final_contractions,2984
xor_n24,1,2,1,2,0,contract_19,2,16,final_contractions,2985
xor_n24,1,2,8,1,1,contract_20,8,64,final_contractions,2986
xor_n24,1,2,1,2,0,contract_21,2,16,final_contractions,2987
xor_n24,1,2,8,1,1,contract_22,8,64,final_contractions,2988
xor_n24,1,2,1,2,0,contract_23,2,16,final_contractions,2989
xor_n24,1,2,8,1,1,contract_24,8,64,final_contractions,2990
xor_n24,1,2,1,2,0,contract_25,2,16,final_contractions,2991
xor_n24,1,2,8,1,1,contract_26,8,64,final_contractions,2992
xor_n24,1,2,1,2,0,contract_27,2,16,final_contractions,2993
xor_n24,1,2,8,1,1,contract_28,8,64,final_contractions,2994
xor_n24,1,2,1,2,0,contract_29,2,16,final_contractions,2995
xor_n24,1,2,8,1,1,contract_30,8,64,final_contractions,2996
xor_n24,1,2,1,2,0,contract_31,2,16,final_contractions,2997
xor_n24,1,2,8,1,1,contract_32,8,64,final_contractions,2998
xor_n24,1,2,1,2,0,contract_33,2,16,final_contractions,2999
xor_n24,1,2,8,1,1,contract_34,8,64,final_contractions,3000
xor_n24,1,2,1,2,0,contract_35,2,16,final_contractions,3001
xor_n24,1,2,8,1,1,contract_36,8,64,final_contractions,3002
xor_n24,1,2,1,2,0,contract_37,2,16,final_contractions,3003
xor_n24,1,2,8,1,1,contract_38,8,64,final_contractions,3004
xor_n24,1,2,1,2,0,contract_39,2,16,final_contractions,3005
xor_n24,1,2,8,1,1,contract_40,8,64,final_contractions,3006
xor_n24,1,2,1,2,0,contract_41,2,16,final_contractions,3007
xor_n24,1,2,8,1,1,contract_42,8,64,final_contractions,3008
xor_n24,1,2,1,2,0,contract_43,2,16,final_contractions,3009
xor_n24,1,2,8,1,1,contract_44,8,64,final_contractions,3010
xor_n24,1,2,1,2,0,contract_45,2,16,final_contractions,3011
xor_n24,1,2,8,1,1,contract_46,8,64,final_contractions,3012
xor_n24,1,2,2,4,2,contract_47,8,64,final_contractions,3013
xor_n24,1,2,4,4,2,contract_48,16,128,final_contractions,3014
xor_n24,1,2,4,4,2,contract_49,16,128,final_contractions,3015
xor_n24,1,2,4,4,2,contract_50,16,128,final_contractions,3016
xor_n24,1,2,4,4,2,contract_51,16,128,final_contractions,3017
xor_n24,1,2,4,4,2,contract_52,16,128,final_contractions,3018
xor_n24,1,2,4,4,2,contract_53,16,128,final_contractions,3019
xor_n24,1,2,4,4,2,contract_54,16,128,final_contractions,3020
xor_n24,1,2,4,4,2,contract_55,16,128,final_contractions,3021
xor_n24,1,2,4,4,2,contract_56,16,128,final_contractions,3022
xor_n24,1,2,4,4,2,contract_57,16,128,final_contractions,3023
xor_n24,1,2,4,8,2,contract_58,32,256,final_contractions,3024
xor_n24,1,2,8,16,2,contract_59,128,1024,final_contractions,3025
xor_n24,1,2,8,64,2,contract_60,512,4096,final_contractions,3026
xor_n24,1,2,8,256,2,contract_61,2048,16384,final_contractions,3027
xor_n24,1,2,8,1024,2,contract_62,8192,65536,final_contractions,3028
xor_n24,1,2,8,4096,2,contract_63,32768,262144,final_contractions,3029
xor_n24,1,2,8,16384,2,contract_64,131072,1048576,final_contractions,3030
xor_n24,1,2,8,65536,2,contract_65,524288,4194304,final_contractions,3031
xor_n24,1,2,8,262144,2,contract_66,2097152,16777216,final_contractions,3032
xor_n24,1,2,8,1048576,2,contract_67,8388608,67108864,final_contractions,3033
xor_n24,1,2,4,4194304,2,contract_68,16777216,134217728,final_contractions,3034
xor_n26,1,2,1,8,0,contract_0,8,64,final_contractions,3035
xor_n26,1,2,1,2,0,contract_1,2,16,final_contractions,3036
xor_n26,1,2,4,1,2,contract_2,4,32,final_contractions,3037
xor_n26,1,2,1,2,0,contract_3,2,16,final_contractions,3038
xor_n26,1,2,8,1,1,contract_4,8,64,final_contractions,3039
xor_n26,1,2,1,2,0,contract_5,2,16,final_contractions,3040
xor_n26,1,2,8,1,1,contract_6,8,64,final_contractions,3041
xor_n26,1,2,1,2,0,contract_7,2,16,final_contractions,3042
xor_n26,1,2,8,1,1,contract_8,8,64,final_contractions,3043
xor_n26,1,2,1,2,0,contract_9,2,16,final_contractions,3044
xor_n26,1,2,8,1,1,contract_10,8,64,final_contractions,3045
xor_n26,1,2,1,2,0,contract_11,2,16,final_contractions,3046
xor_n26,1,2,8,1,1,contract_12,8,64,final_contractions,3047
xor_n26,1,2,1,2,0,contract_13,2,16,final_contractions,3048
xor_n26,1,2,8,1,1,contract_14,8,64,final_contractions,3049
xor_n26,1,2,1,2,0,contract_15,2,16,final_contractions,3050
xor_n26,1,2,8,1,1,contract_16,8,64,final_contractions,3051
xor_n26,1,2,1,2,0,contract_17,2,16,final_contractions,3052
xor_n26,1,2,8,1,1,contract_18,8,64,final_contractions,3053
xor_n26,1,2,1,2,0,contract_19,2,16,final_contractions,3054
xor_n26,1,2,8,1,1,contract_20,8,64,final_contractions,3055
xor_n26,1,2,1,2,0,contract_21,2,16,final_contractions,3056
xor_n26,1,2,8,1,1,contract_22,8,64,final_contractions,3057
xor_n26,1,2,1,2,0,contract_23,2,16,final_contractions,3058
xor_n26,1,2,8,1,1,contract_24,8,64,final_contractions,3059
xor_n26,1,2,1,2,0,contract_25,2,16,final_contractions,3060
xor_n26,1,2,8,1,1,contract_26,8,64,final_contractions,3061
xor_n26,1,2,1,2,0,contract_27,2,16,final_contractions,3062
xor_n26,1,2,8,1,1,contract_28,8,64,final_contractions,3063
xor_n26,1,2,1,2,0,contract_29,2,16,final_contractions,3064
xor_n26,1,2,8,1,1,contract_30,8,64,final_contractions,3065
xor_n26,1,2,1,2,0,contract_31,2,16,final_contractions,3066
xor_n26,1,2,8,1,1,contract_32,8,64,final_contractions,3067
xor_n26,1,2,1,2,0,contract_33,2,16,final_contractions,3068
xor_n26,1,2,8,1,1,contract_34,8,64,final_contractions,3069
xor_n26,1,2,1,2,0,contract_35,2,16,final_contractions,3070
xor_n26,1,2,8,1,1,contract_36,8,64,final_contractions,3071
xor_n26,1,2,1,2,0,contract_37,2,16,final_contractions,3072
xor_n26,1,2,8,1,1,contract_38,8,64,final_contractions,3073
xor_n26,1,2,1,2,0,contract_39,2,16,final_contractions,3074
xor_n26,1,2,8,1,1,contract_40,8,64,final_contractions,3075
xor_n26,1,2,1,2,0,contract_41,2,16,final_contractions,3076
xor_n26,1,2,8,1,1,contract_42,8,64,final_contractions,3077
xor_n26,1,2,1,2,0,contract_43,2,16,final_contractions,3078
xor_n26,1,2,8,1,1,contract_44,8,64,final_contractions,3079
xor_n26,1,2,1,2,0,contract_45,2,16,final_contractions,3080
xor_n26,1,2,8,1,1,contract_46,8,64,final_contractions,3081
xor_n26,1,2,1,2,0,contract_47,2,16,final_contractions,3082
xor_n26,1,2,8,1,1,contract_48,8,64,final_contractions,3083
xor_n26,1,2,1,2,0,contract_49,2,16,final_contractions,3084
xor_n26,1,2,8,1,1,contract_50,8,64,final_contractions,3085
xor_n26,1,2,2,4,2,contract_51,8,64,final_contractions,3086
xor_n26,1,2,4,4,2,contract_52,16,128,final_contractions,3087
xor_n26,1,2,4,4,2,contract_53,16,128,final_contractions,3088
xor_n26,1,2,4,4,2,contract_54,16,128,final_contractions,3089
xor_n26,1,2,4,4,2,contract_55,16,128,final_contractions,3090
xor_n26,1,2,4,4,2,contract_56,16,128,final_contractions,3091
xor_n26,1,2,4,4,2,contract_57,16,128,final_contractions,3092
xor_n26,1,2,4,4,2,contract_58,16,128,final_contractions,3093
xor_n26,1,2,4,4,2,contract_59,16,128,final_contractions,3094
xor_n26,1,2,4,4,2,contract_60,16,128,final_contractions,3095
xor_n26,1,2,4,4,2,contract_61,16,128,final_contractions,3096
xor_n26,1,2,4,4,2,contract_62,16,128,final_contractions,3097
xor_n26,1,2,4,8,2,contract_63,32,256,final_contractions,3098
xor_n26,1,2,8,16,2,contract_64,128,1024,final_contractions,3099
xor_n26,1,2,8,64,2,contract_65,512,4096,final_contractions,3100
xor_n26,1,2,8,256,2,contract_66,2048,16384,final_contractions,3101
xor_n26,1,2,8,1024,2,contract_67,8192,65536,final_contractions,3102
xor_n26,1,2,8,4096,2,contract_68,32768,262144,final_contractions,3103
xor_n26,1,2,8,16384,2,contract_69,131072,1048576,final_contractions,3104
xor_n26,1,2,8,65536,2,contract_70,524288,4194304,final_contractions,3105
xor_n26,1,2,8,262144,2,contract_71,2097152,16777216,final_contractions,3106
xor_n26,1,2,8,1048576,2,contract_72,8388608,67108864,final_contractions,3107
xor_n26,1,2,8,4194304,2,contract_73,33554432,268435456,final_contractions,3108
xor_n26,1,2,4,16777216,2,contract_74,67108864,536870912,final_contractions,3109
