cell_id,case_id,phase,backend,arm_id,role,planned_slots,issued_slots,success_count,unsupported_count,timeout_count,failure_count,complete,quality_qualified
cell-0080d4585b332bd8e31923971e4ad47b2637aff70e916901de6fab69d5510984,qrng_n18,calibration,upmem,e94f6abc36679c33ec1ed34f6197413e8397711c8c952dc520ebac2214f9ff3a,calibration,6,6,6,0,0,0,True,False
cell-00cc838666e06c32ee9cbe9548f6dcb5f3d5cbfe85e6e9236a08ec28995c8633,qrng_n18,calibration,upmem,2b8e4a9cc20bd089c1aa3301ef04b0d6323d92429ecfb0225019eb4ebb909369,calibration,6,6,6,0,0,0,True,False
cell-01540b52e122495afe0f1e0f9cba755ecca727fea1ac0df92ec7a6175176f733,stress_n16_l2,calibration,upmem,dbca946b82bc3f1285d8db3fafce59aec3b04e03185305d4cf823b0dcf401702,calibration,6,6,6,0,0,0,True,False
cell-025e3b8204291c6c9cf418d39686cfedd7a3f2f53ae40fc22c867809ec2b93e1,edc_n17,calibration,upmem,5a62bf542200bf710caf573838f36d0fd198d6636aa7b6c50f42d3572bc51473,calibration,6,6,6,0,0,0,True,False
cell-02e9ad2877d84b7ad9e1ffa158020475117abe6c9549d52e13b7f9126e117e4e,qrng_n18,calibration,upmem,20c8045b6a202d1fd25525e162bc7e46452b3b39764438e593af95652f3df5a7,calibration,6,6,6,0,0,0,True,False
cell-03199a1db7ef7ca3f5a820d1732d2c6825ccddb3412cf2567ea42e148469d251,qrng_n18,calibration,upmem,6e3d096bf26fc5d85f31f1670950563229bc62e50027c58f94c155d639b8b8c1,calibration,6,6,6,0,0,0,True,False
cell-035be98c8f9191cfdcb505f7cfbc0e9bd52b48eb43b72ed274c2d857f709d02f,qrng_n18,calibration,upmem,331b392a1c3d586bc3d3a4517fd58a67161c6af5a439dd8bcd117b95b5116c45,calibration,6,6,6,0,0,0,True,False
cell-05673e17d0b831dbc1ab6ae6dcd2b400d572e3f7bf3d6318d6b4ac8b04461d2a,stress_n16_l2,calibration,upmem,2b8e4a9cc20bd089c1aa3301ef04b0d6323d92429ecfb0225019eb4ebb909369,calibration,6,6,6,0,0,0,True,False
cell-069fb7dc1d1e4f5b097249e456b30489ef76d1d95ab0476bd9ed6f89ce5760d2,stress_n16_l2,calibration,upmem,f7769c726e555c58cafed9149b45854c14fc7d718766c43b50047c8c5a71e6f3,calibration,6,6,6,0,0,0,True,False
cell-07694497fda7e6dab6611be194a86e2b5e090332bddf012d0dd798176ba2ab03,bv_n18,calibration,upmem,27b62e57038c9a28dce9f5844c37556b2808dc892f3a5401afe82eba05fa54ed,calibration,6,6,6,0,0,0,True,False
cell-098c63a3aa14fd727b444886359706baee3164b9dad72b8bfbc7426df735cdd4,hs_n18,calibration,upmem,7f1d4a33ef36c6275faf29ecea97c8f4794e54748f6e4607e72c16cf07990c4f,calibration,6,6,6,0,0,0,True,False
cell-0a6e26f550cbb721b583b567cc6f79d55469a701ede674715014d157863e4754,hs_n18,calibration,upmem,4de752cd20a626fb5d38c84cd24596f0ac892f43c0338e45c812e3495a28786d,calibration,6,6,6,0,0,0,True,False
cell-0ae24cb9e66533bae6a08c5ae50ea3cf02753a53c9ecd7f0681a14b53b4829c6,xor_n18,calibration,upmem,828f0ad95ec8d00d9d3dba73c6a3057d822b8f90f1014a9a96d1c83681eb953d,calibration,6,6,6,0,0,0,True,False
cell-0b86a2da7220eb78201bd1f0527b6e2320e7e9ebd6da708169790c13d8ba91d4,ghz_n18,calibration,upmem,8880c53b3a27d74ecc95016a53311eb9d495eecb2968a9189fc6e0d7019acba0,calibration,6,6,6,0,0,0,True,False
cell-0bd687748b8a5cb1662433a7aa07f932cde6ea81e14a56df76c0654b4eaa19b0,bv_n18,calibration,upmem,2b8e4a9cc20bd089c1aa3301ef04b0d6323d92429ecfb0225019eb4ebb909369,calibration,6,6,6,0,0,0,True,False
cell-0ed5739e09a3788e06add0b2956129ba25736e1a8787942dd358ea2f990fbcbe,hs_n18,calibration,upmem,c8d83617187702ca6bdf030b2c3ee00db58f0d28a8d536059f9c54097e067190,calibration,6,6,6,0,0,0,True,False
cell-0eefead232cd5c4e5e185ded57f69eae72ff746074ce1e7d92cd47c33db74851,xor_n18,calibration,upmem,2fa411127cd5d818380604c2b191da4707d8a8f733bc834e8991b59f3dd5e897,calibration,6,6,6,0,0,0,True,False
cell-10a546a86f20a86a342e022f8cb21e4968ddbbc83ede6ec453f3ae8b6409284c,edc_n17,calibration,upmem,ec610867a4d972311e7e8488e53d4dbebf8ba704570caee5761a91ae9bcd3e46,calibration,6,6,6,0,0,0,True,False
cell-10f4a5b20157edf563c48f546fa15f437c6a8c69cdce824a39bf84a8d1c3add1,edc_n17,calibration,upmem,331b392a1c3d586bc3d3a4517fd58a67161c6af5a439dd8bcd117b95b5116c45,calibration,6,6,6,0,0,0,True,False
cell-119537c0c1d2f47cd180a6aace4f45e741f69ae190e1b91840444837d4ff4882,bb84_n18,calibration,upmem,fce085219b1c27d878bfc98d0548813c7213b26a19b57f8282eee434946e3e23,calibration,6,6,6,0,0,0,True,False
cell-11f641a0a0583579fbe992da71fbe792ccac8413ed4f623292516202998e0577,qrng_n18,calibration,upmem,26d383578cf3bdc75d6e47da6e0024efb05ac8a55653eda872e3df3a1ac2cbba,calibration,6,6,6,0,0,0,True,False
cell-126b61ae3d77f074a408c6e7f792e952c10e9f99a0becf6f171f7d04d05847d1,bv_n18,calibration,upmem,e4e0e687ccdb15f5a8d7f61f78364c246f0606bf598100d2f64a830b0b263b53,calibration,8,8,8,0,0,0,True,False
cell-128a03d27a53e2ef477447e22d2b9c56f6d950db52099597f69373743fc9f90a,bv_n18,calibration,upmem,be81183e6d130ece72190f9176126a70d37731ee25893f68d1c49a2e8e15b57a,calibration,6,6,6,0,0,0,True,False
cell-133afcdcb9fa34a6a6de42957d13828ae28575e5d53e58c55714a4d0c9800322,edc_n17,calibration,upmem,f7769c726e555c58cafed9149b45854c14fc7d718766c43b50047c8c5a71e6f3,calibration,6,6,6,0,0,0,True,False
cell-141b07ecf76db8a6dac851920dc983a7acaad215ae9a7cdc3b3cbbf7f72db881,qrng_n18,calibration,upmem,304a8dfac62b65c63a65cc648c99e36178312daebe5c835400ae9691934d9eb5,calibration,6,6,6,0,0,0,True,False
cell-147d732ef83723f0563fe6520b8d743d477f72bbbd09029550b06bdffa9b5b4e,stress_n16_l2,calibration,upmem,0614d89b69a0cbbb1eeec6e51841ad485b9173655a84e785f5238aaf580fe6b6,calibration,6,6,6,0,0,0,True,False
cell-1502b09b7a622b362b18ba19df114efe94cb66c73a73e13ea9baa97d91ba9aa0,hs_n18,calibration,upmem,26d383578cf3bdc75d6e47da6e0024efb05ac8a55653eda872e3df3a1ac2cbba,calibration,6,6,6,0,0,0,True,False
cell-1576540bc9eddf62742fbd58f0b7654291b8f8d3bed5a913998540fcbf706f4c,edc_n17,calibration,upmem,0614d89b69a0cbbb1eeec6e51841ad485b9173655a84e785f5238aaf580fe6b6,calibration,6,6,6,0,0,0,True,False
cell-15e53a1bc79558087639bbb1e781f9019af28c76305e279401e7e1be33b746f3,ghz_n18,calibration,upmem,46b9da7ab5f820bd2c2c60ccce1213119fc7130826ccef930cd7992522430b23,calibration,6,6,6,0,0,0,True,False
cell-1660b0baf87b188d6fbd40b87bffa7c07e4ea6b3e75c423444ee08976c3ba72e,hs_n18,calibration,upmem,500337d491059f285a742b22fc3410f6a578fd63dc4d0f52030103cab63ec015,calibration,6,6,6,0,0,0,True,False
cell-174e6da86e3e9c6b6aa429b9980b394d1565312f4b0528300b760b7e37eaddb8,xor_n18,calibration,upmem,41a81d7925a3c66646b16df3f8f555878fed40a48542a39146597d62c3e210f9,calibration,6,6,6,0,0,0,True,False
cell-18c0e479a5b8de80fc5fd98d6646f29e7b160606606ff865fb605d735ab689f2,stress_n16_l2,calibration,upmem,ecf95fdab372ba8ec6b1b3d7a72fa3b3f1c10533823a80917559477cc61f32d4,calibration,8,8,8,0,0,0,True,False
cell-1918a1bb0f6a9228b5982f14a9983487e2f522e808760b3caa6f46182a4ebb67,qrng_n18,calibration,upmem,500337d491059f285a742b22fc3410f6a578fd63dc4d0f52030103cab63ec015,calibration,6,6,6,0,0,0,True,False
cell-19d87aaf3f61443d06f0c24e1c2013ee83dab3239030593eabbf66d4df4fcfa0,ghz_n18,calibration,upmem,27b62e57038c9a28dce9f5844c37556b2808dc892f3a5401afe82eba05fa54ed,calibration,6,6,6,0,0,0,True,False
cell-19daf5042203b27f314452e5fc20225b0d2b36f132ca7e1e136c567ea37a7f6a,stress_n18_l2,calibration,upmem,8d3e6a2dcb9e27817d946a007935c4c6ab5423325451eb368683fa777b1a339a,calibration,6,6,6,0,0,0,True,False
cell-19e801741b6d9478a56f5e7948f34c149a48258ab4445b2d2b5dbb7dcefd72e9,edc_n17,calibration,upmem,db693aa2ee993965334a0d8bcf3cf527acd8986bf65459f4cdeabab303dd52cd,calibration,6,6,6,0,0,0,True,False
cell-1a19043061dc35ee3cd230d9d588503c5ef5cef2ed58abaca8ac06d711465bda,bv_n18,calibration,upmem,331b392a1c3d586bc3d3a4517fd58a67161c6af5a439dd8bcd117b95b5116c45,calibration,6,6,6,0,0,0,True,False
cell-1a1c668a42a425e92f9bc474f5e55ed9ff7d390415bd647dde80de191a25cea5,qrng_n18,calibration,upmem,9325ee6b03e0b53c415f282743785873b0ac01f1e38f8668bdf832fa84e3b409,calibration,8,8,8,0,0,0,True,False
cell-1aa2c1c34aa6e272efaed3c4e6b382baaad2f787e5a72a795e06bf1bfd591fa1,ghz_n18,calibration,upmem,61fb5254f03558c44f72d70c7e3bd0b449e30cc4b75fdeec49262f5580b6c5fe,calibration,6,6,6,0,0,0,True,False
cell-1b9d88860dc1ae632b124cf206767d8997f7e2d1eeb66942d1f5123ea055c07a,bv_n18,calibration,upmem,b40d2a979f64a3b3ab05f38150d4b2839689d7d7260c4c652b0ef0a7dad60c6a,calibration,6,6,6,0,0,0,True,False
cell-1d24c68be5191bb1e50adda9fd660742815cea145f30ae303e14292c195f43bc,bb84_n18,calibration,upmem,41a81d7925a3c66646b16df3f8f555878fed40a48542a39146597d62c3e210f9,calibration,6,6,6,0,0,0,True,False
cell-1d597d23c15dd0551203e7f7820f9e792320b9fa8cbce3c03acd395043fe7804,bv_n18,calibration,upmem,0614d89b69a0cbbb1eeec6e51841ad485b9173655a84e785f5238aaf580fe6b6,calibration,6,6,6,0,0,0,True,False
cell-1dde1e724a2bdd2230f2f15ed21fefa8533c7ef7e4d450414f95801065033f3c,edc_n17,calibration,upmem,ecf95fdab372ba8ec6b1b3d7a72fa3b3f1c10533823a80917559477cc61f32d4,calibration,8,8,8,0,0,0,True,False
cell-1eae6d099a1a67c84c5c69eb168bb55b0113d37941e776a961744db147b34722,stress_n16_l2,calibration,upmem,f857597b48a921070e9eea4a11aa7a14f11f2a3c63985d5c1e578a22aa0ce52b,calibration,6,6,6,0,0,0,True,False
cell-1ecd50fb53ab8b81de7b4edafbca637a05b50837f567d494ea7ab719b544f281,bb84_n18,calibration,upmem,9325ee6b03e0b53c415f282743785873b0ac01f1e38f8668bdf832fa84e3b409,calibration,8,8,8,0,0,0,True,False
cell-1f71fc05f932f918f41d050686193138d3a155c428ac1aada388f506b5f28647,stress_n16_l2,calibration,upmem,29481df23b1b357717368d6284c913f33919ba722596e0c03fdf057ced715fa8,calibration,6,6,6,0,0,0,True,False
cell-209d6ee29d91f68e6e901b5ce6c153418585520ff9cd7e56837b77916c76cfcf,qrng_n18,calibration,upmem,29481df23b1b357717368d6284c913f33919ba722596e0c03fdf057ced715fa8,calibration,6,6,6,0,0,0,True,False
cell-20f030b1d877b1b931978161fc431edfd37f51bf58e78d734b722236a0fabd07,edc_n17,calibration,upmem,29481df23b1b357717368d6284c913f33919ba722596e0c03fdf057ced715fa8,calibration,6,6,6,0,0,0,True,False
cell-213d0e5f374fbd219806c2a749d4ddfc4dc9c9048b219e774996de590325196b,bb84_n18,calibration,upmem,be81183e6d130ece72190f9176126a70d37731ee25893f68d1c49a2e8e15b57a,calibration,6,6,6,0,0,0,True,False
cell-21e77bd5995e103c62ce1087c1ae3f60fda72b0e27e363a739c8a2a67dbc1274,hs_n18,calibration,upmem,31267b1192f6bcfe73c728283c5361e8c403cf0d03d4bc0d1a81e912c3542b70,calibration,6,6,6,0,0,0,True,False
cell-23e31d9ff523bb2574b3574466dde4969f4ec92777c4d6c32e1bfca4aefb8f4f,bb84_n18,calibration,upmem,b5e001c1aa3d6bc5dc7410a11fca084be9046c909abf35e1e24a5f88b7cdd404,calibration,6,6,6,0,0,0,True,False
cell-246adeb90cc7ce87c09f36c5a8a75744f5bc9f1887bc44f24b60ebfb2077774b,bv_n18,calibration,upmem,304a8dfac62b65c63a65cc648c99e36178312daebe5c835400ae9691934d9eb5,calibration,6,6,6,0,0,0,True,False
cell-25c8679e2877c487b94936b4e02ed2a920d6f4732513b5c9daea95e30c2fa469,hs_n18,calibration,upmem,bf6e5ef3b7f507ca3e7438d1f1e71d3a6e0136a1b4c1d6159d611d5c3d255313,calibration,6,6,6,0,0,0,True,False
cell-25da55ec0f89442321592b48e6ec495f92535f80cec5f608a26c5809728072d6,stress_n16_l2,calibration,upmem,77bb0e5533e4128656aac8f402022ace8ed38c374b3efac36f8111d0000cd588,calibration,6,6,6,0,0,0,True,False
cell-263050a833e74dd792b57c0a1fe80f9477ffc0e3e0cae9a04b01a62a30f4bfa5,stress_n18_l2,calibration,upmem,b5e001c1aa3d6bc5dc7410a11fca084be9046c909abf35e1e24a5f88b7cdd404,calibration,6,6,6,0,0,0,True,False
cell-27c18d2412712834791e7c0cc0829ed090f136a3a5edb97626f5fecf79847894,bv_n18,calibration,upmem,ecf95fdab372ba8ec6b1b3d7a72fa3b3f1c10533823a80917559477cc61f32d4,calibration,8,8,8,0,0,0,True,False
cell-27c43433d1fab118e59bb8d097a5deceb038b527be9258cfe7c268c398a5a247,bv_n18,calibration,upmem,e94f6abc36679c33ec1ed34f6197413e8397711c8c952dc520ebac2214f9ff3a,calibration,6,6,6,0,0,0,True,False
cell-28474e4369716b868c0ce368e3dacfa6cfc8782e4f77f7c44e307b2854683f39,qrng_n18,calibration,upmem,86f9df65db57e6eb4df0dcaf1dc9f1245f0cb441d05199cbf652ea45b9f2cd43,calibration,6,6,6,0,0,0,True,False
cell-28a076e81e2ce786fed441c12b120aec7afb9b54fe94475395c4a7c4e196f7ae,edc_n17,calibration,upmem,86f9df65db57e6eb4df0dcaf1dc9f1245f0cb441d05199cbf652ea45b9f2cd43,calibration,6,6,6,0,0,0,True,False
cell-28e421ddfab83ffdf7704a5a2276d50a4ea00c5880427e302941b0cc0d19a911,hs_n18,calibration,upmem,db693aa2ee993965334a0d8bcf3cf527acd8986bf65459f4cdeabab303dd52cd,calibration,6,6,6,0,0,0,True,False
cell-296cf180f42c5ea4c7d44e6f47193bb48076e1d2c6a7a015942b3ad2b5cc6791,edc_n17,calibration,upmem,9ad7d5be40d378786e819ea767295ef2ca7b0340441bb7ac21ad6d0d43d6ae2b,calibration,6,6,6,0,0,0,True,False
cell-2a1c4806dac4030490a3e1b1862f1cc00337e987991e6a4cea142681eeeeff16,qrng_n18,calibration,upmem,f0578c4cb34d075bc450005b78009a895e11fe787101d8d370a5f3531ced7052,calibration,6,6,6,0,0,0,True,False
cell-2a1ca6d365084adabe0fe9a5d2f9fa470c805956fbecf0a89be0825f6ff8a6f3,ghz_n18,calibration,upmem,fce085219b1c27d878bfc98d0548813c7213b26a19b57f8282eee434946e3e23,calibration,6,6,6,0,0,0,True,False
cell-2a4ed2570b383e0cc9be8f709cd0ae9a21d4dc6a256e8134e25b3f3fae555788,hs_n18,calibration,upmem,77bb0e5533e4128656aac8f402022ace8ed38c374b3efac36f8111d0000cd588,calibration,6,6,6,0,0,0,True,False
cell-2a572d38a01633f03c5e9ec79ccea4288bbe48715ad3e0d3cd6e5788e2a50c0c,qrng_n18,calibration,upmem,4de752cd20a626fb5d38c84cd24596f0ac892f43c0338e45c812e3495a28786d,calibration,6,6,6,0,0,0,True,False
cell-2b39e78fad3e00ccec804df40855b1b9b1fddbbddf8c7902040a30e1fe297fbc,xor_n18,calibration,upmem,20c8045b6a202d1fd25525e162bc7e46452b3b39764438e593af95652f3df5a7,calibration,6,6,6,0,0,0,True,False
cell-2b5fdbd97c92fc51ada24f773e4e62fa7f16bd5e12cde7cd82778a6aac9575ca,stress_n16_l2,calibration,upmem,be81183e6d130ece72190f9176126a70d37731ee25893f68d1c49a2e8e15b57a,calibration,6,6,6,0,0,0,True,False
cell-2ba4aca7c0a99130160da155db333eb22b92bdb107b36e45b6cfa4dcae105b63,bb84_n18,calibration,upmem,8d3e6a2dcb9e27817d946a007935c4c6ab5423325451eb368683fa777b1a339a,calibration,6,6,6,0,0,0,True,False
cell-2ba5433672891faa7e058961bb03b593c6d0a4a6d893dc5d98072c5de9137cca,bb84_n18,calibration,upmem,4de752cd20a626fb5d38c84cd24596f0ac892f43c0338e45c812e3495a28786d,calibration,6,6,6,0,0,0,True,False
cell-2becb6f4110c897b3b51c1323d60a99c13b9e58e2121af5a4e543326b1f9fbcc,stress_n18_l2,calibration,upmem,5a76deaf2578d66a1ed475a0625c79ecc46b434a603602a26254e6c5fdee642e,calibration,6,6,6,0,0,0,True,False
cell-2ce0c4817e19940a52e00706d16d8a3c848fda43d2b9b46d984414e64415ed6c,xor_n18,calibration,upmem,b40d2a979f64a3b3ab05f38150d4b2839689d7d7260c4c652b0ef0a7dad60c6a,calibration,6,6,6,0,0,0,True,False
cell-2d6bc5bff719149330254b0203d97cd038a083f171eca87cb0ed8bb9e7340594,xor_n18,calibration,upmem,8b892f357816dd1534b7d64a9b941d6f3ca582200ce7b19a338c16c57be83d61,calibration,6,6,6,0,0,0,True,False
cell-2df6e713d2ba6660701a5c6e4ea960c578779f8fb5e16cb6dff5847189bb0e69,stress_n18_l2,calibration,upmem,c8d83617187702ca6bdf030b2c3ee00db58f0d28a8d536059f9c54097e067190,calibration,6,6,6,0,0,0,True,False
cell-2eb35c4c6bfa7e6aeec2e5359af7eedd818c72e7a5ef1ae2074ebc76f265ae42,bb84_n18,calibration,upmem,8880c53b3a27d74ecc95016a53311eb9d495eecb2968a9189fc6e0d7019acba0,calibration,6,6,6,0,0,0,True,False
cell-2f3c0b57073c3ccb74fc354c7f0dc87455051647a7338190fadde5bda3200935,stress_n18_l2,calibration,upmem,3872eb5801c4ed1caf76d52c86eaeb5d01128bb9b7f41dc2a4a1b6e7b6582d5a,calibration,6,6,6,0,0,0,True,False
cell-2fb630bbbd221e20ac93712a0f55442cc3e0c9c8df609c2ccc7813743b4816e2,qrng_n18,calibration,upmem,27b62e57038c9a28dce9f5844c37556b2808dc892f3a5401afe82eba05fa54ed,calibration,6,6,6,0,0,0,True,False
cell-3092e28c57f8d8caad554dc0281d7a246a0382f2535cf996b08853b4f661fdb9,xor_n18,calibration,upmem,b25102eb1206025c37693d4568170e6fe4c3ea6ce479debe1c96bd1799124c16,calibration,6,6,6,0,0,0,True,False
cell-316b7bdab59d087f9928d04d7643472e7bca57e149a88124971d1ac3b589cdf9,ghz_n18,calibration,upmem,26d383578cf3bdc75d6e47da6e0024efb05ac8a55653eda872e3df3a1ac2cbba,calibration,6,6,6,0,0,0,True,False
cell-31a74faad05704fadbdadaed9ca7bfdd6dccfad4d551af1ffc09892eba0f638e,bv_n18,calibration,upmem,db693aa2ee993965334a0d8bcf3cf527acd8986bf65459f4cdeabab303dd52cd,calibration,6,6,6,0,0,0,True,False
cell-31b19b10b1d1886c26765c3cb05e62f1cb384dbd879b5655600d4d80bf1eb616,hs_n18,calibration,upmem,6e3d096bf26fc5d85f31f1670950563229bc62e50027c58f94c155d639b8b8c1,calibration,6,6,6,0,0,0,True,False
cell-31c9e561ae136a0d87bd98b5da345cd228dafdb78be08c6d607912636ac47fc9,xor_n18,calibration,upmem,ecf95fdab372ba8ec6b1b3d7a72fa3b3f1c10533823a80917559477cc61f32d4,calibration,8,8,8,0,0,0,True,False
cell-3217a2a01e726849a796fb65d5425e1fec97656ba145de1def23fd4f8ecd9565,stress_n18_l2,calibration,upmem,14aec505d4de73636d673ab51471bc242f33036ec2efc3e15a4d99764794c575,calibration,6,6,6,0,0,0,True,False
cell-330409584dc20b8e574ede26c239106f4ed22bccc5577e65350848986e41a3a9,hs_n18,calibration,upmem,3ba097dc4b13b98c1e69c047ab63ddec6e826a4dcac84fb4fa8b81e272e78f84,calibration,6,6,6,0,0,0,True,False
cell-33ddfa0fe7332075b32d41fe6a591bd1ff1908443aa7dff7f4d52ee053e43841,edc_n17,calibration,upmem,be81183e6d130ece72190f9176126a70d37731ee25893f68d1c49a2e8e15b57a,calibration,6,6,6,0,0,0,True,False
cell-33f4ec0abfd2939887b1846127655b1b8a991b317592fe3e95de4f4469e09bc6,edc_n17,calibration,upmem,14aec505d4de73636d673ab51471bc242f33036ec2efc3e15a4d99764794c575,calibration,6,6,6,0,0,0,True,False
cell-3412efa991ceaddd058ca0438e979b962cfc794c514c82b6b5e25a4f207d1384,qrng_n18,calibration,upmem,5a62bf542200bf710caf573838f36d0fd198d6636aa7b6c50f42d3572bc51473,calibration,6,6,6,0,0,0,True,False
cell-34284688b80c47b55062fa1942dd12f58487e4ef12a9db56c89dffa2ecc6ac32,xor_n18,calibration,upmem,62a47992f9fc9f3bd2e91d1bd0a864752984aec3313515cc8e4a9d9ad0bd081b,calibration,6,6,6,0,0,0,True,False
cell-34417be4a4642d6e961a88dcbed7c8d7bb2425bde4cd81e8ff93be63630fa692,stress_n18_l2,calibration,upmem,f20455ed11d6465c717cfc21d50ddadb3d6f28b1a1e37f8d7e7b131a3d508fd2,calibration,6,6,6,0,0,0,True,False
cell-359abf3ac2c8c831a45a8044bfd06558552ab0cfde08ec264f6b9811ed2f27f2,stress_n16_l2,calibration,upmem,fce085219b1c27d878bfc98d0548813c7213b26a19b57f8282eee434946e3e23,calibration,6,6,6,0,0,0,True,False
cell-363c438768ade2018361263dd6db3913279795dea46d6cc7bc32a14cccb48a8f,bb84_n18,calibration,upmem,7f1d4a33ef36c6275faf29ecea97c8f4794e54748f6e4607e72c16cf07990c4f,calibration,6,6,6,0,0,0,True,False
cell-36bdafe3cf20080652efe1c0112ba180558ae65c9dc10ed38d8d4f68763481b5,qrng_n18,calibration,upmem,17efa4701a2575a143430a077acd661f07698cd149f7bb987262cfeee98b8253,calibration,6,6,6,0,0,0,True,False
cell-36c8fd4afc7e4fcdcdf08895b63bbfd236e87b16ed5ae8d65d80bba739eb4356,qrng_n18,calibration,upmem,7f1d4a33ef36c6275faf29ecea97c8f4794e54748f6e4607e72c16cf07990c4f,calibration,6,6,6,0,0,0,True,False
cell-37afb89a81a4a33c7dfb15a56cd7251527eed1cf68194c2af96b958eb8f69310,bv_n18,calibration,upmem,31267b1192f6bcfe73c728283c5361e8c403cf0d03d4bc0d1a81e912c3542b70,calibration,6,6,6,0,0,0,True,False
cell-38accdca86baa5b4f95d04d80769333aa352eae0ddb7e9b6708b5582be9f8b4d,bv_n18,calibration,upmem,f0578c4cb34d075bc450005b78009a895e11fe787101d8d370a5f3531ced7052,calibration,6,6,6,0,0,0,True,False
cell-38f6656953da69416895100d9ebbff1f7378d13005379c1af8d655b068fc17bf,bb84_n18,calibration,upmem,e94f6abc36679c33ec1ed34f6197413e8397711c8c952dc520ebac2214f9ff3a,calibration,6,6,6,0,0,0,True,False
cell-390fa7d6b9be20a490ed091d8e1ab35913b9aea0388eca2415116f6b348bc6d9,bv_n18,calibration,upmem,8f264bbaceb3844a8c64d6553fc1e34155c39e3e1d2d50e7623a5167b050e5bf,calibration,6,6,6,0,0,0,True,False
cell-39aaa6746aeb78e5659df04d9f4447872b59467028d9f4536469066316407f1c,stress_n18_l2,calibration,upmem,8880c53b3a27d74ecc95016a53311eb9d495eecb2968a9189fc6e0d7019acba0,calibration,6,6,6,0,0,0,True,False
cell-3cb46ae80fdcdd4d84dee60087ccc85073f7c0e667a2264fb502e2abfc11d127,hs_n18,calibration,upmem,61fb5254f03558c44f72d70c7e3bd0b449e30cc4b75fdeec49262f5580b6c5fe,calibration,6,6,6,0,0,0,True,False
cell-3e3caf145c10f8352b728600b1501ceb0ce6d3cfe0f69bbdac2b0ce8d499f771,ghz_n18,calibration,upmem,9a6d965782f0731bef50d9ee08d96e87c4a18f101ffdd4cc95238780f6c8e2ca,calibration,6,6,6,0,0,0,True,False
cell-3e51cfb3e1f72db850747c1313cf9e53f51a7d319f70d6370eddf641cabf1c71,bb84_n18,calibration,upmem,13dfb0a64a7fe1ecb0cd2af6647a7c147ba7218cfc037024ab082b5f42ffbfbe,calibration,8,8,8,0,0,0,True,False
cell-3fa3987d0c49373e092dad40f0113a2674e791372b12a942925d9cd1594dbd9b,bv_n18,calibration,upmem,7f1d4a33ef36c6275faf29ecea97c8f4794e54748f6e4607e72c16cf07990c4f,calibration,6,6,6,0,0,0,True,False
cell-40197b961b22ab99e9a2cc528636e7412f68fb7ba620a55c5211547636731274,stress_n16_l2,calibration,upmem,86f9df65db57e6eb4df0dcaf1dc9f1245f0cb441d05199cbf652ea45b9f2cd43,calibration,6,6,6,0,0,0,True,False
cell-408fb591720c4f40a85f869de89a5eb15005fd55abf339fe3c91faa7c20ee017,ghz_n18,calibration,upmem,c8d83617187702ca6bdf030b2c3ee00db58f0d28a8d536059f9c54097e067190,calibration,6,6,6,0,0,0,True,False
cell-40d3d07e707ada7579034721b24f858fa3503cbc410d2cedc5a6506af7a15ee8,ghz_n18,calibration,upmem,5a76deaf2578d66a1ed475a0625c79ecc46b434a603602a26254e6c5fdee642e,calibration,6,6,6,0,0,0,True,False
cell-419cbac8b2c4692cf7447bc547334f5889f48b2d324ac69d021fd0cb0915c9d9,hs_n18,calibration,upmem,27b62e57038c9a28dce9f5844c37556b2808dc892f3a5401afe82eba05fa54ed,calibration,6,6,6,0,0,0,True,False
cell-41a80064f42c608781d7a9f5e22255e489b7915bf59c559422ad7437423c116c,bb84_n18,calibration,upmem,304a8dfac62b65c63a65cc648c99e36178312daebe5c835400ae9691934d9eb5,calibration,6,6,6,0,0,0,True,False
cell-41d0160c90f4b398c9f714b29aebac0ec7cae76ca1fb939ae993068d0e9d58b5,bv_n18,calibration,upmem,13dfb0a64a7fe1ecb0cd2af6647a7c147ba7218cfc037024ab082b5f42ffbfbe,calibration,8,8,8,0,0,0,True,False
cell-41eb596e5ad2a6b9234d3599b296aee791d48af63113a449c789746dd316243e,hs_n18,calibration,upmem,2b8e4a9cc20bd089c1aa3301ef04b0d6323d92429ecfb0225019eb4ebb909369,calibration,6,6,6,0,0,0,True,False
cell-41f13a45d5993229bac5ab553d0bfdbfcdb134ad08781875447ce1f73f3f6c79,stress_n16_l2,calibration,upmem,ed55ae94291f75623a56779f9a3ea0161394ca36f2fc4b2d975880ef9d9115ad,calibration,6,6,6,0,0,0,True,False
cell-4238d7189dbd0645690d481e70b5d8fc6247571d652e779a8ea569221f399c89,xor_n18,calibration,upmem,26d383578cf3bdc75d6e47da6e0024efb05ac8a55653eda872e3df3a1ac2cbba,calibration,6,6,6,0,0,0,True,False
cell-436dddfac75eac5516e7b2bdb7f7f694bff0d7ee1c090e52dc994ca391e492e4,bb84_n18,calibration,upmem,2fa411127cd5d818380604c2b191da4707d8a8f733bc834e8991b59f3dd5e897,calibration,6,6,6,0,0,0,True,False
cell-44422dd983dbaf4f161e3a61760d1ad905530ae29f9b3b33be065846d16efc16,stress_n16_l2,calibration,upmem,828f0ad95ec8d00d9d3dba73c6a3057d822b8f90f1014a9a96d1c83681eb953d,calibration,6,6,6,0,0,0,True,False
cell-4461b21dbc9f860e4b2c27e6f5fc01efbd8ed2a45202375e6bf4ce471faa671b,bb84_n18,calibration,upmem,b40d2a979f64a3b3ab05f38150d4b2839689d7d7260c4c652b0ef0a7dad60c6a,calibration,6,6,6,0,0,0,True,False
cell-4462c4fa72751a611cc360651ce63900d5cd03c062c58c0a3816d7ae3c658526,bb84_n18,calibration,upmem,b25102eb1206025c37693d4568170e6fe4c3ea6ce479debe1c96bd1799124c16,calibration,6,6,6,0,0,0,True,False
cell-4485a23047fc85f20187332f59f01c26f0048698090709eb18bb30807f87bdea,bv_n18,calibration,upmem,ed55ae94291f75623a56779f9a3ea0161394ca36f2fc4b2d975880ef9d9115ad,calibration,6,6,6,0,0,0,True,False
cell-44b591523cc1e116919f7d39c13c4891a39401832dce3d5e7b2cfffede891319,bb84_n18,calibration,upmem,db693aa2ee993965334a0d8bcf3cf527acd8986bf65459f4cdeabab303dd52cd,calibration,6,6,6,0,0,0,True,False
cell-453d66fde9fbbc9592c9a724cce5cdce07b27a4e56ca051587fa10a86c9c08df,edc_n17,calibration,upmem,500337d491059f285a742b22fc3410f6a578fd63dc4d0f52030103cab63ec015,calibration,6,6,6,0,0,0,True,False
cell-45486ca01ba926c3df62b8165dc7bbd6e5298580d3f710b9f675f989b4ba4ee0,qrng_n18,calibration,upmem,9ad7d5be40d378786e819ea767295ef2ca7b0340441bb7ac21ad6d0d43d6ae2b,calibration,6,6,6,0,0,0,True,False
cell-46206faa4fb7b34d3920fcce63a9d4d960a8a3f9182f527ad74f7e6259b9f0ec,bb84_n18,calibration,upmem,9a6d965782f0731bef50d9ee08d96e87c4a18f101ffdd4cc95238780f6c8e2ca,calibration,6,6,6,0,0,0,True,False
cell-466bea24fbf162983177cfae827aedcfe47a67773106576ddef1b871be6ebf28,qrng_n18,calibration,upmem,ecf95fdab372ba8ec6b1b3d7a72fa3b3f1c10533823a80917559477cc61f32d4,calibration,8,8,8,0,0,0,True,False
cell-46e0b391c446513649bd1504d61611e35789fe36a180a8c553acb5f936d17f86,qrng_n18,calibration,upmem,77bb0e5533e4128656aac8f402022ace8ed38c374b3efac36f8111d0000cd588,calibration,6,6,6,0,0,0,True,False
cell-47f864c98fd048d1e8956940db4ef5e388733ac1baca805b96f1eb9ea2524bd0,xor_n18,calibration,upmem,f7769c726e555c58cafed9149b45854c14fc7d718766c43b50047c8c5a71e6f3,calibration,6,6,6,0,0,0,True,False
cell-485dbea61732ce946e539d52183d18a85c9ddff07fffaf122247b3711d894860,bb84_n18,calibration,upmem,828f0ad95ec8d00d9d3dba73c6a3057d822b8f90f1014a9a96d1c83681eb953d,calibration,6,6,6,0,0,0,True,False
cell-48c0a82e19ec551dccb9ccd107297321d440615b4f269b9d344e86923d95e575,stress_n16_l2,calibration,upmem,ec610867a4d972311e7e8488e53d4dbebf8ba704570caee5761a91ae9bcd3e46,calibration,6,6,6,0,0,0,True,False
cell-48da389e9173532c2076b1f2046130fc25bdcd714c4b3cf0def21c705549a84e,xor_n18,calibration,upmem,8f264bbaceb3844a8c64d6553fc1e34155c39e3e1d2d50e7623a5167b050e5bf,calibration,6,6,6,0,0,0,True,False
cell-48f5442baf8d877be2711f49ce4dc012fdee95012ccc280de420613ddc1a3399,stress_n16_l2,calibration,upmem,8f264bbaceb3844a8c64d6553fc1e34155c39e3e1d2d50e7623a5167b050e5bf,calibration,6,6,6,0,0,0,True,False
cell-49f1100891847b4189062a715bc25fa7777ac0c6c1bb350e6410cbacbfc75f93,stress_n16_l2,calibration,upmem,db693aa2ee993965334a0d8bcf3cf527acd8986bf65459f4cdeabab303dd52cd,calibration,6,6,6,0,0,0,True,False
cell-4a674d2fddf2a980db2eed43be47ecbc4a0db3059b6caf4e101c55356822e4fc,bb84_n18,calibration,upmem,331b392a1c3d586bc3d3a4517fd58a67161c6af5a439dd8bcd117b95b5116c45,calibration,6,6,6,0,0,0,True,False
cell-4a740177b0fb0309abecf9c9df81ab3e311fb73ea6359b413b9b1804a648a451,xor_n18,calibration,upmem,4de752cd20a626fb5d38c84cd24596f0ac892f43c0338e45c812e3495a28786d,calibration,6,6,6,0,0,0,True,False
cell-4a7a78320dd20510acc73c92c2519e8aa1bf1e943ab62818b023a1d3da1d129c,bb84_n18,calibration,upmem,bf6e5ef3b7f507ca3e7438d1f1e71d3a6e0136a1b4c1d6159d611d5c3d255313,calibration,6,6,6,0,0,0,True,False
cell-4beec54b29b444e97cdc9a1377dd126a57897e347eb49a4cb491be3375ba2ddc,xor_n18,calibration,upmem,500337d491059f285a742b22fc3410f6a578fd63dc4d0f52030103cab63ec015,calibration,6,6,6,0,0,0,True,False
cell-4d763bd3c222c55a34c4860bbe956a1dfe229c38fa4ba2afbca8a5136abd7d30,bb84_n18,calibration,upmem,6e3d096bf26fc5d85f31f1670950563229bc62e50027c58f94c155d639b8b8c1,calibration,6,6,6,0,0,0,True,False
cell-4e7585791c34ae97c47e964f8a15e04a784f733197d330989084ac16b18f8948,stress_n16_l2,calibration,upmem,3872eb5801c4ed1caf76d52c86eaeb5d01128bb9b7f41dc2a4a1b6e7b6582d5a,calibration,6,6,6,0,0,0,True,False
cell-4ec858e90d26b934caa128dfba75b25639ca40b79d73f85c81477b7c24c1ce12,bb84_n18,calibration,upmem,ecf95fdab372ba8ec6b1b3d7a72fa3b3f1c10533823a80917559477cc61f32d4,calibration,8,8,8,0,0,0,True,False
cell-4efe1b23780fbc2cd65265391c0d2a01ebc8421854d216b31d83d810a0a01e80,xor_n18,calibration,upmem,e94f6abc36679c33ec1ed34f6197413e8397711c8c952dc520ebac2214f9ff3a,calibration,6,6,6,0,0,0,True,False
cell-4fbad9d4fce4140349346ca03dab524e9d638d6ae8d9498047beb046090115dc,xor_n18,calibration,upmem,17efa4701a2575a143430a077acd661f07698cd149f7bb987262cfeee98b8253,calibration,6,6,6,0,0,0,True,False
cell-4fc96ce3cc3bf7832a726d19fb341aa5a616bffdbf0c8c4720d2a98e30b82dda,qrng_n18,calibration,upmem,be81183e6d130ece72190f9176126a70d37731ee25893f68d1c49a2e8e15b57a,calibration,6,6,6,0,0,0,True,False
cell-4fd7bfa1c356ab3e86439ed994142ee1e8b1a52d2bf72c87dcd8276241b80d42,hs_n18,calibration,upmem,b5e001c1aa3d6bc5dc7410a11fca084be9046c909abf35e1e24a5f88b7cdd404,calibration,6,6,6,0,0,0,True,False
cell-506ba7dd634c1c8fd98e399b6c97e908932f9d43206b01bd7806a5c631d20f22,qrng_n18,calibration,upmem,62a47992f9fc9f3bd2e91d1bd0a864752984aec3313515cc8e4a9d9ad0bd081b,calibration,6,6,6,0,0,0,True,False
cell-51348aecf24e3d60a41c23fcf38ebf9168b1d70ec24c2c1c2c52e8d63009a1cd,edc_n17,calibration,upmem,46b9da7ab5f820bd2c2c60ccce1213119fc7130826ccef930cd7992522430b23,calibration,8,8,8,0,0,0,True,False
cell-517d732a7ef24dfdd0dace299d8be74b7f1a671cddc63f606b5aed12fa16b78c,bv_n18,calibration,upmem,9325ee6b03e0b53c415f282743785873b0ac01f1e38f8668bdf832fa84e3b409,calibration,8,8,8,0,0,0,True,False
cell-51adb34cdf080621c8a77eece8bf9b6e5c5acaec86c1864576d0eb674057e82f,ghz_n18,calibration,upmem,29481df23b1b357717368d6284c913f33919ba722596e0c03fdf057ced715fa8,calibration,6,6,6,0,0,0,True,False
cell-5303f9083c28ef3b7b905b0d7d2013e853180c3c7fd1bb87a198c65ae388217a,bb84_n18,calibration,upmem,5a62bf542200bf710caf573838f36d0fd198d6636aa7b6c50f42d3572bc51473,calibration,6,6,6,0,0,0,True,False
cell-5327094d7b5882a10c8e128ba98e0ffb567c76be485598d332f3dd9e902ef527,stress_n18_l2,calibration,upmem,b25102eb1206025c37693d4568170e6fe4c3ea6ce479debe1c96bd1799124c16,calibration,6,6,6,0,0,0,True,False
cell-537bbe0d115e3b7c5cba6e7789a2b127e7cebf714b4cc258d52875076510b80c,bb84_n18,calibration,upmem,0614d89b69a0cbbb1eeec6e51841ad485b9173655a84e785f5238aaf580fe6b6,calibration,6,6,6,0,0,0,True,False
cell-5527f48b6210b6c22c9d62fe38aaa34ab204bb6a04911664fa11d566db165b65,bb84_n18,calibration,upmem,8f264bbaceb3844a8c64d6553fc1e34155c39e3e1d2d50e7623a5167b050e5bf,calibration,6,6,6,0,0,0,True,False
cell-556abfde748f9e524dea400db51afa8719344c212ebbaca7ad4af97766c3bf23,qrng_n18,calibration,upmem,92febbd4632ceab2bec407fe745fbb2ebdbfc1ffa366f1d7e181646233878a2d,calibration,6,6,6,0,0,0,True,False
cell-558fbfafd0736d8eb7f9b44c1780d982f3b74a2dfbdfd7f026d074c2eaace5b7,edc_n17,calibration,upmem,e94f6abc36679c33ec1ed34f6197413e8397711c8c952dc520ebac2214f9ff3a,calibration,6,6,6,0,0,0,True,False
cell-560dbf9ec78f4c4476f11c0ff16f999ab6255803caa7becee697ab3feb17c346,bb84_n18,calibration,upmem,8b892f357816dd1534b7d64a9b941d6f3ca582200ce7b19a338c16c57be83d61,calibration,6,6,6,0,0,0,True,False
cell-56408f860207a25177995d3df59628d01b171ae4dbb547750cbbcf26f0375c25,qrng_n18,calibration,upmem,31267b1192f6bcfe73c728283c5361e8c403cf0d03d4bc0d1a81e912c3542b70,calibration,6,6,6,0,0,0,True,False
cell-5690d57216e38a5252527fdb3b9168ad0cf36741e84a4b7f468e5b7e17e8c3a1,qrng_n18,calibration,upmem,5a76deaf2578d66a1ed475a0625c79ecc46b434a603602a26254e6c5fdee642e,calibration,6,6,6,0,0,0,True,False
cell-573a03bb74f298380d84e5c8199260b1a4067bb396bac8603656a1df62cc5d6a,bb84_n18,calibration,upmem,62a47992f9fc9f3bd2e91d1bd0a864752984aec3313515cc8e4a9d9ad0bd081b,calibration,6,6,6,0,0,0,True,False
cell-574905e25a7ca0f14a8163a03985d7cf394c2ce9590b7d7b647ed971076bc0dc,qrng_n18,calibration,upmem,13dfb0a64a7fe1ecb0cd2af6647a7c147ba7218cfc037024ab082b5f42ffbfbe,calibration,8,8,8,0,0,0,True,False
cell-5751f0ce1e299a9971fafd7edf5b88bc8dcba69aa8e84d35586ccd593d992e0a,edc_n17,calibration,upmem,8d3e6a2dcb9e27817d946a007935c4c6ab5423325451eb368683fa777b1a339a,calibration,6,6,6,0,0,0,True,False
cell-57b91334c09cf298ac73ed7ece2d55923e9667f477da5bc8ec045b7d5e9ce989,xor_n18,calibration,upmem,9325ee6b03e0b53c415f282743785873b0ac01f1e38f8668bdf832fa84e3b409,calibration,8,8,8,0,0,0,True,False
cell-5935e4a952bbb58f3d7df836141f2fd8afbc862813a18f155d20b812bffcbceb,xor_n18,calibration,upmem,61fb5254f03558c44f72d70c7e3bd0b449e30cc4b75fdeec49262f5580b6c5fe,calibration,6,6,6,0,0,0,True,False
cell-596a20b230eac7c1836b18a11ab446a949da9a043c3d536d4c1f5929c82fa878,hs_n18,calibration,upmem,8f264bbaceb3844a8c64d6553fc1e34155c39e3e1d2d50e7623a5167b050e5bf,calibration,6,6,6,0,0,0,True,False
cell-599ad393dcec58699b19b19e25a7b1d216065da88e9e356126c39b00a5923a2c,ghz_n18,calibration,upmem,14aec505d4de73636d673ab51471bc242f33036ec2efc3e15a4d99764794c575,calibration,6,6,6,0,0,0,True,False
cell-59eb5e9936993775a5d0932f73104e6ef6671f3418a37a2e307d345eccdea3ac,bb84_n18,calibration,upmem,c8d83617187702ca6bdf030b2c3ee00db58f0d28a8d536059f9c54097e067190,calibration,6,6,6,0,0,0,True,False
cell-5a0d55996c90e4b5adc824c1861e7bbfe0133ee4ec1944e6c65a3c023b99d88b,bb84_n18,calibration,upmem,e4e0e687ccdb15f5a8d7f61f78364c246f0606bf598100d2f64a830b0b263b53,calibration,8,8,8,0,0,0,True,False
cell-5a6c17786ad42cd2c61f851aa001e38956b083c936f8c4cac31856fde5f3c5cb,xor_n18,calibration,upmem,9ad7d5be40d378786e819ea767295ef2ca7b0340441bb7ac21ad6d0d43d6ae2b,calibration,6,6,6,0,0,0,True,False
cell-5c3f99915a64b08a48f7b8439fb774119def11ff1daed501bacac26bd8462280,hs_n18,calibration,upmem,e94f6abc36679c33ec1ed34f6197413e8397711c8c952dc520ebac2214f9ff3a,calibration,6,6,6,0,0,0,True,False
cell-5c6294b3e2152b147abc7829473311c3400a2df9bfddadeab34786098853f2d4,stress_n16_l2,calibration,upmem,20c8045b6a202d1fd25525e162bc7e46452b3b39764438e593af95652f3df5a7,calibration,6,6,6,0,0,0,True,False
cell-5d78dce6dc84dc97491aadb67fbec76c54db114bde1d375e073564e93a3b3a89,bv_n18,calibration,upmem,8d3e6a2dcb9e27817d946a007935c4c6ab5423325451eb368683fa777b1a339a,calibration,6,6,6,0,0,0,True,False
cell-5e22d583e02f4033c7e53e01d2dd7517d4dd22432ee588f330c25826028b83b8,edc_n17,calibration,upmem,304a8dfac62b65c63a65cc648c99e36178312daebe5c835400ae9691934d9eb5,calibration,6,6,6,0,0,0,True,False
cell-5e36407afd180f2af94b961520c5841e27d12782a9dc95640663496e1338f85d,stress_n16_l2,calibration,upmem,92febbd4632ceab2bec407fe745fbb2ebdbfc1ffa366f1d7e181646233878a2d,calibration,6,6,6,0,0,0,True,False
cell-603b3c1aaeb264daad24ed742fa23780899f11097bf5bc1f2cadcb6f8d485419,stress_n18_l2,calibration,upmem,f857597b48a921070e9eea4a11aa7a14f11f2a3c63985d5c1e578a22aa0ce52b,calibration,6,6,6,0,0,0,True,False
cell-612780dbe66573e44b023844c3c4d81faf85f5a53cbc5b9869ff63fec98d88ee,bv_n18,calibration,upmem,3872eb5801c4ed1caf76d52c86eaeb5d01128bb9b7f41dc2a4a1b6e7b6582d5a,calibration,6,6,6,0,0,0,True,False
cell-6180cfff5f5e2cc3beb925910c09fdf94270103347d6323cfee59eaf511392a6,qrng_n18,calibration,upmem,dbca946b82bc3f1285d8db3fafce59aec3b04e03185305d4cf823b0dcf401702,calibration,6,6,6,0,0,0,True,False
cell-61e27e4784b0028b4d7911231caf06972873c473197261743479061c10eef60d,edc_n17,calibration,upmem,bf6e5ef3b7f507ca3e7438d1f1e71d3a6e0136a1b4c1d6159d611d5c3d255313,calibration,6,6,6,0,0,0,True,False
cell-627c2470c16b7c87b091e36c1c827ec3999dedeb89daf885b9b0bd44ddc2de3c,hs_n18,calibration,upmem,20c8045b6a202d1fd25525e162bc7e46452b3b39764438e593af95652f3df5a7,calibration,6,6,6,0,0,0,True,False
cell-62a9c7655ee325085d2d1e02a9b20a8693553526b571c7247fa97af5c2c2690a,hs_n18,calibration,upmem,62a47992f9fc9f3bd2e91d1bd0a864752984aec3313515cc8e4a9d9ad0bd081b,calibration,6,6,6,0,0,0,True,False
cell-65154e2e1016b92d2da27aabf61a6fdeca87300340749bacd2e643251fe3577a,ghz_n18,calibration,upmem,f0578c4cb34d075bc450005b78009a895e11fe787101d8d370a5f3531ced7052,calibration,6,6,6,0,0,0,True,False
cell-6588f5e5635bb8d69c6eaec83a8876038cb82b468f0616de84e5e835a2e251a8,edc_n17,calibration,upmem,41a81d7925a3c66646b16df3f8f555878fed40a48542a39146597d62c3e210f9,calibration,6,6,6,0,0,0,True,False
cell-6613a8a1d3d0699b41f4bf88712908b24abdf9c0735646af512cad2c54669d13,edc_n17,calibration,upmem,7f1d4a33ef36c6275faf29ecea97c8f4794e54748f6e4607e72c16cf07990c4f,calibration,6,6,6,0,0,0,True,False
cell-677c469af47cb615cf1d571954340be9a23375169f0b1cd46bf1e31ea198654d,xor_n18,calibration,upmem,304a8dfac62b65c63a65cc648c99e36178312daebe5c835400ae9691934d9eb5,calibration,6,6,6,0,0,0,True,False
cell-67bc542f4af1bf62bbb366a159bc7adea10f351cb3daa85ed326e560d9d6cd6a,bv_n18,calibration,upmem,500337d491059f285a742b22fc3410f6a578fd63dc4d0f52030103cab63ec015,calibration,6,6,6,0,0,0,True,False
cell-69f15fddff0a0eee653a5c19a6ae14e09b4b921278cf99449f873efd1f4d7373,stress_n16_l2,calibration,upmem,f20455ed11d6465c717cfc21d50ddadb3d6f28b1a1e37f8d7e7b131a3d508fd2,calibration,6,6,6,0,0,0,True,False
cell-6a16e35935c1e8b01a231deab5bea34485526224f5815230a5ccc6d42e1d46d0,xor_n18,calibration,upmem,2b8e4a9cc20bd089c1aa3301ef04b0d6323d92429ecfb0225019eb4ebb909369,calibration,6,6,6,0,0,0,True,False
cell-6a9c328154bc9e3c984c1946792d02b6e007a6be06059c86510817482a22c06f,xor_n18,calibration,upmem,e4e0e687ccdb15f5a8d7f61f78364c246f0606bf598100d2f64a830b0b263b53,calibration,8,8,8,0,0,0,True,False
cell-6b065fbf5b2b3b1b5665d3894aac247f70cc302ffc1abbdf287f12522cd19bb9,edc_n17,calibration,upmem,92febbd4632ceab2bec407fe745fbb2ebdbfc1ffa366f1d7e181646233878a2d,calibration,6,6,6,0,0,0,True,False
cell-6b0ad9a82bdf6c8a6b12164fbea6b8b1047f3e799ed25f352243da021f9a45bb,ghz_n18,calibration,upmem,b40d2a979f64a3b3ab05f38150d4b2839689d7d7260c4c652b0ef0a7dad60c6a,calibration,6,6,6,0,0,0,True,False
cell-6b1a31d7984b1fae32e9d377ec2ad1a58c9ec2e32c82cdb9abb508ca4c6efa37,hs_n18,calibration,upmem,17efa4701a2575a143430a077acd661f07698cd149f7bb987262cfeee98b8253,calibration,6,6,6,0,0,0,True,False
cell-6b9fcf2aedfc87ad0678c7c70af12b49904118b385829b1eda2da8577fd4983f,ghz_n18,calibration,upmem,17efa4701a2575a143430a077acd661f07698cd149f7bb987262cfeee98b8253,calibration,6,6,6,0,0,0,True,False
cell-6c36126037028e7dd09737cda5cb44974b937144c0e34e08d59b27e053a42e70,bv_n18,calibration,upmem,f20455ed11d6465c717cfc21d50ddadb3d6f28b1a1e37f8d7e7b131a3d508fd2,calibration,6,6,6,0,0,0,True,False
cell-6c6e51e89af5c2994c66db9a3a97462447fdd322e8a3ecebab9cd28415e42b4b,qrng_n18,calibration,upmem,ed55ae94291f75623a56779f9a3ea0161394ca36f2fc4b2d975880ef9d9115ad,calibration,6,6,6,0,0,0,True,False
cell-6cf996268c566df660fb0566c033d0564e0008fea07bf9d77f7ea130de99649c,xor_n18,calibration,upmem,0614d89b69a0cbbb1eeec6e51841ad485b9173655a84e785f5238aaf580fe6b6,calibration,6,6,6,0,0,0,True,False
cell-6d76caa9ea4f3bd37416736ea2a9028fbff55092e23fe5504cb612fcbbf39d02,xor_n18,calibration,upmem,be81183e6d130ece72190f9176126a70d37731ee25893f68d1c49a2e8e15b57a,calibration,6,6,6,0,0,0,True,False
cell-7060fe51fb130b16fa0f359cc73cdacec7ac5f36ab289c64ffb2c69159a9bd8d,stress_n16_l2,calibration,upmem,9325ee6b03e0b53c415f282743785873b0ac01f1e38f8668bdf832fa84e3b409,calibration,8,8,8,0,0,0,True,False
cell-711bb0cef56734486d89270123d5047cfef1bd9b13defc5fe4d099c6f464d895,stress_n16_l2,calibration,upmem,31267b1192f6bcfe73c728283c5361e8c403cf0d03d4bc0d1a81e912c3542b70,calibration,6,6,6,0,0,0,True,False
cell-71781e0b6c066445fc2a7afacf81277be52d02a4cf02f3757a6b10f1aa972235,qrng_n18,calibration,upmem,41a81d7925a3c66646b16df3f8f555878fed40a48542a39146597d62c3e210f9,calibration,6,6,6,0,0,0,True,False
cell-72921fb54f8859a27d6ab1c50bb318525b1c5cced9b206ef512b014aa5bc2f51,bv_n18,calibration,upmem,92febbd4632ceab2bec407fe745fbb2ebdbfc1ffa366f1d7e181646233878a2d,calibration,6,6,6,0,0,0,True,False
cell-73f31fce30700c1888dafc217ecc873d59a066bc4b8edd2d0e3b1a2a728aca69,bv_n18,calibration,upmem,5a76deaf2578d66a1ed475a0625c79ecc46b434a603602a26254e6c5fdee642e,calibration,6,6,6,0,0,0,True,False
cell-744763ee1435a7c5c11fda66358c3e551ab924ade778a193ac7c66affc13bbf0,bb84_n18,calibration,upmem,f20455ed11d6465c717cfc21d50ddadb3d6f28b1a1e37f8d7e7b131a3d508fd2,calibration,6,6,6,0,0,0,True,False
cell-757100a9fc002cdaef830dd9ec210d6618b75274167aa91cab00e8f3b925566d,ghz_n18,calibration,upmem,b25102eb1206025c37693d4568170e6fe4c3ea6ce479debe1c96bd1799124c16,calibration,6,6,6,0,0,0,True,False
cell-75ba4b37eb09856b39b7069e85536803575e26cab6f940a02ee9fb423659e8ac,edc_n17,calibration,upmem,f857597b48a921070e9eea4a11aa7a14f11f2a3c63985d5c1e578a22aa0ce52b,calibration,6,6,6,0,0,0,True,False
cell-75fdee8355aa8a8de282b8e4d06bf8c742e7ec158f18ddd5fa2f48d31b084676,edc_n17,calibration,upmem,b25102eb1206025c37693d4568170e6fe4c3ea6ce479debe1c96bd1799124c16,calibration,6,6,6,0,0,0,True,False
cell-766d68b696d6272f358c8592843b663b2878a861fb20a7c35d6b05e4caa911d9,qrng_n18,calibration,upmem,828f0ad95ec8d00d9d3dba73c6a3057d822b8f90f1014a9a96d1c83681eb953d,calibration,6,6,6,0,0,0,True,False
cell-76781096237628321ecf6a1eb06c75ea9421d8a1a28bf02ffa1433f95d96a76e,edc_n17,calibration,upmem,2fa411127cd5d818380604c2b191da4707d8a8f733bc834e8991b59f3dd5e897,calibration,6,6,6,0,0,0,True,False
cell-77a815727ddfb257582e794a5683f8e454452515337352271e05799f45bb0cdc,xor_n18,calibration,upmem,77bb0e5533e4128656aac8f402022ace8ed38c374b3efac36f8111d0000cd588,calibration,6,6,6,0,0,0,True,False
cell-79fab29436b8d54d51fd0c499f67159fa06637101fb6e9b3f76847b42f9cdcbb,stress_n16_l2,calibration,upmem,61fb5254f03558c44f72d70c7e3bd0b449e30cc4b75fdeec49262f5580b6c5fe,calibration,6,6,6,0,0,0,True,False
cell-7a0c178b9e5bac3810c1aa5540ef6f3e47eb5351ef6a2525ec5a7e26e7722c64,stress_n16_l2,calibration,upmem,2fa411127cd5d818380604c2b191da4707d8a8f733bc834e8991b59f3dd5e897,calibration,6,6,6,0,0,0,True,False
cell-7a2c8c24c84991bfa459b9c2d691105eea8e9f911bd0da07f359e2abc566f267,stress_n18_l2,calibration,upmem,5a62bf542200bf710caf573838f36d0fd198d6636aa7b6c50f42d3572bc51473,calibration,6,6,6,0,0,0,True,False
cell-7a3fdf41530e9175fb1a2f2bec3510675b27863b9ec01cbe8dcd90056bcb0228,xor_n18,calibration,upmem,29481df23b1b357717368d6284c913f33919ba722596e0c03fdf057ced715fa8,calibration,6,6,6,0,0,0,True,False
cell-7ac5a8840b81fc3a095623966795a618ca4d67ec6cd537fc206c80dd12069002,hs_n18,calibration,upmem,331b392a1c3d586bc3d3a4517fd58a67161c6af5a439dd8bcd117b95b5116c45,calibration,6,6,6,0,0,0,True,False
cell-7b56a0c037bcdb07d7dfa346f9b5d4e9335993de804bafd1677d99bf810518f9,bb84_n18,calibration,upmem,f7769c726e555c58cafed9149b45854c14fc7d718766c43b50047c8c5a71e6f3,calibration,6,6,6,0,0,0,True,False
cell-7d19a67e44cc3fbd3f47addf503519d9673badc1f8822142f5d8896adb02628e,hs_n18,calibration,upmem,ec610867a4d972311e7e8488e53d4dbebf8ba704570caee5761a91ae9bcd3e46,calibration,6,6,6,0,0,0,True,False
cell-7d5b840e2538cf652f904274897b4a0ce866cfe39c49f63ae1f4ec0954a6c7ff,xor_n18,calibration,upmem,92febbd4632ceab2bec407fe745fbb2ebdbfc1ffa366f1d7e181646233878a2d,calibration,6,6,6,0,0,0,True,False
cell-7dadd69e1a1ba35ed997f2210b2ac5ee478fd80d8fc42651a9fc0a25adcfde3f,stress_n18_l2,calibration,upmem,ed55ae94291f75623a56779f9a3ea0161394ca36f2fc4b2d975880ef9d9115ad,calibration,6,6,6,0,0,0,True,False
cell-7fae30c68c086c3ab3bb57a81794559ef57cd561793ff47911df87ac6b7142a6,xor_n18,calibration,upmem,ed55ae94291f75623a56779f9a3ea0161394ca36f2fc4b2d975880ef9d9115ad,calibration,6,6,6,0,0,0,True,False
cell-7fb47bedd2337966dde77650cd8deea2123ab323a2b7af42874c8cd8fa38ddf2,bb84_n18,calibration,upmem,27b62e57038c9a28dce9f5844c37556b2808dc892f3a5401afe82eba05fa54ed,calibration,6,6,6,0,0,0,True,False
cell-80503432509a46026c261479ceccb14d6e7b19607484fcc1cd4ef0a1c49f2f1b,qrng_n18,calibration,upmem,3872eb5801c4ed1caf76d52c86eaeb5d01128bb9b7f41dc2a4a1b6e7b6582d5a,calibration,6,6,6,0,0,0,True,False
cell-80955750d006c9840ed951e586f670c7b592cd9a479be7d35e205a6f0d093a76,qrng_n18,calibration,upmem,46b9da7ab5f820bd2c2c60ccce1213119fc7130826ccef930cd7992522430b23,calibration,8,8,8,0,0,0,True,False
cell-80f18c66ae54e5b98dd1439d7aae6d5f0b65b9100f911f69d318749253855069,bb84_n18,calibration,upmem,2b8e4a9cc20bd089c1aa3301ef04b0d6323d92429ecfb0225019eb4ebb909369,calibration,6,6,6,0,0,0,True,False
cell-80ff103fe974788386d5ac93701495ae466d82afac13069f32f0942da82e683e,edc_n17,calibration,upmem,9325ee6b03e0b53c415f282743785873b0ac01f1e38f8668bdf832fa84e3b409,calibration,8,8,8,0,0,0,True,False
cell-810266a2b99f8f7a9536e84d7b7b8ec53aeb914e06177bfd28718f78f6492224,bv_n18,calibration,upmem,17efa4701a2575a143430a077acd661f07698cd149f7bb987262cfeee98b8253,calibration,6,6,6,0,0,0,True,False
cell-81d944ad32fa493c692697452a4622141ce4bc0ada0ded9f04f1fa0479f5909a,bb84_n18,calibration,upmem,86f9df65db57e6eb4df0dcaf1dc9f1245f0cb441d05199cbf652ea45b9f2cd43,calibration,6,6,6,0,0,0,True,False
cell-81e3e536bbbb3ab49a1f200dba64f59701a59f9246128a9fba4fe63dc4c0a65a,hs_n18,calibration,upmem,ed55ae94291f75623a56779f9a3ea0161394ca36f2fc4b2d975880ef9d9115ad,calibration,6,6,6,0,0,0,True,False
cell-8319ff84a715b539a4b6080d00139da4330df8e26aae09514f3537559584eac8,bv_n18,calibration,upmem,fce085219b1c27d878bfc98d0548813c7213b26a19b57f8282eee434946e3e23,calibration,6,6,6,0,0,0,True,False
cell-83751819c45cc5c2ae79b50bff8ca19afde9eb65eb85f14f3fadd22e2f55ab96,xor_n18,calibration,upmem,9a6d965782f0731bef50d9ee08d96e87c4a18f101ffdd4cc95238780f6c8e2ca,calibration,6,6,6,0,0,0,True,False
cell-855e1d343118f007936603c517816d3dbf9c47c8f9486ed9e3cf082c522334c1,ghz_n18,calibration,upmem,ed55ae94291f75623a56779f9a3ea0161394ca36f2fc4b2d975880ef9d9115ad,calibration,6,6,6,0,0,0,True,False
cell-8604a39ea79fba46dcf1edf711888073df4ed40b3f381b6b29f134af1d2871dd,bb84_n18,calibration,upmem,ed55ae94291f75623a56779f9a3ea0161394ca36f2fc4b2d975880ef9d9115ad,calibration,6,6,6,0,0,0,True,False
cell-880b187d4c2816f4c9cb8833330c79bb95c52476136050fc1698a5fbd2de0045,qrng_n18,calibration,upmem,b25102eb1206025c37693d4568170e6fe4c3ea6ce479debe1c96bd1799124c16,calibration,6,6,6,0,0,0,True,False
cell-881e081ecb15439bbd4ae7c68e303dcfb850cf65661173bba0d90982e101c13e,bv_n18,calibration,upmem,9ad7d5be40d378786e819ea767295ef2ca7b0340441bb7ac21ad6d0d43d6ae2b,calibration,6,6,6,0,0,0,True,False
cell-883a761865c6b564adb419ac2692bdcc773aa306f2390852b8b8a6a881a11d46,bv_n18,calibration,upmem,62a47992f9fc9f3bd2e91d1bd0a864752984aec3313515cc8e4a9d9ad0bd081b,calibration,6,6,6,0,0,0,True,False
cell-88c06001712fe78ad29562e860728643bb7f7e1a5a327a3b80cfef31dcd0bcee,stress_n16_l2,calibration,upmem,b40d2a979f64a3b3ab05f38150d4b2839689d7d7260c4c652b0ef0a7dad60c6a,calibration,6,6,6,0,0,0,True,False
cell-8975124c43b98090857d3b63197d6f17ed305a464bfb46f18987462adf30f412,hs_n18,calibration,upmem,92febbd4632ceab2bec407fe745fbb2ebdbfc1ffa366f1d7e181646233878a2d,calibration,6,6,6,0,0,0,True,False
cell-898ecae82e780ee328f66c6e316488b49414b11a323a46d1bc1f92f2713d2889,stress_n18_l2,calibration,upmem,fce085219b1c27d878bfc98d0548813c7213b26a19b57f8282eee434946e3e23,calibration,6,6,6,0,0,0,True,False
cell-899956312ae474d607797c2146993476afd0a10be0f746b3e3c091e0459acffc,ghz_n18,calibration,upmem,8d3e6a2dcb9e27817d946a007935c4c6ab5423325451eb368683fa777b1a339a,calibration,6,6,6,0,0,0,True,False
cell-8a8c7cbfc9565073e3a87978145af5be0bde9e16dc6ebbd5ed2540a8481f8526,edc_n17,calibration,upmem,9a6d965782f0731bef50d9ee08d96e87c4a18f101ffdd4cc95238780f6c8e2ca,calibration,6,6,6,0,0,0,True,False
cell-8aa0a20a60faf0e26aa98d4c05c3381313d90255316f15ef0205ef33d21d9742,qrng_n18,calibration,upmem,bf6e5ef3b7f507ca3e7438d1f1e71d3a6e0136a1b4c1d6159d611d5c3d255313,calibration,6,6,6,0,0,0,True,False
cell-8ad890c8af325f72f4ab9776beb75832068d485d2caa3f5d766b9d7ddde2800a,bb84_n18,calibration,upmem,9ad7d5be40d378786e819ea767295ef2ca7b0340441bb7ac21ad6d0d43d6ae2b,calibration,6,6,6,0,0,0,True,False
cell-8b0bf0df67ee9209e3fbbe069fce7ca2c00aa2f8f44a0e1ead1cc4b73d48173f,edc_n17,calibration,upmem,3872eb5801c4ed1caf76d52c86eaeb5d01128bb9b7f41dc2a4a1b6e7b6582d5a,calibration,6,6,6,0,0,0,True,False
cell-8be19992e3de3fbc0efa67a6f76d98b2954063a7aad6ea9f39188d69701ae95f,stress_n18_l2,calibration,upmem,26d383578cf3bdc75d6e47da6e0024efb05ac8a55653eda872e3df3a1ac2cbba,calibration,6,6,6,0,0,0,True,False
cell-8c628bba928480ee385840b822170d0d80d6bcd81858c5b6c0337394b4bbc3ac,stress_n16_l2,calibration,upmem,26d383578cf3bdc75d6e47da6e0024efb05ac8a55653eda872e3df3a1ac2cbba,calibration,6,6,6,0,0,0,True,False
cell-8c65b49e992f9c4a1ee34d28760697233bbd0c00ce6caa55a02ddb8935d9da39,hs_n18,calibration,upmem,13dfb0a64a7fe1ecb0cd2af6647a7c147ba7218cfc037024ab082b5f42ffbfbe,calibration,8,8,8,0,0,0,True,False
cell-8c6f4827ebdb3e9a25345a60717296cb7807780e4644907a631a02e7ee042c06,bv_n18,calibration,upmem,dbca946b82bc3f1285d8db3fafce59aec3b04e03185305d4cf823b0dcf401702,calibration,6,6,6,0,0,0,True,False
cell-8d0a92d660082ccac5e04d8c3c52c000e73624ea4376a1087f2398962de3e361,xor_n18,calibration,upmem,86f9df65db57e6eb4df0dcaf1dc9f1245f0cb441d05199cbf652ea45b9f2cd43,calibration,6,6,6,0,0,0,True,False
cell-8d3bee3284cc511c816f0e425542abc1f1e17f92b5d30477ebbfddf20d07c3c8,stress_n16_l2,calibration,upmem,331b392a1c3d586bc3d3a4517fd58a67161c6af5a439dd8bcd117b95b5116c45,calibration,6,6,6,0,0,0,True,False
cell-8d7aa71e4fed7fd459ca37eb1203a433d71adf3a773a97bc18f20ecd60a0acc4,bv_n18,calibration,upmem,41a81d7925a3c66646b16df3f8f555878fed40a48542a39146597d62c3e210f9,calibration,6,6,6,0,0,0,True,False
cell-8dfc80e61cd486b0d6790c731b1c2b18c509ffc8cbccecd35635657428fbd7ba,stress_n16_l2,calibration,upmem,13dfb0a64a7fe1ecb0cd2af6647a7c147ba7218cfc037024ab082b5f42ffbfbe,calibration,8,8,8,0,0,0,True,False
cell-8ed82b69f49d5c3072b285a43821076c5bc48c6c762e8c44c74ddf8eb2a0bd94,stress_n18_l2,calibration,upmem,77bb0e5533e4128656aac8f402022ace8ed38c374b3efac36f8111d0000cd588,calibration,6,6,6,0,0,0,True,False
cell-8f125914e5e90bda2ddcbc79e9d7ebd200c5226e5b19694368c08208b9c2c058,bv_n18,calibration,upmem,20c8045b6a202d1fd25525e162bc7e46452b3b39764438e593af95652f3df5a7,calibration,6,6,6,0,0,0,True,False
cell-8fc3ac603a1b1c47a22fcd983d1cf216c2dd22271a26c27f778e882fd3870024,hs_n18,calibration,upmem,46b9da7ab5f820bd2c2c60ccce1213119fc7130826ccef930cd7992522430b23,calibration,8,8,8,0,0,0,True,False
cell-904ebdc712d340bcb710b7bfe9226aa0eca39ea6396e1120cafcc7ae7ef26e94,edc_n17,calibration,upmem,e4e0e687ccdb15f5a8d7f61f78364c246f0606bf598100d2f64a830b0b263b53,calibration,8,8,8,0,0,0,True,False
cell-92f7bcbd0e0c2d03cf57dd62e29c2179e781fc148071c5685dff7ae0203965b0,bb84_n18,calibration,upmem,77bb0e5533e4128656aac8f402022ace8ed38c374b3efac36f8111d0000cd588,calibration,6,6,6,0,0,0,True,False
cell-9352091e95134448ae9c45f33b248cfbb5d12770dcad6516847a68e419c5aa57,bb84_n18,calibration,upmem,61fb5254f03558c44f72d70c7e3bd0b449e30cc4b75fdeec49262f5580b6c5fe,calibration,6,6,6,0,0,0,True,False
cell-939455214ab166b77118dae6726fbdafba5434f2ea43790662b0921dd736732f,xor_n18,calibration,upmem,dbca946b82bc3f1285d8db3fafce59aec3b04e03185305d4cf823b0dcf401702,calibration,6,6,6,0,0,0,True,False
cell-93f0ac2d0c7d595135224a9fb698d1efd2bbee3ecf1f798835163dbe5f1cb723,stress_n16_l2,calibration,upmem,e94f6abc36679c33ec1ed34f6197413e8397711c8c952dc520ebac2214f9ff3a,calibration,6,6,6,0,0,0,True,False
cell-9524edade319ec36c6179b0928d56c8128959f6f68706dc9d1b4455c3e2e1c59,bv_n18,calibration,upmem,61fb5254f03558c44f72d70c7e3bd0b449e30cc4b75fdeec49262f5580b6c5fe,calibration,6,6,6,0,0,0,True,False
cell-952ef1d31d16e88be7ac3b01d0dc6d8e1279e6803b4ebf96be064a193b3fcb0a,edc_n17,calibration,upmem,4de752cd20a626fb5d38c84cd24596f0ac892f43c0338e45c812e3495a28786d,calibration,6,6,6,0,0,0,True,False
cell-9691e41fec5119b99405ec88069e28c597b1f9946a736f550a2aa7cb7ad0bb2c,bb84_n18,calibration,upmem,17efa4701a2575a143430a077acd661f07698cd149f7bb987262cfeee98b8253,calibration,6,6,6,0,0,0,True,False
cell-96e2d43a66b2751d33b0f580a36265e8a4c245ef116686461d5f90078bd8c4d6,bb84_n18,calibration,upmem,29481df23b1b357717368d6284c913f33919ba722596e0c03fdf057ced715fa8,calibration,6,6,6,0,0,0,True,False
cell-974377b6e0b575bfb01c88ef185c05125e105579ca31cf6ddcfbfbd83274110b,ghz_n18,calibration,upmem,f857597b48a921070e9eea4a11aa7a14f11f2a3c63985d5c1e578a22aa0ce52b,calibration,6,6,6,0,0,0,True,False
cell-97b43b3b9ec9668947567a030005b73fdd877d3fc958f08bd326f77a7d2e252d,qrng_n18,calibration,upmem,14aec505d4de73636d673ab51471bc242f33036ec2efc3e15a4d99764794c575,calibration,6,6,6,0,0,0,True,False
cell-97f823a226b26f0937e1d59e61c36adf63d5ad80d99a317c7636d47b8d959e09,stress_n18_l2,calibration,upmem,27b62e57038c9a28dce9f5844c37556b2808dc892f3a5401afe82eba05fa54ed,calibration,6,6,6,0,0,0,True,False
cell-984e1a7ae27c8ee52a268c925030329104ffe713dddbb00e7e81aad6a3f8e4e8,xor_n18,calibration,upmem,14aec505d4de73636d673ab51471bc242f33036ec2efc3e15a4d99764794c575,calibration,6,6,6,0,0,0,True,False
cell-988fb81ea048da9b93c3018384c9721613957a393797ba15a01f77df3d8a2842,qrng_n18,calibration,upmem,b5e001c1aa3d6bc5dc7410a11fca084be9046c909abf35e1e24a5f88b7cdd404,calibration,6,6,6,0,0,0,True,False
cell-98d47586f377ec0841e201b236a3e4fded8f6fcf0b3d4aaf56070b138623e4c2,edc_n17,calibration,upmem,828f0ad95ec8d00d9d3dba73c6a3057d822b8f90f1014a9a96d1c83681eb953d,calibration,6,6,6,0,0,0,True,False
cell-99105ac859c8519f3109d1bebd8d542fa8e46156b1bb809dd933f76afd533233,hs_n18,calibration,upmem,b40d2a979f64a3b3ab05f38150d4b2839689d7d7260c4c652b0ef0a7dad60c6a,calibration,6,6,6,0,0,0,True,False
cell-991290869be17d9b805a850eeb61a3cac3f081678b078b843f8e5dfcd5eef8f9,edc_n17,calibration,upmem,17efa4701a2575a143430a077acd661f07698cd149f7bb987262cfeee98b8253,calibration,6,6,6,0,0,0,True,False
cell-9a14090b1e44ab1f8b365506e8b1712564db88300eaa4242aa9b84f1280e5ebf,hs_n18,calibration,upmem,828f0ad95ec8d00d9d3dba73c6a3057d822b8f90f1014a9a96d1c83681eb953d,calibration,6,6,6,0,0,0,True,False
cell-9a3a84541e8c3e7e2ca6a64546271247e7cc4bdfbcd8a22b2ded019fd9a59a17,bv_n18,calibration,upmem,2fa411127cd5d818380604c2b191da4707d8a8f733bc834e8991b59f3dd5e897,calibration,6,6,6,0,0,0,True,False
cell-9b14b80b449aa05726e00f9bf0723f1fadea576674bb5c4df15d16125474e812,qrng_n18,calibration,upmem,fce085219b1c27d878bfc98d0548813c7213b26a19b57f8282eee434946e3e23,calibration,6,6,6,0,0,0,True,False
cell-9b68f46bb151830cda6536d0ff0fa6b17f4b5990a4faa9446419f5fb94a05c73,edc_n17,calibration,upmem,26d383578cf3bdc75d6e47da6e0024efb05ac8a55653eda872e3df3a1ac2cbba,calibration,6,6,6,0,0,0,True,False
cell-9cdf896f1b31dad89b1a6e2614868103decb3c8459e0ce2364d3d147a5d33c8b,bv_n18,calibration,upmem,c8d83617187702ca6bdf030b2c3ee00db58f0d28a8d536059f9c54097e067190,calibration,6,6,6,0,0,0,True,False
cell-9d400f02c2b4f0251cc5e5e5a8bddf4a37d725a3c0e1cb27466527799aeadb6d,bv_n18,calibration,upmem,b25102eb1206025c37693d4568170e6fe4c3ea6ce479debe1c96bd1799124c16,calibration,6,6,6,0,0,0,True,False
cell-9d5681dfa3a394178d79792df4f946d54e52f60ba1ef3834f35941b0047fe06a,bv_n18,calibration,upmem,f7769c726e555c58cafed9149b45854c14fc7d718766c43b50047c8c5a71e6f3,calibration,6,6,6,0,0,0,True,False
cell-9e3816fa30baae08316b3127025615b0d2b994e53c07521c2d647522b86e0d9f,stress_n16_l2,calibration,upmem,46b9da7ab5f820bd2c2c60ccce1213119fc7130826ccef930cd7992522430b23,calibration,8,8,8,0,0,0,True,False
cell-9ec2a2e012e4e825c75dc51c2a515bd1f86c7005ec5cb7154c5b7a297172dbe5,hs_n18,calibration,upmem,f857597b48a921070e9eea4a11aa7a14f11f2a3c63985d5c1e578a22aa0ce52b,calibration,6,6,6,0,0,0,True,False
cell-9f320a3355065687ae706ce443039b3f36c583df09f3e2d612e0466e132ba351,xor_n18,calibration,upmem,13dfb0a64a7fe1ecb0cd2af6647a7c147ba7218cfc037024ab082b5f42ffbfbe,calibration,8,8,8,0,0,0,True,False
cell-9f3cf3f445117aae658620fad86429c6bcf2402cf13a083e31b2ffaf37554b7c,edc_n17,calibration,upmem,20c8045b6a202d1fd25525e162bc7e46452b3b39764438e593af95652f3df5a7,calibration,6,6,6,0,0,0,True,False
cell-9f63a776690668364561605a31d19ffe43a2d4b1ae97e4d6dbc10f19102b9cb4,bv_n18,calibration,upmem,4de752cd20a626fb5d38c84cd24596f0ac892f43c0338e45c812e3495a28786d,calibration,6,6,6,0,0,0,True,False
cell-a10ad9eed4a9d27041fcbb771a027ad4a08425d84f4bae1caa46194a9f63e160,stress_n18_l2,calibration,upmem,9ad7d5be40d378786e819ea767295ef2ca7b0340441bb7ac21ad6d0d43d6ae2b,calibration,6,6,6,0,0,0,True,False
cell-a123e888827b900a6d7ae821b36f989e630f53ed8a860a3e49d63945a4f562d0,edc_n17,calibration,upmem,ed55ae94291f75623a56779f9a3ea0161394ca36f2fc4b2d975880ef9d9115ad,calibration,6,6,6,0,0,0,True,False
cell-a16afb173de7f6bde7b64395cd335727f945079499943405494fdb1ac5376fdf,bv_n18,calibration,upmem,86f9df65db57e6eb4df0dcaf1dc9f1245f0cb441d05199cbf652ea45b9f2cd43,calibration,6,6,6,0,0,0,True,False
cell-a1eeb691d153e0a5b6d128e8ed9b3d06645003f0708919b0f6f5246913cd5e07,stress_n16_l2,calibration,upmem,500337d491059f285a742b22fc3410f6a578fd63dc4d0f52030103cab63ec015,calibration,6,6,6,0,0,0,True,False
cell-a31ebb6b0207a41d5afb98416e3dd2343d493a97430cf0858204fbe1793c5596,bb84_n18,calibration,upmem,46b9da7ab5f820bd2c2c60ccce1213119fc7130826ccef930cd7992522430b23,calibration,8,8,8,0,0,0,True,False
cell-a39dda06fd897ef1e62fbd86715cd3d602acb47adda6dca277993184c81ed0e3,qrng_n18,calibration,upmem,0614d89b69a0cbbb1eeec6e51841ad485b9173655a84e785f5238aaf580fe6b6,calibration,6,6,6,0,0,0,True,False
cell-a3b9126c9a86bf24825a8dc887a9cf5a6703ca755c915bc31d62f92dc136a06c,stress_n16_l2,calibration,upmem,8b892f357816dd1534b7d64a9b941d6f3ca582200ce7b19a338c16c57be83d61,calibration,6,6,6,0,0,0,True,False
cell-a3eff174ceffb0fca9cb33f393748e4969dfb3fe02f241b67159cea4832d6490,xor_n18,calibration,upmem,ec610867a4d972311e7e8488e53d4dbebf8ba704570caee5761a91ae9bcd3e46,calibration,6,6,6,0,0,0,True,False
cell-a5833404a4e71bba33d013ceae6a7763b1641080c8e96ae1632d2257a372c587,edc_n17,calibration,upmem,f0578c4cb34d075bc450005b78009a895e11fe787101d8d370a5f3531ced7052,calibration,6,6,6,0,0,0,True,False
cell-a6420b7a3a77a7130913ceb6d1ab9f13f223e0142d710e2385dcc9d8c1ac4983,stress_n18_l2,calibration,upmem,f0578c4cb34d075bc450005b78009a895e11fe787101d8d370a5f3531ced7052,calibration,6,6,6,0,0,0,True,False
cell-a7a09be8af69d4e20f52139fa5f496eae05492e1fef13030e2b052b376c6cc86,bv_n18,calibration,upmem,bf6e5ef3b7f507ca3e7438d1f1e71d3a6e0136a1b4c1d6159d611d5c3d255313,calibration,6,6,6,0,0,0,True,False
cell-a81fcf1c11705e95b0da6a63b421d3f2b56b61f855696f95486be34223cfefd0,hs_n18,calibration,upmem,9325ee6b03e0b53c415f282743785873b0ac01f1e38f8668bdf832fa84e3b409,calibration,8,8,8,0,0,0,True,False
cell-a82033fd70e8f39ab4827c68af07a2b0d0a80c7e962a3cbc9faad6f2be3df547,hs_n18,calibration,upmem,f0578c4cb34d075bc450005b78009a895e11fe787101d8d370a5f3531ced7052,calibration,6,6,6,0,0,0,True,False
cell-a9bdd5311a2da6dd0c6cb06702412efba6322c98278b34559a3e66f02a5e13e0,bv_n18,calibration,upmem,9a6d965782f0731bef50d9ee08d96e87c4a18f101ffdd4cc95238780f6c8e2ca,calibration,6,6,6,0,0,0,True,False
cell-aa0ee460d955e87e4d469709c8ba6b5915d50ddb970cd2a3a6d96ad07c882b84,xor_n18,calibration,upmem,5a76deaf2578d66a1ed475a0625c79ecc46b434a603602a26254e6c5fdee642e,calibration,6,6,6,0,0,0,True,False
cell-aac781613e102fddfbe08dd29ff0242360935be7790914a9a1a592c9e188d66f,stress_n18_l2,calibration,upmem,9a6d965782f0731bef50d9ee08d96e87c4a18f101ffdd4cc95238780f6c8e2ca,calibration,6,6,6,0,0,0,True,False
cell-ab39e84fd14b8e44fad59264d1be0077b033437e52d646aa5015f5811a421e8d,hs_n18,calibration,upmem,5a62bf542200bf710caf573838f36d0fd198d6636aa7b6c50f42d3572bc51473,calibration,6,6,6,0,0,0,True,False
cell-ab7d2d1228d00fa58d440ef794f3894ce54b16275a500c93941f0502e3620a70,xor_n18,calibration,upmem,31267b1192f6bcfe73c728283c5361e8c403cf0d03d4bc0d1a81e912c3542b70,calibration,6,6,6,0,0,0,True,False
cell-ad5e810b1f76dd99cb1d34c9e7b48b657139a160980da8753b818cd2f4116a0e,hs_n18,calibration,upmem,8d3e6a2dcb9e27817d946a007935c4c6ab5423325451eb368683fa777b1a339a,calibration,6,6,6,0,0,0,True,False
cell-ad8b8d8aa10a047e7aa8dd69c1eb8231240a566c5083c213609d6e27193ddf01,stress_n16_l2,calibration,upmem,27b62e57038c9a28dce9f5844c37556b2808dc892f3a5401afe82eba05fa54ed,calibration,6,6,6,0,0,0,True,False
cell-ad8cb6d223e15297a8c9b4d1de8844fc5148fdef4de7d8b78026ef1c53347be1,bv_n18,calibration,upmem,b5e001c1aa3d6bc5dc7410a11fca084be9046c909abf35e1e24a5f88b7cdd404,calibration,6,6,6,0,0,0,True,False
cell-ada19a5f318838226e4aea2720fe8cbd47ec8b6e682d254cbf581883c14453af,qrng_n18,calibration,upmem,61fb5254f03558c44f72d70c7e3bd0b449e30cc4b75fdeec49262f5580b6c5fe,calibration,6,6,6,0,0,0,True,False
cell-ae0c6245f1ec408707838bf5fd5ac25cc0a4c442ed3ee0352f5b262d92bec102,ghz_n18,calibration,upmem,5a62bf542200bf710caf573838f36d0fd198d6636aa7b6c50f42d3572bc51473,calibration,6,6,6,0,0,0,True,False
cell-ae151f7f49c1d4d0622a8f5239c8de5bdd9ab22d78bed9a2371f962fc471781d,edc_n17,calibration,upmem,fce085219b1c27d878bfc98d0548813c7213b26a19b57f8282eee434946e3e23,calibration,6,6,6,0,0,0,True,False
cell-ae53afd85c4870444496d5a7ca32891b894f507daae8d0a020992c46c0e7d532,ghz_n18,calibration,upmem,ec610867a4d972311e7e8488e53d4dbebf8ba704570caee5761a91ae9bcd3e46,calibration,6,6,6,0,0,0,True,False
cell-af6c75cfca42bd5528196c197d5b8e266d7c0a35ba0a8f28b2ed96e658e9563f,hs_n18,calibration,upmem,ecf95fdab372ba8ec6b1b3d7a72fa3b3f1c10533823a80917559477cc61f32d4,calibration,8,8,8,0,0,0,True,False
cell-afaa87f8ccc6c7bc02bfee0c8969931ce5f4221366d4a8c65de49d00bc871084,bb84_n18,calibration,upmem,20c8045b6a202d1fd25525e162bc7e46452b3b39764438e593af95652f3df5a7,calibration,6,6,6,0,0,0,True,False
cell-b1054bf169f966ab46527680c9f2857407627fdce192e67589e484bf3994f589,hs_n18,calibration,upmem,fce085219b1c27d878bfc98d0548813c7213b26a19b57f8282eee434946e3e23,calibration,6,6,6,0,0,0,True,False
cell-b1cf000899d53e514f250d428d5fa79f58eb62e004b54ad43212d84627a8140b,bv_n18,calibration,upmem,ec610867a4d972311e7e8488e53d4dbebf8ba704570caee5761a91ae9bcd3e46,calibration,6,6,6,0,0,0,True,False
cell-b2387aab2db08137cebaa2f5e6e544e21cfc982fa894676c0621b37db3bd6aae,xor_n18,calibration,upmem,3ba097dc4b13b98c1e69c047ab63ddec6e826a4dcac84fb4fa8b81e272e78f84,calibration,6,6,6,0,0,0,True,False
cell-b23a23b0c683b5a7d6a03256e7435ef6e7595b2c95190dbec3f734bffc5be45c,xor_n18,calibration,upmem,8880c53b3a27d74ecc95016a53311eb9d495eecb2968a9189fc6e0d7019acba0,calibration,6,6,6,0,0,0,True,False
cell-b244c834870cb14dd347e0b9b0e6a7e5b9d320e32dc1221989ba7ca4024b8b17,bb84_n18,calibration,upmem,14aec505d4de73636d673ab51471bc242f33036ec2efc3e15a4d99764794c575,calibration,6,6,6,0,0,0,True,False
cell-b2e8823b6fe1e501f2ec4c0413756af518ca92277967d89a739090ba0297c536,xor_n18,calibration,upmem,7f1d4a33ef36c6275faf29ecea97c8f4794e54748f6e4607e72c16cf07990c4f,calibration,6,6,6,0,0,0,True,False
cell-b3bf999e049eb1415ba17fcd1dce9e224d71fdb744366e613680708b8cd6fc66,xor_n18,calibration,upmem,8d3e6a2dcb9e27817d946a007935c4c6ab5423325451eb368683fa777b1a339a,calibration,6,6,6,0,0,0,True,False
cell-b41434686b39592e8091a60e31574f53b57f0c886ec33c70aee5c8c9e1f0907a,stress_n16_l2,calibration,upmem,62a47992f9fc9f3bd2e91d1bd0a864752984aec3313515cc8e4a9d9ad0bd081b,calibration,6,6,6,0,0,0,True,False
cell-b42dd2d4da1b9775505eb8eea77a53c456c30db23154ab2dd00d45ae73c5900c,edc_n17,calibration,upmem,c8d83617187702ca6bdf030b2c3ee00db58f0d28a8d536059f9c54097e067190,calibration,6,6,6,0,0,0,True,False
cell-b43b2af7ab592c01b655180c6e6571ede857847470bcf8c54101e7b6c5eac72e,edc_n17,calibration,upmem,13dfb0a64a7fe1ecb0cd2af6647a7c147ba7218cfc037024ab082b5f42ffbfbe,calibration,8,8,8,0,0,0,True,False
cell-b4aee059b59b4324af2aca639936dcc8b0e7e031c75ade18bd6542347c7ab992,stress_n16_l2,calibration,upmem,7f1d4a33ef36c6275faf29ecea97c8f4794e54748f6e4607e72c16cf07990c4f,calibration,6,6,6,0,0,0,True,False
cell-b51765e033afc591eefd5d0fa0685e8a9c5a58c9941a1754bac203a171ed63c6,bb84_n18,calibration,upmem,26d383578cf3bdc75d6e47da6e0024efb05ac8a55653eda872e3df3a1ac2cbba,calibration,6,6,6,0,0,0,True,False
cell-b55b798f67f6dbccd36ebbef87d64247a4c24253619242b7f83ceb4506f5e24f,xor_n18,calibration,upmem,fce085219b1c27d878bfc98d0548813c7213b26a19b57f8282eee434946e3e23,calibration,6,6,6,0,0,0,True,False
cell-b5c3ab3b30958ad195f455fd5224514baced5d03b712475dbc62961e4c7b77df,stress_n16_l2,calibration,upmem,bf6e5ef3b7f507ca3e7438d1f1e71d3a6e0136a1b4c1d6159d611d5c3d255313,calibration,6,6,6,0,0,0,True,False
cell-b6d6783d5a9a8acc4090c2d35c5cc565a260dd0283bb8692ea7c87f24b2adae4,edc_n17,calibration,upmem,62a47992f9fc9f3bd2e91d1bd0a864752984aec3313515cc8e4a9d9ad0bd081b,calibration,6,6,6,0,0,0,True,False
cell-b769d86a4617218ab819caacbb604a8ad35ea0debba72f546b845fe845f7416a,hs_n18,calibration,upmem,b25102eb1206025c37693d4568170e6fe4c3ea6ce479debe1c96bd1799124c16,calibration,6,6,6,0,0,0,True,False
cell-b78029ce36c368f96556572c8337c102b9b460e967783f5a63dbe7da8c770935,bb84_n18,calibration,upmem,f857597b48a921070e9eea4a11aa7a14f11f2a3c63985d5c1e578a22aa0ce52b,calibration,6,6,6,0,0,0,True,False
cell-b7e3ece906eb2f04b2bad735c1892a6360c90c6b1739f0dc8a24563370b055df,ghz_n18,calibration,upmem,2fa411127cd5d818380604c2b191da4707d8a8f733bc834e8991b59f3dd5e897,calibration,6,6,6,0,0,0,True,False
cell-b837a3d7b276a4c1c0dfebec8acfb2ac2822214660406232db44199d44f4d260,bb84_n18,calibration,upmem,3ba097dc4b13b98c1e69c047ab63ddec6e826a4dcac84fb4fa8b81e272e78f84,calibration,6,6,6,0,0,0,True,False
cell-b97244e35f5d6029e9361f43807b89673776acc0aa66537d7461c00fd308ca3b,stress_n18_l2,calibration,upmem,2fa411127cd5d818380604c2b191da4707d8a8f733bc834e8991b59f3dd5e897,calibration,6,6,6,0,0,0,True,False
cell-ba6d45393fc510097c3def0ebc74bb605e76bc8a91870c7f1c3f298214ad0fc6,stress_n16_l2,calibration,upmem,5a62bf542200bf710caf573838f36d0fd198d6636aa7b6c50f42d3572bc51473,calibration,6,6,6,0,0,0,True,False
cell-bb0ac96c905cee1ceeb423e63ee7a56014368a25ad0c94a00db17680b67954d4,qrng_n18,calibration,upmem,f20455ed11d6465c717cfc21d50ddadb3d6f28b1a1e37f8d7e7b131a3d508fd2,calibration,6,6,6,0,0,0,True,False
cell-bb60f34b41be7c2fa6b05d677af3a3914767425628955f479484c20bf0e1172c,hs_n18,calibration,upmem,e4e0e687ccdb15f5a8d7f61f78364c246f0606bf598100d2f64a830b0b263b53,calibration,8,8,8,0,0,0,True,False
cell-bdfd7c724dbe80ec4eeff940d8065ffa90998db84da65a1e808bface9d7fc382,bb84_n18,calibration,upmem,3872eb5801c4ed1caf76d52c86eaeb5d01128bb9b7f41dc2a4a1b6e7b6582d5a,calibration,6,6,6,0,0,0,True,False
cell-be9c87c442e8e8ea3df205d48c2b4f105a26d951b4760e02d028d36df498c86b,qrng_n18,calibration,upmem,8880c53b3a27d74ecc95016a53311eb9d495eecb2968a9189fc6e0d7019acba0,calibration,6,6,6,0,0,0,True,False
cell-bea10c267e9ebdc28400f166cf41eb84ddb5d828fac0f708ac9b5a67e4aa0ba2,stress_n16_l2,calibration,upmem,9a6d965782f0731bef50d9ee08d96e87c4a18f101ffdd4cc95238780f6c8e2ca,calibration,6,6,6,0,0,0,True,False
cell-bef8fcceaeff1d83b6048aaaa46291e21e21e55d55be5ec858b2f5c168c3af69,stress_n16_l2,calibration,upmem,304a8dfac62b65c63a65cc648c99e36178312daebe5c835400ae9691934d9eb5,calibration,6,6,6,0,0,0,True,False
cell-bf008e921538d74a8c0a110d122b4adf30718148f4ebd388676fa1f92900a370,hs_n18,calibration,upmem,2fa411127cd5d818380604c2b191da4707d8a8f733bc834e8991b59f3dd5e897,calibration,6,6,6,0,0,0,True,False
cell-bfcc10596c6aac899b930f1c42e2b9003aaa9e98d14f94fd366d4d197f9c2c4a,ghz_n18,calibration,upmem,3872eb5801c4ed1caf76d52c86eaeb5d01128bb9b7f41dc2a4a1b6e7b6582d5a,calibration,6,6,6,0,0,0,True,False
cell-c08c63fe9014617c818cafc9bd0a6def86e725902567926c949c865a9d2e8e66,qrng_n18,calibration,upmem,db693aa2ee993965334a0d8bcf3cf527acd8986bf65459f4cdeabab303dd52cd,calibration,6,6,6,0,0,0,True,False
cell-c12b269a154b94bac91bb66592e5f1e873a416f6034b8da42e97bdde61c8ef81,edc_n17,calibration,upmem,8b892f357816dd1534b7d64a9b941d6f3ca582200ce7b19a338c16c57be83d61,calibration,6,6,6,0,0,0,True,False
cell-c18b1624729d82b22dc3c8d501351b37fb51783b40467ca9971440973bd0dd8e,stress_n16_l2,calibration,upmem,b25102eb1206025c37693d4568170e6fe4c3ea6ce479debe1c96bd1799124c16,calibration,6,6,6,0,0,0,True,False
cell-c18ef2d61753bcc8eb94479539b24357057e44a9f2276fa5122655b55dfa310f,bv_n18,calibration,upmem,6e3d096bf26fc5d85f31f1670950563229bc62e50027c58f94c155d639b8b8c1,calibration,6,6,6,0,0,0,True,False
cell-c55ecad90eac6403b0999cd38f78a1a7c8a7d57d1adc38c0ee0aa55f04723adc,bv_n18,calibration,upmem,8880c53b3a27d74ecc95016a53311eb9d495eecb2968a9189fc6e0d7019acba0,calibration,6,6,6,0,0,0,True,False
cell-c5908a50e8aa47fc49acbc9171c29237236f715c074c649718ae25ff2a4b3bc9,hs_n18,calibration,upmem,dbca946b82bc3f1285d8db3fafce59aec3b04e03185305d4cf823b0dcf401702,calibration,6,6,6,0,0,0,True,False
cell-c5c529d8d874ccae6af7a9fc1d586ac85c99fb16d064931b10cea98e4ffb5445,stress_n16_l2,calibration,upmem,c8d83617187702ca6bdf030b2c3ee00db58f0d28a8d536059f9c54097e067190,calibration,6,6,6,0,0,0,True,False
cell-c6b638591bd34c0d44e720e47bcc94c8e172dcfd3df153f0796529185c7e5e8f,bb84_n18,calibration,upmem,5a76deaf2578d66a1ed475a0625c79ecc46b434a603602a26254e6c5fdee642e,calibration,6,6,6,0,0,0,True,False
cell-c7913c79b966a426b0e9c9540271a4d65573a16b942ba44e315d8f5e2d246e90,ghz_n18,calibration,upmem,9ad7d5be40d378786e819ea767295ef2ca7b0340441bb7ac21ad6d0d43d6ae2b,calibration,6,6,6,0,0,0,True,False
cell-c88fd3ac4bed0d573959a664e1e482679cde3f53701e1941f0b9c7cb84ba825a,stress_n16_l2,calibration,upmem,5a76deaf2578d66a1ed475a0625c79ecc46b434a603602a26254e6c5fdee642e,calibration,6,6,6,0,0,0,True,False
cell-c8ffd1cd9119868f092bb2e3b00022f2a5d458ee491c328a50fc0ce21fbb2400,bb84_n18,calibration,upmem,92febbd4632ceab2bec407fe745fbb2ebdbfc1ffa366f1d7e181646233878a2d,calibration,6,6,6,0,0,0,True,False
cell-c9a6ea693d6f5cd234390a283df853426e26cf172ee9c48b65d36289c628a512,bv_n18,calibration,upmem,26d383578cf3bdc75d6e47da6e0024efb05ac8a55653eda872e3df3a1ac2cbba,calibration,6,6,6,0,0,0,True,False
cell-c9c4b3dc79e5f5c92ae7a58a0ac1f4fed0341f936166f5f0f9f3c1aec9b7cc7b,qrng_n18,calibration,upmem,f7769c726e555c58cafed9149b45854c14fc7d718766c43b50047c8c5a71e6f3,calibration,6,6,6,0,0,0,True,False
cell-c9f0a0a9819a3b101d9c17834fe34d358ab1dcbf5b0a6c95f35d9951484f38d2,xor_n18,calibration,upmem,f0578c4cb34d075bc450005b78009a895e11fe787101d8d370a5f3531ced7052,calibration,6,6,6,0,0,0,True,False
cell-ca15984a0a023e77e6c7556e74e2c6d6dd69ec7642ed1add6fdcffdbb28c340d,qrng_n18,calibration,upmem,b40d2a979f64a3b3ab05f38150d4b2839689d7d7260c4c652b0ef0a7dad60c6a,calibration,6,6,6,0,0,0,True,False
cell-ca28b80df0bbb61346f11dcb579067c4be8a56279677ada2a6f4b7e44c6ed844,edc_n17,calibration,upmem,b40d2a979f64a3b3ab05f38150d4b2839689d7d7260c4c652b0ef0a7dad60c6a,calibration,6,6,6,0,0,0,True,False
cell-ca877e196041c90fd6f4544d1e5a5efe701752039d9b1114a8db946dffa1bae5,hs_n18,calibration,upmem,5a76deaf2578d66a1ed475a0625c79ecc46b434a603602a26254e6c5fdee642e,calibration,6,6,6,0,0,0,True,False
cell-cb589ea8bd5bd33dffaacd6f8d1c83e4174a5e284032721064cd90efb4ed4a4f,bb84_n18,calibration,upmem,f0578c4cb34d075bc450005b78009a895e11fe787101d8d370a5f3531ced7052,calibration,6,6,6,0,0,0,True,False
cell-cc1759162946af61d02263c2a43766259a53ebd02436113016075629600ed324,xor_n18,calibration,upmem,f857597b48a921070e9eea4a11aa7a14f11f2a3c63985d5c1e578a22aa0ce52b,calibration,6,6,6,0,0,0,True,False
cell-cc42f11b2bf313c898aaf0f02ca9fe6c32304b13888e39bf44fc16f195bf42a7,bb84_n18,calibration,upmem,ec610867a4d972311e7e8488e53d4dbebf8ba704570caee5761a91ae9bcd3e46,calibration,6,6,6,0,0,0,True,False
cell-cd80fe1a6a9f6c39307b05663c8aa896428b54d8d994d17ba5be859d566329c2,edc_n17,calibration,upmem,61fb5254f03558c44f72d70c7e3bd0b449e30cc4b75fdeec49262f5580b6c5fe,calibration,6,6,6,0,0,0,True,False
cell-cde87601882f2fdc3d1805612483d608d3ef97161564649761deb12f18038ac0,hs_n18,calibration,upmem,3872eb5801c4ed1caf76d52c86eaeb5d01128bb9b7f41dc2a4a1b6e7b6582d5a,calibration,6,6,6,0,0,0,True,False
cell-cdf2294374037fedd53e7b19e6833aee04b7b19c942e66be7d83a8e2e713ed69,hs_n18,calibration,upmem,41a81d7925a3c66646b16df3f8f555878fed40a48542a39146597d62c3e210f9,calibration,6,6,6,0,0,0,True,False
cell-ce5d55b151031bcfa6652473f5829218de904c243dce3c6096229d39e6855fd2,hs_n18,calibration,upmem,0614d89b69a0cbbb1eeec6e51841ad485b9173655a84e785f5238aaf580fe6b6,calibration,6,6,6,0,0,0,True,False
cell-cf1efffbdfc800cfc28fe60c39c43b9324a2c9c9fc8ea72f162e63dd04711227,edc_n17,calibration,upmem,8880c53b3a27d74ecc95016a53311eb9d495eecb2968a9189fc6e0d7019acba0,calibration,6,6,6,0,0,0,True,False
cell-d057c7ad8f639c1066db883eb3fc9b6a9460ae2163509efc8fce7ef4d426d568,ghz_n18,calibration,upmem,77bb0e5533e4128656aac8f402022ace8ed38c374b3efac36f8111d0000cd588,calibration,6,6,6,0,0,0,True,False
cell-d1762a682984006083c1bc8430071a2dce19801239ff224b3f7cdea597f256b6,edc_n17,calibration,upmem,77bb0e5533e4128656aac8f402022ace8ed38c374b3efac36f8111d0000cd588,calibration,6,6,6,0,0,0,True,False
cell-d1a630adf0f5cc250c18691f19b68834fad4f3ec4e4fd2d090456c91c2196e4c,xor_n18,calibration,upmem,331b392a1c3d586bc3d3a4517fd58a67161c6af5a439dd8bcd117b95b5116c45,calibration,6,6,6,0,0,0,True,False
cell-d1b27576ee4a7662c868c012f0c0c7ff62d8b5c92623b9d12331b8c45c299466,edc_n17,calibration,upmem,5a76deaf2578d66a1ed475a0625c79ecc46b434a603602a26254e6c5fdee642e,calibration,6,6,6,0,0,0,True,False
cell-d1be78175025142c0fb69523f7d8717701fde70eb06ae0aed7a4ca09a1f933df,hs_n18,calibration,upmem,f20455ed11d6465c717cfc21d50ddadb3d6f28b1a1e37f8d7e7b131a3d508fd2,calibration,6,6,6,0,0,0,True,False
cell-d263b391cc9f15219412e6088b49c29df920bc1f09bbcd245e83617c722665d6,xor_n18,calibration,upmem,6e3d096bf26fc5d85f31f1670950563229bc62e50027c58f94c155d639b8b8c1,calibration,6,6,6,0,0,0,True,False
cell-d2a8e7a73666fa621549ac57fdd47b092338b048889dfa25ee8e6239a8ba99b0,hs_n18,calibration,upmem,be81183e6d130ece72190f9176126a70d37731ee25893f68d1c49a2e8e15b57a,calibration,6,6,6,0,0,0,True,False
cell-d3173ad9f3574e0234c4e6480d8630abfb7734066977ec2dd141800e1bbf0786,edc_n17,calibration,upmem,3ba097dc4b13b98c1e69c047ab63ddec6e826a4dcac84fb4fa8b81e272e78f84,calibration,6,6,6,0,0,0,True,False
cell-d446a4982d3e75fdfd6d50464a025c10a97c889ccf8d395d343c589f51efaf65,qrng_n18,calibration,upmem,c8d83617187702ca6bdf030b2c3ee00db58f0d28a8d536059f9c54097e067190,calibration,6,6,6,0,0,0,True,False
cell-d5352eb09b2f248b087bf407ec80aa3ae312f1383d1581420f65c30fd7fcaf6c,stress_n16_l2,calibration,upmem,e4e0e687ccdb15f5a8d7f61f78364c246f0606bf598100d2f64a830b0b263b53,calibration,8,8,8,0,0,0,True,False
cell-d5f96c62ddaeeb44586c4e0eb146db1abf9ec1900aef6bc302cf8b5cd41231e0,qrng_n18,calibration,upmem,8d3e6a2dcb9e27817d946a007935c4c6ab5423325451eb368683fa777b1a339a,calibration,6,6,6,0,0,0,True,False
cell-d6619904fc52524926e6984ad0c44f8cffee0959f7414d7910b169739d461b26,stress_n16_l2,calibration,upmem,8d3e6a2dcb9e27817d946a007935c4c6ab5423325451eb368683fa777b1a339a,calibration,6,6,6,0,0,0,True,False
cell-d6f1c14d9bd3d51155fd6793a2656263657ce7de57d4b80d83920eaa890c49bb,hs_n18,calibration,upmem,9a6d965782f0731bef50d9ee08d96e87c4a18f101ffdd4cc95238780f6c8e2ca,calibration,6,6,6,0,0,0,True,False
cell-d7aa7d86afa0e8dc33101bf830891a0fa0bce3622946b1ab20b33c49c6432635,edc_n17,calibration,upmem,8f264bbaceb3844a8c64d6553fc1e34155c39e3e1d2d50e7623a5167b050e5bf,calibration,6,6,6,0,0,0,True,False
cell-d8c3cdca6d41ab5607b927422f541f184fde43a45345ae5801b04b858d75c66a,stress_n18_l2,calibration,upmem,ec610867a4d972311e7e8488e53d4dbebf8ba704570caee5761a91ae9bcd3e46,calibration,6,6,6,0,0,0,True,False
cell-d91e3458b8c151188600720c3c6d8ef4e4a305637cbb8aeae21995f1a2a48fe7,qrng_n18,calibration,upmem,2fa411127cd5d818380604c2b191da4707d8a8f733bc834e8991b59f3dd5e897,calibration,6,6,6,0,0,0,True,False
cell-d939071d201339f3f0116e8b10395662573c34f2159e52fbe3c3a7e1badffa83,bv_n18,calibration,upmem,77bb0e5533e4128656aac8f402022ace8ed38c374b3efac36f8111d0000cd588,calibration,6,6,6,0,0,0,True,False
cell-db769d8630f54b0f6c15da92d4e954d03f44be0e4a9d4e90db45fcafb83df3ed,hs_n18,calibration,upmem,8880c53b3a27d74ecc95016a53311eb9d495eecb2968a9189fc6e0d7019acba0,calibration,6,6,6,0,0,0,True,False
cell-dba233cc0f1c1729ed01ee3b570aabd2782fc95fc7cb7b4885637ea77d9c7961,hs_n18,calibration,upmem,8b892f357816dd1534b7d64a9b941d6f3ca582200ce7b19a338c16c57be83d61,calibration,6,6,6,0,0,0,True,False
cell-dbc48b65b71404b635b39ba35b98730c2ad0fe3c29482b2e3a921211cc890f87,ghz_n18,calibration,upmem,f20455ed11d6465c717cfc21d50ddadb3d6f28b1a1e37f8d7e7b131a3d508fd2,calibration,6,6,6,0,0,0,True,False
cell-dc0a5cd48d8aa77156b662aa6ba12aea2cbb401895e92fe6227654deebfd835f,hs_n18,calibration,upmem,304a8dfac62b65c63a65cc648c99e36178312daebe5c835400ae9691934d9eb5,calibration,6,6,6,0,0,0,True,False
cell-dc1b21329bc8d23f66b2ee5918017a799dfd22d3ce2dd68b1642027a24bfe90b,stress_n16_l2,calibration,upmem,3ba097dc4b13b98c1e69c047ab63ddec6e826a4dcac84fb4fa8b81e272e78f84,calibration,6,6,6,0,0,0,True,False
cell-dca68362b05c641ea75827e69181c3ad852a64e7008c83fe7163a7ab7292ce15,stress_n16_l2,calibration,upmem,6e3d096bf26fc5d85f31f1670950563229bc62e50027c58f94c155d639b8b8c1,calibration,6,6,6,0,0,0,True,False
cell-de3505f90ce2b9c016df7aa28628dfdec046e9b311a80d03bdd3d3d6389eda3b,stress_n16_l2,calibration,upmem,17efa4701a2575a143430a077acd661f07698cd149f7bb987262cfeee98b8253,calibration,6,6,6,0,0,0,True,False
cell-de788082ffb06bde872fa9eedd408693934d23caf525703ecaa40f5484672934,xor_n18,calibration,upmem,c8d83617187702ca6bdf030b2c3ee00db58f0d28a8d536059f9c54097e067190,calibration,6,6,6,0,0,0,True,False
cell-dee98901746541a5fc3f8f21837efde8fc9c5c8e1d0883fe59ea06dac2ce395f,stress_n16_l2,calibration,upmem,14aec505d4de73636d673ab51471bc242f33036ec2efc3e15a4d99764794c575,calibration,6,6,6,0,0,0,True,False
cell-df6d73f1d629cbf673b3bdaf67a8d6c3c87167bf0b5f0958808c051f3693bbfc,bv_n18,calibration,upmem,46b9da7ab5f820bd2c2c60ccce1213119fc7130826ccef930cd7992522430b23,calibration,8,8,8,0,0,0,True,False
cell-df9f63aebbbe2611ebf3b8a19affbc7b3e8edcdf50bf833d19de949887b6a3ab,stress_n18_l2,calibration,upmem,17efa4701a2575a143430a077acd661f07698cd149f7bb987262cfeee98b8253,calibration,6,6,6,0,0,0,True,False
cell-e0261505f60810f8ab0dc848ebedfedf5f509d00b72fd56aa5171f395e59876c,qrng_n18,calibration,upmem,3ba097dc4b13b98c1e69c047ab63ddec6e826a4dcac84fb4fa8b81e272e78f84,calibration,6,6,6,0,0,0,True,False
cell-e028efd228d204f0a2b741035c798f3cb3562685c0b661a41000ffb7ba890950,stress_n18_l2,calibration,upmem,61fb5254f03558c44f72d70c7e3bd0b449e30cc4b75fdeec49262f5580b6c5fe,calibration,6,6,6,0,0,0,True,False
cell-e07b5c2fc3b325c8bcc49c89bcd6054546028b47246122a77c55f6f6979c0c76,stress_n18_l2,calibration,upmem,46b9da7ab5f820bd2c2c60ccce1213119fc7130826ccef930cd7992522430b23,calibration,6,6,6,0,0,0,True,False
cell-e0e34728a6df02d7651cdc241cbc2b597a96dfff0bb74182a24d1ca9b0c5466d,stress_n16_l2,calibration,upmem,8880c53b3a27d74ecc95016a53311eb9d495eecb2968a9189fc6e0d7019acba0,calibration,6,6,6,0,0,0,True,False
cell-e15406721fd4fbadc501d6ec6616ef35cae714a043f08b3233805070848ae931,hs_n18,calibration,upmem,f7769c726e555c58cafed9149b45854c14fc7d718766c43b50047c8c5a71e6f3,calibration,6,6,6,0,0,0,True,False
cell-e190a47082ec9e2551ee031f2d6142817c5fce0418797ac602a590ba7347497c,edc_n17,calibration,upmem,31267b1192f6bcfe73c728283c5361e8c403cf0d03d4bc0d1a81e912c3542b70,calibration,6,6,6,0,0,0,True,False
cell-e25c37833c166ed599233395ea9869fb10a6ec5d2bde52db23618517abb810a1,xor_n18,calibration,upmem,f20455ed11d6465c717cfc21d50ddadb3d6f28b1a1e37f8d7e7b131a3d508fd2,calibration,6,6,6,0,0,0,True,False
cell-e26ecc69d33014457b191cf2925088d26cb28e4312734bf7244cf85bbb67cf02,stress_n18_l2,calibration,upmem,dbca946b82bc3f1285d8db3fafce59aec3b04e03185305d4cf823b0dcf401702,calibration,6,6,6,0,0,0,True,False
cell-e2c3ba06e4c483dfc0ffddcd779e70c9fd7cf90a57a704536de087e7b3a47d66,xor_n18,calibration,upmem,27b62e57038c9a28dce9f5844c37556b2808dc892f3a5401afe82eba05fa54ed,calibration,6,6,6,0,0,0,True,False
cell-e320b0b54a34b53939e3504090ef94cc1183518d91889b6fd24bacfe8a763bab,qrng_n18,calibration,upmem,9a6d965782f0731bef50d9ee08d96e87c4a18f101ffdd4cc95238780f6c8e2ca,calibration,6,6,6,0,0,0,True,False
cell-e37075a3ed91a17441f373af0ed64aa3bb573d1ad2ffaf43d52e93763b6ccff0,bv_n18,calibration,upmem,29481df23b1b357717368d6284c913f33919ba722596e0c03fdf057ced715fa8,calibration,6,6,6,0,0,0,True,False
cell-e37e2cb8a73bdaa895334c8676e52c7bd37a95c2fba62ff8381361a48d780211,stress_n16_l2,calibration,upmem,4de752cd20a626fb5d38c84cd24596f0ac892f43c0338e45c812e3495a28786d,calibration,6,6,6,0,0,0,True,False
cell-e3ed43dc38b8a82ff0bbb13634edff06e2c3384ef6e396fba71cc4e8f0724326,hs_n18,calibration,upmem,14aec505d4de73636d673ab51471bc242f33036ec2efc3e15a4d99764794c575,calibration,6,6,6,0,0,0,True,False
cell-e49bde6e9a0bcc032c457dd9a5401ac10c8c0fb74880980b9c5fea3cdc3174b4,edc_n17,calibration,upmem,b5e001c1aa3d6bc5dc7410a11fca084be9046c909abf35e1e24a5f88b7cdd404,calibration,6,6,6,0,0,0,True,False
cell-e769c5e9cb1ac7f08989850c74fd29b6521a343220d2a37e2b531578ee4592a1,bv_n18,calibration,upmem,8b892f357816dd1534b7d64a9b941d6f3ca582200ce7b19a338c16c57be83d61,calibration,6,6,6,0,0,0,True,False
cell-e7d3142651d83281f7468e36bbc2bafeadc0f39a7e1059594b454fdfc0679c24,bb84_n18,calibration,upmem,31267b1192f6bcfe73c728283c5361e8c403cf0d03d4bc0d1a81e912c3542b70,calibration,6,6,6,0,0,0,True,False
cell-e829c9ee9dc61d721927e68d3b66637b0345cf3db2cf08522b226e54b29b7443,stress_n16_l2,calibration,upmem,b5e001c1aa3d6bc5dc7410a11fca084be9046c909abf35e1e24a5f88b7cdd404,calibration,6,6,6,0,0,0,True,False
cell-e8d003ee9f33963c731ab595a510f673d9411aa57c18b29d35580ee1a38b3859,qrng_n18,calibration,upmem,8b892f357816dd1534b7d64a9b941d6f3ca582200ce7b19a338c16c57be83d61,calibration,6,6,6,0,0,0,True,False
cell-e97ab843be1324734017071ffb89c236660febe79140cbaabfe1ed68c370beb8,stress_n16_l2,calibration,upmem,41a81d7925a3c66646b16df3f8f555878fed40a48542a39146597d62c3e210f9,calibration,6,6,6,0,0,0,True,False
cell-e9cb816d27b1cf18be51b969fea54553e84709fa5ddce54bb6db2742b8397094,stress_n18_l2,calibration,upmem,29481df23b1b357717368d6284c913f33919ba722596e0c03fdf057ced715fa8,calibration,6,6,6,0,0,0,True,False
cell-eb2548071828650cc05635ad048ef953f9504c14d438c31c66c6df44a6238e6e,bb84_n18,calibration,upmem,dbca946b82bc3f1285d8db3fafce59aec3b04e03185305d4cf823b0dcf401702,calibration,6,6,6,0,0,0,True,False
cell-eb8c66c0b263ad9dd3d98f58c7a8064389004ac46860c9dd1672a8e09f875fa4,edc_n17,calibration,upmem,27b62e57038c9a28dce9f5844c37556b2808dc892f3a5401afe82eba05fa54ed,calibration,6,6,6,0,0,0,True,False
cell-ec8c35aff50b8a42be8f4626a83f0681ab3fd09fb33f0b1f836d0f62f636f4a2,stress_n18_l2,calibration,upmem,b40d2a979f64a3b3ab05f38150d4b2839689d7d7260c4c652b0ef0a7dad60c6a,calibration,6,6,6,0,0,0,True,False
cell-ed3cc79ef9e813684d9bf7f0749a9d59f3044b78e6a33be6a9428d7e04291e06,bv_n18,calibration,upmem,3ba097dc4b13b98c1e69c047ab63ddec6e826a4dcac84fb4fa8b81e272e78f84,calibration,6,6,6,0,0,0,True,False
cell-ed416fc845613436b15c82d62cc918542581219d30286e123cec4aa6a81af8ec,ghz_n18,calibration,upmem,331b392a1c3d586bc3d3a4517fd58a67161c6af5a439dd8bcd117b95b5116c45,calibration,6,6,6,0,0,0,True,False
cell-ef1ee85b507c814bdf6abf03e8d955ab435441dcc06043b403391b276c3a5d66,ghz_n18,calibration,upmem,b5e001c1aa3d6bc5dc7410a11fca084be9046c909abf35e1e24a5f88b7cdd404,calibration,6,6,6,0,0,0,True,False
cell-ef8e0df5498cab10ee1426154a13abd40e7a05530e8ece512368a059f7eb9909,stress_n16_l2,calibration,upmem,9ad7d5be40d378786e819ea767295ef2ca7b0340441bb7ac21ad6d0d43d6ae2b,calibration,6,6,6,0,0,0,True,False
cell-f0592b63359092a4dd7f1fabbb4751557a7134794b5ac6d6210c354b46f52546,bv_n18,calibration,upmem,828f0ad95ec8d00d9d3dba73c6a3057d822b8f90f1014a9a96d1c83681eb953d,calibration,6,6,6,0,0,0,True,False
cell-f1506a6e4040d69275f3d8942bd233b7c0b99745db6edf0b2d8a75176152de92,xor_n18,calibration,upmem,5a62bf542200bf710caf573838f36d0fd198d6636aa7b6c50f42d3572bc51473,calibration,6,6,6,0,0,0,True,False
cell-f1c75c4caaf7c3ecb922b1c534c9b8fc5c8ce127dbfb91558e96769b22b273a5,bv_n18,calibration,upmem,f857597b48a921070e9eea4a11aa7a14f11f2a3c63985d5c1e578a22aa0ce52b,calibration,6,6,6,0,0,0,True,False
cell-f291fc148d5acb839a173565f64979c8e1fc60d740a45a0584a00c57c69bb278,xor_n18,calibration,upmem,b5e001c1aa3d6bc5dc7410a11fca084be9046c909abf35e1e24a5f88b7cdd404,calibration,6,6,6,0,0,0,True,False
cell-f2bb6b727acfff0a7d53a1ec816bf8fd5cf94bee69f9800b7c3f556d815a3f4d,stress_n16_l2,calibration,upmem,f0578c4cb34d075bc450005b78009a895e11fe787101d8d370a5f3531ced7052,calibration,6,6,6,0,0,0,True,False
cell-f302781fdf4571abec6df36bfb82f589b4a03b8e1c4ad258fb62edab35058a5b,xor_n18,calibration,upmem,bf6e5ef3b7f507ca3e7438d1f1e71d3a6e0136a1b4c1d6159d611d5c3d255313,calibration,6,6,6,0,0,0,True,False
cell-f3942793967b18a75b0fed6480dd6587f117eeb2156242af3b11849e9bf9dd3b,edc_n17,calibration,upmem,f20455ed11d6465c717cfc21d50ddadb3d6f28b1a1e37f8d7e7b131a3d508fd2,calibration,6,6,6,0,0,0,True,False
cell-f40d42fa83cb4d8b12b5893066b318ca3314fff1106a6dd3c014a249ad9a1b09,hs_n18,calibration,upmem,86f9df65db57e6eb4df0dcaf1dc9f1245f0cb441d05199cbf652ea45b9f2cd43,calibration,6,6,6,0,0,0,True,False
cell-f49e7f228421f6a6167eddaedbe808848e774f9cce661f9c4148521c202fa290,stress_n18_l2,calibration,upmem,331b392a1c3d586bc3d3a4517fd58a67161c6af5a439dd8bcd117b95b5116c45,calibration,6,6,6,0,0,0,True,False
cell-f50a27e4e009730a3b1d365bc86190773268d8cbefab93f3f17bddb0c2e2c25d,qrng_n18,calibration,upmem,e4e0e687ccdb15f5a8d7f61f78364c246f0606bf598100d2f64a830b0b263b53,calibration,8,8,8,0,0,0,True,False
cell-f50b142657d3734cfd4d8f0db8669eef42ec5f4174f4eb677bd1d7da8a92392a,xor_n18,calibration,upmem,3872eb5801c4ed1caf76d52c86eaeb5d01128bb9b7f41dc2a4a1b6e7b6582d5a,calibration,6,6,6,0,0,0,True,False
cell-f73602bdec8adfcf380ce957139b4a08216b191f0681b6f5d60cdeb2a670b2f0,ghz_n18,calibration,upmem,dbca946b82bc3f1285d8db3fafce59aec3b04e03185305d4cf823b0dcf401702,calibration,6,6,6,0,0,0,True,False
cell-f8e5f77ddbcd944e83b05fc3b89b0e4045b283344bd5d28ce37f3c24514b85ee,hs_n18,calibration,upmem,9ad7d5be40d378786e819ea767295ef2ca7b0340441bb7ac21ad6d0d43d6ae2b,calibration,6,6,6,0,0,0,True,False
cell-f8fa0889123480f3d77ad9f4ed845143563cae1553538f6bb760eb20d872b95f,edc_n17,calibration,upmem,6e3d096bf26fc5d85f31f1670950563229bc62e50027c58f94c155d639b8b8c1,calibration,6,6,6,0,0,0,True,False
cell-f93b465adf306054b2662503ecf9ddba060213ffbaf168f620a33f75a447985f,qrng_n18,calibration,upmem,8f264bbaceb3844a8c64d6553fc1e34155c39e3e1d2d50e7623a5167b050e5bf,calibration,6,6,6,0,0,0,True,False
cell-f9699673e401258dc5947c5d0a0e08656ec492478abe46337b3d63b1b776101a,bv_n18,calibration,upmem,14aec505d4de73636d673ab51471bc242f33036ec2efc3e15a4d99764794c575,calibration,6,6,6,0,0,0,True,False
cell-fa8b59872070d3d946562d96a6a7c2c1c3c445f2c6bfd30a5d84c6654be6ba0e,qrng_n18,calibration,upmem,ec610867a4d972311e7e8488e53d4dbebf8ba704570caee5761a91ae9bcd3e46,calibration,6,6,6,0,0,0,True,False
cell-faaef68fa7ed87038916e35764fdf4680cfad4f7b06409bce8e93024c09d3a67,hs_n18,calibration,upmem,29481df23b1b357717368d6284c913f33919ba722596e0c03fdf057ced715fa8,calibration,6,6,6,0,0,0,True,False
cell-fb76a5b4b69f1de9eba08f4c3797392480fc94ad5146ddb88fce67c60b09faf0,bv_n18,calibration,upmem,5a62bf542200bf710caf573838f36d0fd198d6636aa7b6c50f42d3572bc51473,calibration,6,6,6,0,0,0,True,False
cell-fbd6bded04649957a4d702cf8e87eb38cbe73f4dc4469fadee76effa61ec6d8e,xor_n18,calibration,upmem,46b9da7ab5f820bd2c2c60ccce1213119fc7130826ccef930cd7992522430b23,calibration,8,8,8,0,0,0,True,False
cell-fc591b7ecdc0f1dd2442944ade23d08fc0eba0ba2f65f3d75e1d00a5b4b4d53b,xor_n18,calibration,upmem,db693aa2ee993965334a0d8bcf3cf527acd8986bf65459f4cdeabab303dd52cd,calibration,6,6,6,0,0,0,True,False
cell-fd6bba306ed29882718b56479ae3b672dda900f422bfc4e198ad55c4bac3e8c2,bb84_n18,calibration,upmem,500337d491059f285a742b22fc3410f6a578fd63dc4d0f52030103cab63ec015,calibration,6,6,6,0,0,0,True,False
cell-fdf9208705cf04ecf24b7b5fea3e00812e25adb8e7d3034945aea042f1e9d69d,qrng_n18,calibration,upmem,f857597b48a921070e9eea4a11aa7a14f11f2a3c63985d5c1e578a22aa0ce52b,calibration,6,6,6,0,0,0,True,False
cell-fe2c8f4cc90d0173d6c75a099d05c534796791929e5b5f6dc12c0d6a6bc32225,edc_n17,calibration,upmem,dbca946b82bc3f1285d8db3fafce59aec3b04e03185305d4cf823b0dcf401702,calibration,6,6,6,0,0,0,True,False
cell-ff065cda487a892bcc33a4c9bd008858f0aebc8014f4f02cf8d50e8e4f621715,edc_n17,calibration,upmem,2b8e4a9cc20bd089c1aa3301ef04b0d6323d92429ecfb0225019eb4ebb909369,calibration,6,6,6,0,0,0,True,False
cell-e1f388e9d6f39b9804f08028498579504700b2bfe5ac622e0c5f7a5cd007ff00,bb84_n08,final,upmem,5a76deaf2578d66a1ed475a0625c79ecc46b434a603602a26254e6c5fdee642e,upmem_f32,6,6,6,0,0,0,True,False
cell-3ff47eb70d8b5dc0490d9be4d34d7430adabe96e63f796a2db96777df5b474b9,bb84_n08,final,upmem,9ad7d5be40d378786e819ea767295ef2ca7b0340441bb7ac21ad6d0d43d6ae2b,upmem_int8,6,6,6,0,0,0,True,False
cell-9d6e9c572e89dd53238e51bdc1aa2bd03f262c26cf2a2616889cc28ddb947a2d,bb84_n08,final,quest32,56ff687ac0c48381018b3929851bb66e222ae9b24d5b29364d4220e46d57ed1e,quest32_p8,6,6,6,0,0,0,True,False
cell-8bf4b354ab5f47708c8d0e0e8357689962ffe74e025124e2676d11ea30ca32dd,bb84_n08,final,quest32,7d33b2a3f4d49b11795b15408d0ac068013d402b8df7e5a5e84da39787e564a9,quest32_p1,6,6,6,0,0,0,True,False
cell-cd79403a887b068b1a44a43879b7fd16687cd960bd6f25d84c545c4eec1dec90,bb84_n08,final,numpy,0d6807b5a9bef19177153b930bb35c146b409cee45b7aa57633d8a312098e137,numpy_f32_p1,6,6,6,0,0,0,True,False
cell-dcc350d00b1b6c934c7d236c6752a7a3bca3cbb1317fd4fe46dce75e2d636055,bb84_n12,final,upmem,5a76deaf2578d66a1ed475a0625c79ecc46b434a603602a26254e6c5fdee642e,upmem_f32,6,6,6,0,0,0,True,False
cell-6bd11d846169f74b58610586ef7d0cbbfe21b2b4a546259f2b350ba5c4f7c19c,bb84_n12,final,upmem,9ad7d5be40d378786e819ea767295ef2ca7b0340441bb7ac21ad6d0d43d6ae2b,upmem_int8,6,6,6,0,0,0,True,False
cell-bf964bd911ccabf5e1cdc7e77f548eb05bb047d84d9f4fdff41d85fc456b58cb,bb84_n12,final,quest32,56ff687ac0c48381018b3929851bb66e222ae9b24d5b29364d4220e46d57ed1e,quest32_p8,6,6,6,0,0,0,True,False
cell-8256658a01bde8fc9d3f587fc694df00385edc5153d7f88572b1b0c5ec3081e0,bb84_n12,final,quest32,7d33b2a3f4d49b11795b15408d0ac068013d402b8df7e5a5e84da39787e564a9,quest32_p1,6,6,6,0,0,0,True,False
cell-5d484bfb686240d4730ef6346900c03a3338c97de8b0a5515cab50e20b2fe1c1,bb84_n12,final,numpy,0d6807b5a9bef19177153b930bb35c146b409cee45b7aa57633d8a312098e137,numpy_f32_p1,6,6,6,0,0,0,True,False
cell-3b5225deb7d1ed474aa5d8e761eec17116940a5515fb55ce4a6af05af6b55215,bb84_n16,final,upmem,5a76deaf2578d66a1ed475a0625c79ecc46b434a603602a26254e6c5fdee642e,upmem_f32,6,6,6,0,0,0,True,False
cell-22597eacf6de692324e80ffee9e188459948a46391f199858399ba6c8742375c,bb84_n16,final,upmem,9ad7d5be40d378786e819ea767295ef2ca7b0340441bb7ac21ad6d0d43d6ae2b,upmem_int8,6,6,6,0,0,0,True,False
cell-0f1eda93f3a5a1e21fd863294a2da306046ac68aa4fe6739d8e1ecbbd4c82aaf,bb84_n16,final,quest32,56ff687ac0c48381018b3929851bb66e222ae9b24d5b29364d4220e46d57ed1e,quest32_p8,6,6,6,0,0,0,True,False
cell-acc12d2f8893d759666cbbe54569e451367a96ec82d9fdf0fc6d578ca55411a2,bb84_n16,final,quest32,7d33b2a3f4d49b11795b15408d0ac068013d402b8df7e5a5e84da39787e564a9,quest32_p1,6,6,6,0,0,0,True,False
cell-93a3c6d5a67a61c0fe746a3d26cc9f9123fdad86b2665b506b200d8278fd0d63,bb84_n16,final,numpy,0d6807b5a9bef19177153b930bb35c146b409cee45b7aa57633d8a312098e137,numpy_f32_p1,6,6,6,0,0,0,True,False
cell-740e1632a5cf9dd5baf58b2bbd45480407dc570e970d619f630d9c58881338e2,bb84_n18,final,upmem,5a76deaf2578d66a1ed475a0625c79ecc46b434a603602a26254e6c5fdee642e,upmem_f32,6,6,6,0,0,0,True,False
cell-2596c2f4f7130b67ee9a1ff0cba2787b785b5430097756bf1fc82c5f991aa4a0,bb84_n18,final,upmem,9ad7d5be40d378786e819ea767295ef2ca7b0340441bb7ac21ad6d0d43d6ae2b,upmem_int8,6,6,6,0,0,0,True,False
cell-13be369a9374342014f4b4815dc778b554982b97109e21fbcd34d0807086d1bb,bb84_n18,final,quest32,56ff687ac0c48381018b3929851bb66e222ae9b24d5b29364d4220e46d57ed1e,quest32_p8,6,6,6,0,0,0,True,False
cell-9d38b2b56913bdec783852b70057d3444bf19fc270e620131610a67eca766f5e,bb84_n18,final,quest32,7d33b2a3f4d49b11795b15408d0ac068013d402b8df7e5a5e84da39787e564a9,quest32_p1,6,6,6,0,0,0,True,False
cell-e19c52468df5d9efb05f527e69089a7c6b19f710dee8754bee7fe6cea0e4966b,bb84_n18,final,numpy,0d6807b5a9bef19177153b930bb35c146b409cee45b7aa57633d8a312098e137,numpy_f32_p1,6,6,6,0,0,0,True,False
cell-0ebd443175cfba0d1e2ec559bbed4d65b09e902a93c097e7fec403a0a71bd6d8,bb84_n20,final,upmem,5a76deaf2578d66a1ed475a0625c79ecc46b434a603602a26254e6c5fdee642e,upmem_f32,6,6,6,0,0,0,True,False
cell-af8c7f38db004c3ef6b7a5907fa651162d54c8deb3f6f3bcc365338bc566b179,bb84_n20,final,upmem,9ad7d5be40d378786e819ea767295ef2ca7b0340441bb7ac21ad6d0d43d6ae2b,upmem_int8,6,6,6,0,0,0,True,False
cell-361be3b764cf1a0f8e64c46a4a4079c395707e1eba2ac61fe65fb7b80efde11f,bb84_n20,final,quest32,56ff687ac0c48381018b3929851bb66e222ae9b24d5b29364d4220e46d57ed1e,quest32_p8,6,6,6,0,0,0,True,False
cell-2178028295158672bd3f1c143490f0dfc3692143024ed607da04111760a0b1a9,bb84_n20,final,quest32,7d33b2a3f4d49b11795b15408d0ac068013d402b8df7e5a5e84da39787e564a9,quest32_p1,6,6,6,0,0,0,True,False
cell-d42c88f944c088074c84e6a599416851d7fea62c4f2277f5a42b5af02d1348f5,bb84_n20,final,numpy,0d6807b5a9bef19177153b930bb35c146b409cee45b7aa57633d8a312098e137,numpy_f32_p1,6,6,6,0,0,0,True,False
cell-156052214c38049be886ee56d05a5be560862ea0730176731b0c094fc339c1dd,bb84_n22,final,upmem,5a76deaf2578d66a1ed475a0625c79ecc46b434a603602a26254e6c5fdee642e,upmem_f32,6,6,6,0,0,0,True,False
cell-40e1a0476f8d9a0b7dbcb089de2a23878d108adc826e282986f4f0522e8ac59f,bb84_n22,final,upmem,9ad7d5be40d378786e819ea767295ef2ca7b0340441bb7ac21ad6d0d43d6ae2b,upmem_int8,6,6,6,0,0,0,True,False
cell-aa788637ade7983c347a2354c58130d8ad7204e172fcf8aa0628d7cb81d81f9e,bb84_n22,final,quest32,56ff687ac0c48381018b3929851bb66e222ae9b24d5b29364d4220e46d57ed1e,quest32_p8,6,6,6,0,0,0,True,False
cell-65fdb337fe4f23bf39faa92cb1c23689727cea94e4f9797a5ef487ac07fe4aa3,bb84_n22,final,quest32,7d33b2a3f4d49b11795b15408d0ac068013d402b8df7e5a5e84da39787e564a9,quest32_p1,6,6,6,0,0,0,True,False
cell-e8deeb707b4e6333ec71e8372f8a354dace331ebfc54d72996a83fae10602a8f,bb84_n22,final,numpy,0d6807b5a9bef19177153b930bb35c146b409cee45b7aa57633d8a312098e137,numpy_f32_p1,6,6,6,0,0,0,True,False
cell-93d1e6493db6a14fe9986a848af96b1eb2a2a82f1b71a7dee89dbdcd205d2ce9,bb84_n24,final,upmem,5a76deaf2578d66a1ed475a0625c79ecc46b434a603602a26254e6c5fdee642e,upmem_f32,6,6,6,0,0,0,True,False
cell-8f19f1b8582179a756a476968dc14afb11d37b93180d4005a7714e978d2211d5,bb84_n24,final,upmem,9ad7d5be40d378786e819ea767295ef2ca7b0340441bb7ac21ad6d0d43d6ae2b,upmem_int8,6,6,6,0,0,0,True,False
cell-0f80cc287be658b42d149f102df4462fbf9a5324f6070259862c154ed85f1008,bb84_n24,final,quest32,56ff687ac0c48381018b3929851bb66e222ae9b24d5b29364d4220e46d57ed1e,quest32_p8,6,6,6,0,0,0,True,False
cell-98fc14ec30eed9483e43fe4eb89efa94bec6fa907604c26b0feefd2c53fc2c75,bb84_n24,final,quest32,7d33b2a3f4d49b11795b15408d0ac068013d402b8df7e5a5e84da39787e564a9,quest32_p1,6,6,6,0,0,0,True,False
cell-a7148b350289cf7e8be16d70af3a4c8fa4c90d042690ea41de6d551c7b679cfb,bb84_n24,final,numpy,0d6807b5a9bef19177153b930bb35c146b409cee45b7aa57633d8a312098e137,numpy_f32_p1,6,6,6,0,0,0,True,False
cell-641a96293e25c6202391eba02073996653bbdaa5fc12eeaef766c3fa456a8c4b,bb84_n26,final,upmem,5a76deaf2578d66a1ed475a0625c79ecc46b434a603602a26254e6c5fdee642e,upmem_f32,6,0,0,6,0,0,False,False
cell-fc5a3f772a6e91deb3e320f790e90ec51769193a1ee678eefbb50eb08caad3b7,bb84_n26,final,upmem,9ad7d5be40d378786e819ea767295ef2ca7b0340441bb7ac21ad6d0d43d6ae2b,upmem_int8,6,0,0,6,0,0,False,False
cell-3a20ac963d52200f2b6c60fff72bf74ebd34f9f27ad887e696b43e862786e1d7,bb84_n26,final,quest32,56ff687ac0c48381018b3929851bb66e222ae9b24d5b29364d4220e46d57ed1e,quest32_p8,6,6,6,0,0,0,True,False
cell-552114497ba532db59213ae3c758f716a348fe9502bacde44abc867eb9a721b4,bb84_n26,final,quest32,7d33b2a3f4d49b11795b15408d0ac068013d402b8df7e5a5e84da39787e564a9,quest32_p1,6,6,6,0,0,0,True,False
cell-b2816da3e4fb82e236a05a504bcb531f7027aa62bc67fe2a4261d73e5ecaa28d,bb84_n26,final,numpy,0d6807b5a9bef19177153b930bb35c146b409cee45b7aa57633d8a312098e137,numpy_f32_p1,6,0,0,6,0,0,False,False
cell-1d194971f606481660ea7b434b76b2da35e198932a419d51816414343cae911e,bv_n08,final,upmem,8880c53b3a27d74ecc95016a53311eb9d495eecb2968a9189fc6e0d7019acba0,upmem_f32,6,6,6,0,0,0,True,False
cell-4a4b4af67d15e23f924d70da45752e680b60f0728c08d32a7f1f1d036ebe67ad,bv_n08,final,upmem,9ad7d5be40d378786e819ea767295ef2ca7b0340441bb7ac21ad6d0d43d6ae2b,upmem_int8,6,6,6,0,0,0,True,False
cell-dee5e3c5aeda3cc92f23a27c92b3da0a29478c5138486fc127a52353e548f00f,bv_n08,final,quest32,56ff687ac0c48381018b3929851bb66e222ae9b24d5b29364d4220e46d57ed1e,quest32_p8,6,6,6,0,0,0,True,False
cell-158ffb2334b3b1c79c6fd4f980ab18468138c4216586e244d13f569a51a3b6bf,bv_n08,final,quest32,7d33b2a3f4d49b11795b15408d0ac068013d402b8df7e5a5e84da39787e564a9,quest32_p1,6,6,6,0,0,0,True,False
cell-13a780cf12876a80987fc5858d06ff9f8d12fbbb2cd399add7900f357730cdf1,bv_n08,final,numpy,0d6807b5a9bef19177153b930bb35c146b409cee45b7aa57633d8a312098e137,numpy_f32_p1,6,6,6,0,0,0,True,False
cell-471b7b41945f165cd52a7d57dbf3fe7c36ef3a121b4569a3087f021ea315242c,bv_n12,final,upmem,8880c53b3a27d74ecc95016a53311eb9d495eecb2968a9189fc6e0d7019acba0,upmem_f32,6,6,6,0,0,0,True,False
cell-ee30201ff5f1c0a510b9a460d3ceca70136b149a1bd7ea62baf8db58dfec04b0,bv_n12,final,upmem,9ad7d5be40d378786e819ea767295ef2ca7b0340441bb7ac21ad6d0d43d6ae2b,upmem_int8,6,6,6,0,0,0,True,False
cell-f36bd3c07732012475a780806b62378dd5dacf1a8d8a4aae47a4ce2d6fcbb59f,bv_n12,final,quest32,56ff687ac0c48381018b3929851bb66e222ae9b24d5b29364d4220e46d57ed1e,quest32_p8,6,6,6,0,0,0,True,False
cell-459751a6893f82d32482207ee9909fc36cf60963aab2d9070a7b2b7326400f2b,bv_n12,final,quest32,7d33b2a3f4d49b11795b15408d0ac068013d402b8df7e5a5e84da39787e564a9,quest32_p1,6,6,6,0,0,0,True,False
cell-a83b63fd40a9958cf74213c47ddab7a620516ba289d5da68d4418af3f812704f,bv_n12,final,numpy,0d6807b5a9bef19177153b930bb35c146b409cee45b7aa57633d8a312098e137,numpy_f32_p1,6,6,6,0,0,0,True,False
cell-82a7fe1a2797280bfdf7a6ae7a394aea97f92ee6f1dbf1f79b56d40869250f07,bv_n16,final,upmem,8880c53b3a27d74ecc95016a53311eb9d495eecb2968a9189fc6e0d7019acba0,upmem_f32,6,6,6,0,0,0,True,False
cell-733fc59b57062bcc3082d82ed1d7a686a59157277eaa19e45fd6a503b7989985,bv_n16,final,upmem,9ad7d5be40d378786e819ea767295ef2ca7b0340441bb7ac21ad6d0d43d6ae2b,upmem_int8,6,6,6,0,0,0,True,False
cell-5c1c021e16e409a4d05c79709c10fe3a771474a9cfc607c4ecc8437ee782163b,bv_n16,final,quest32,56ff687ac0c48381018b3929851bb66e222ae9b24d5b29364d4220e46d57ed1e,quest32_p8,6,6,6,0,0,0,True,False
cell-87320447d523094c336435dc65d55fbc0ecc8aeaac8360f28382473228a0a8ba,bv_n16,final,quest32,7d33b2a3f4d49b11795b15408d0ac068013d402b8df7e5a5e84da39787e564a9,quest32_p1,6,6,6,0,0,0,True,False
cell-485c4f5b7299bc3b9e8c2f085a22a086d0318005b2d3efe7548feb18c71d283c,bv_n16,final,numpy,0d6807b5a9bef19177153b930bb35c146b409cee45b7aa57633d8a312098e137,numpy_f32_p1,6,6,6,0,0,0,True,False
cell-ae7c3f6cc84e6d24e16e922928ed1258c82bdd84bf31fbd8be2559469d03b881,bv_n18,final,upmem,8880c53b3a27d74ecc95016a53311eb9d495eecb2968a9189fc6e0d7019acba0,upmem_f32,6,6,6,0,0,0,True,False
cell-c6cf879f4a46d38c205089c5afd6f6c9d0b3f1134a38bea4f37787c2e0a2094a,bv_n18,final,upmem,9ad7d5be40d378786e819ea767295ef2ca7b0340441bb7ac21ad6d0d43d6ae2b,upmem_int8,6,6,6,0,0,0,True,False
cell-927cb165814cdb7d4a42290e9723f7cecc47dce82ede60476d4408d1b6fab89d,bv_n18,final,quest32,56ff687ac0c48381018b3929851bb66e222ae9b24d5b29364d4220e46d57ed1e,quest32_p8,6,6,6,0,0,0,True,False
cell-4615b8726bc78eeb0e33a08ee3be51fb0aa180b2d3a988a84c72e87ee3a89611,bv_n18,final,quest32,7d33b2a3f4d49b11795b15408d0ac068013d402b8df7e5a5e84da39787e564a9,quest32_p1,6,6,6,0,0,0,True,False
cell-223d68374aff245c0317b3ad74936935e06dba916c05093be0b583f180c0b456,bv_n18,final,numpy,0d6807b5a9bef19177153b930bb35c146b409cee45b7aa57633d8a312098e137,numpy_f32_p1,6,6,6,0,0,0,True,False
cell-c289c2f1a68955d4af50c7e2f6e7084bbdebe4d68f67b1ad43a35583fc9d14c8,bv_n20,final,upmem,8880c53b3a27d74ecc95016a53311eb9d495eecb2968a9189fc6e0d7019acba0,upmem_f32,6,6,6,0,0,0,True,False
cell-a4934c3ef77c42861d1770c7b153b9cc9feac6630898c41e861d12f7df17e875,bv_n20,final,upmem,9ad7d5be40d378786e819ea767295ef2ca7b0340441bb7ac21ad6d0d43d6ae2b,upmem_int8,6,6,6,0,0,0,True,False
cell-e24914c7572499b7aaa30031a770b53d782dc4bc694746edec09c41e31bd1e76,bv_n20,final,quest32,56ff687ac0c48381018b3929851bb66e222ae9b24d5b29364d4220e46d57ed1e,quest32_p8,6,6,6,0,0,0,True,False
cell-3b03e4ccc96c128f6e92df713a289fdd37c6750df0469390e115d77da8f3264e,bv_n20,final,quest32,7d33b2a3f4d49b11795b15408d0ac068013d402b8df7e5a5e84da39787e564a9,quest32_p1,6,6,6,0,0,0,True,False
cell-f3bbc753d334c389c64eecd68ade721e29cfcca6374a9fa833db608d35c95ed2,bv_n20,final,numpy,0d6807b5a9bef19177153b930bb35c146b409cee45b7aa57633d8a312098e137,numpy_f32_p1,6,6,6,0,0,0,True,False
cell-67188be7d754ee4ce38103f16d7082a36cbbe6442d83b94847ce2c2fe325f976,bv_n22,final,upmem,8880c53b3a27d74ecc95016a53311eb9d495eecb2968a9189fc6e0d7019acba0,upmem_f32,6,6,6,0,0,0,True,False
cell-3a683ea5413077ba2b7cafebdc31decdb0a1fe5b10195dd1a1f10575f1809c10,bv_n22,final,upmem,9ad7d5be40d378786e819ea767295ef2ca7b0340441bb7ac21ad6d0d43d6ae2b,upmem_int8,6,6,6,0,0,0,True,False
cell-0bdafd32264b349b415ca595192dbabd5e93632c5ed2f0d14015731b579e1c90,bv_n22,final,quest32,56ff687ac0c48381018b3929851bb66e222ae9b24d5b29364d4220e46d57ed1e,quest32_p8,6,6,6,0,0,0,True,False
cell-450db223f487f1c32ae26affce49393333d79a678215ac3658e7463b7a583192,bv_n22,final,quest32,7d33b2a3f4d49b11795b15408d0ac068013d402b8df7e5a5e84da39787e564a9,quest32_p1,6,6,6,0,0,0,True,False
cell-28586394a8c09684465dd641d1dd78a3bc962d2bbf82cd3f2318870da4d35f8d,bv_n22,final,numpy,0d6807b5a9bef19177153b930bb35c146b409cee45b7aa57633d8a312098e137,numpy_f32_p1,6,6,6,0,0,0,True,False
cell-3ffc0758867a00ecc2c99f85309b471c9b8dd3fcf7ff5218ced7568f72953ac8,bv_n24,final,upmem,8880c53b3a27d74ecc95016a53311eb9d495eecb2968a9189fc6e0d7019acba0,upmem_f32,6,6,6,0,0,0,True,False
cell-5043892844c799e67df9d5d5bbc5a9a98d3ebb6676bb4288eb9c51ad7bc7150b,bv_n24,final,upmem,9ad7d5be40d378786e819ea767295ef2ca7b0340441bb7ac21ad6d0d43d6ae2b,upmem_int8,6,6,6,0,0,0,True,False
cell-1bd3ab0dabf9882946b12c83991035d47d29b3fb317c2b048d200065dec16ffe,bv_n24,final,quest32,56ff687ac0c48381018b3929851bb66e222ae9b24d5b29364d4220e46d57ed1e,quest32_p8,6,6,6,0,0,0,True,False
cell-caef1c7e8a4ef7ee9bf491df88ff00debf972962f943c1370954f009706c8120,bv_n24,final,quest32,7d33b2a3f4d49b11795b15408d0ac068013d402b8df7e5a5e84da39787e564a9,quest32_p1,6,6,6,0,0,0,True,False
cell-9396c95838636c9ae24f2fc9f6d7f51b4ab9708096c26f74b01312bc0f37e166,bv_n24,final,numpy,0d6807b5a9bef19177153b930bb35c146b409cee45b7aa57633d8a312098e137,numpy_f32_p1,6,6,6,0,0,0,True,False
cell-77d9403c4ddb63be5684f4633cdb0902188b9816d43aaa54872cb8c0f71a4683,bv_n26,final,upmem,8880c53b3a27d74ecc95016a53311eb9d495eecb2968a9189fc6e0d7019acba0,upmem_f32,6,0,0,6,0,0,False,False
cell-4db1f346adfec32f7ff2109d689115ef434700c38bf2bf951dc3273c580ca475,bv_n26,final,upmem,9ad7d5be40d378786e819ea767295ef2ca7b0340441bb7ac21ad6d0d43d6ae2b,upmem_int8,6,0,0,6,0,0,False,False
cell-bdd7a6cb9ea2057e864471d047bf9a782105b85547783f17641385ab15b417e0,bv_n26,final,quest32,56ff687ac0c48381018b3929851bb66e222ae9b24d5b29364d4220e46d57ed1e,quest32_p8,6,6,6,0,0,0,True,False
cell-bb63e981cd75972d1caad981bc0717e903469e3ae5896490ecc618089e683dd6,bv_n26,final,quest32,7d33b2a3f4d49b11795b15408d0ac068013d402b8df7e5a5e84da39787e564a9,quest32_p1,6,6,6,0,0,0,True,False
cell-6de1e34fda9e9c4f5ac1e6eb68668130507670a1d48c1ef078815869b574af2f,bv_n26,final,numpy,0d6807b5a9bef19177153b930bb35c146b409cee45b7aa57633d8a312098e137,numpy_f32_p1,6,0,0,6,0,0,False,False
cell-71f27a949ed8aec6e43dfa102ba36b172db1a41ed62bcc9a0907d285511b3677,edc_n07,final,upmem,29481df23b1b357717368d6284c913f33919ba722596e0c03fdf057ced715fa8,upmem_f32,6,6,6,0,0,0,True,False
cell-cf85620526e97337d92e2f88fe36705e38e52e89b6a3c2d24717eeb46e3cb3a3,edc_n07,final,upmem,14aec505d4de73636d673ab51471bc242f33036ec2efc3e15a4d99764794c575,upmem_int8,6,6,6,0,0,0,True,False
cell-6bf9d8045f26ddb4eb539d82716dcd7b25d3afa24643c30376946c25774d706b,edc_n07,final,quest32,56ff687ac0c48381018b3929851bb66e222ae9b24d5b29364d4220e46d57ed1e,quest32_p8,6,6,6,0,0,0,True,False
cell-dbc5791a95c6cc8a5fcc8630a2c0660d45f93b60f68c7f5152a445dd0a93352b,edc_n07,final,quest32,7d33b2a3f4d49b11795b15408d0ac068013d402b8df7e5a5e84da39787e564a9,quest32_p1,6,6,6,0,0,0,True,False
cell-a8efd50216d37dd689c8ecffba04c24fb17ce3ed13140b8e02eaa20e9130cc4e,edc_n07,final,numpy,0d6807b5a9bef19177153b930bb35c146b409cee45b7aa57633d8a312098e137,numpy_f32_p1,6,6,6,0,0,0,True,False
cell-e21027b9ddaef490618f7d22894fb4f42d3e6cd0432e5806411774b550e6cfd8,edc_n11,final,upmem,29481df23b1b357717368d6284c913f33919ba722596e0c03fdf057ced715fa8,upmem_f32,6,6,6,0,0,0,True,False
cell-f0c0c451d209aa08ea7411e2bc49890996744d7083e586985b8e0f329ba81976,edc_n11,final,upmem,14aec505d4de73636d673ab51471bc242f33036ec2efc3e15a4d99764794c575,upmem_int8,6,6,6,0,0,0,True,False
cell-9e798c48328cbe33f469dedfacbd174c9b607ef2b6df61c46a18a99f4624b652,edc_n11,final,quest32,56ff687ac0c48381018b3929851bb66e222ae9b24d5b29364d4220e46d57ed1e,quest32_p8,6,6,6,0,0,0,True,False
cell-34bf7f652ffdcf3592c08fd757b869906a512bc2f3e6beca6d17991bf8c76992,edc_n11,final,quest32,7d33b2a3f4d49b11795b15408d0ac068013d402b8df7e5a5e84da39787e564a9,quest32_p1,6,6,6,0,0,0,True,False
cell-46af283049df7b3e4eeaa9c9f354de4b7bd806137796b8a75f4317de95b78801,edc_n11,final,numpy,0d6807b5a9bef19177153b930bb35c146b409cee45b7aa57633d8a312098e137,numpy_f32_p1,6,6,6,0,0,0,True,False
cell-46edd87dc19302dbfa029f34236f170a0dfcba3c9842846a506a536b5ec2f080,edc_n15,final,upmem,29481df23b1b357717368d6284c913f33919ba722596e0c03fdf057ced715fa8,upmem_f32,6,6,6,0,0,0,True,False
cell-02202cda32c6eb5ba3e75a0ab4371eef8c35641226a85795d14561901b0716d6,edc_n15,final,upmem,14aec505d4de73636d673ab51471bc242f33036ec2efc3e15a4d99764794c575,upmem_int8,6,6,6,0,0,0,True,False
cell-1581b02889dd833e90b3bf0fcd9c7ed6ceb0203b34e44e71e9b1d71009e45c65,edc_n15,final,quest32,56ff687ac0c48381018b3929851bb66e222ae9b24d5b29364d4220e46d57ed1e,quest32_p8,6,6,6,0,0,0,True,False
cell-18d1270119887566ddbf58227af35c14144ce0e05f9946046c90059469c57dd3,edc_n15,final,quest32,7d33b2a3f4d49b11795b15408d0ac068013d402b8df7e5a5e84da39787e564a9,quest32_p1,6,6,6,0,0,0,True,False
cell-b2d0bdf94c36a9fe6fbe32c61d0e90c61a623089968f4bf390698a416bdf7b24,edc_n15,final,numpy,0d6807b5a9bef19177153b930bb35c146b409cee45b7aa57633d8a312098e137,numpy_f32_p1,6,6,6,0,0,0,True,False
cell-3cc4db95267d28070522869e6640ef2ff38dabf46c66c45b555c5040f70b30c7,edc_n17,final,upmem,29481df23b1b357717368d6284c913f33919ba722596e0c03fdf057ced715fa8,upmem_f32,6,6,6,0,0,0,True,False
cell-43a8f9a16be776f953f203d99e2f168317f26f1bd81ccebe23c1da4fe8374278,edc_n17,final,upmem,14aec505d4de73636d673ab51471bc242f33036ec2efc3e15a4d99764794c575,upmem_int8,6,6,6,0,0,0,True,False
cell-5e8b7400caebe9d793fde05a4a2d663513499073b5f7558abd5f230c4c73c74d,edc_n17,final,quest32,56ff687ac0c48381018b3929851bb66e222ae9b24d5b29364d4220e46d57ed1e,quest32_p8,6,6,6,0,0,0,True,False
cell-abcc7e99946e6420f37f9a6e1442075db20b175101248a5b4e939f7b80673052,edc_n17,final,quest32,7d33b2a3f4d49b11795b15408d0ac068013d402b8df7e5a5e84da39787e564a9,quest32_p1,6,6,6,0,0,0,True,False
cell-c34f92a8391f310e950ee8dffaf68e95f949a71148eadfdcc778bfb6a9882f35,edc_n17,final,numpy,0d6807b5a9bef19177153b930bb35c146b409cee45b7aa57633d8a312098e137,numpy_f32_p1,6,6,6,0,0,0,True,False
cell-890f70f27fea01f020b748f7e6bcdd5503f65326fde1b4db05a20f08b6bb85cf,edc_n19,final,upmem,29481df23b1b357717368d6284c913f33919ba722596e0c03fdf057ced715fa8,upmem_f32,6,6,6,0,0,0,True,False
cell-6f584ee55666084342fa884bd6c071627ce624716dfc87ed9ee22cb8d9be0588,edc_n19,final,upmem,14aec505d4de73636d673ab51471bc242f33036ec2efc3e15a4d99764794c575,upmem_int8,6,6,6,0,0,0,True,False
cell-526dc246268e1e10a47e881e97d0981c81c4872472d300c253453e4d9695bea3,edc_n19,final,quest32,56ff687ac0c48381018b3929851bb66e222ae9b24d5b29364d4220e46d57ed1e,quest32_p8,6,6,6,0,0,0,True,False
cell-ab9d22ce4f0ef96a0a8b4fde1d3762ebe72c9f304c482c7a73c2124aeb40664d,edc_n19,final,quest32,7d33b2a3f4d49b11795b15408d0ac068013d402b8df7e5a5e84da39787e564a9,quest32_p1,6,6,6,0,0,0,True,False
cell-c5331f71a51208c355624845577cff21b1aa334da389114e3058f9a66bc6bb77,edc_n19,final,numpy,0d6807b5a9bef19177153b930bb35c146b409cee45b7aa57633d8a312098e137,numpy_f32_p1,6,6,6,0,0,0,True,False
cell-7ca76579342c6e8223ac3780b36494e0d96ecd3fd02edafd30a5e7bf11b4aa29,edc_n21,final,upmem,29481df23b1b357717368d6284c913f33919ba722596e0c03fdf057ced715fa8,upmem_f32,6,6,6,0,0,0,True,False
cell-556291fb641ea6f464a0d07e6f835c318b2a8078a511a3b3a847bfc1dd0d4b21,edc_n21,final,upmem,14aec505d4de73636d673ab51471bc242f33036ec2efc3e15a4d99764794c575,upmem_int8,6,6,6,0,0,0,True,False
cell-7f503ea477f48bb24d9129a50a765db499ad6768cd88da27c9ce5eba98d8b777,edc_n21,final,quest32,56ff687ac0c48381018b3929851bb66e222ae9b24d5b29364d4220e46d57ed1e,quest32_p8,6,6,6,0,0,0,True,False
cell-67ade521c309f20478e9f094c30f41f6b8ee733eae3bf70d832a2cc6efb791e8,edc_n21,final,quest32,7d33b2a3f4d49b11795b15408d0ac068013d402b8df7e5a5e84da39787e564a9,quest32_p1,6,6,6,0,0,0,True,False
cell-8f6594d04e755e21f39a46d16f4385338540b37b173bee444ed5541cdf7992dc,edc_n21,final,numpy,0d6807b5a9bef19177153b930bb35c146b409cee45b7aa57633d8a312098e137,numpy_f32_p1,6,6,6,0,0,0,True,False
cell-4788698964fc03e2269e167ebf2f230a2a447a9fd6618fb37333a105017fd89f,edc_n23,final,upmem,29481df23b1b357717368d6284c913f33919ba722596e0c03fdf057ced715fa8,upmem_f32,6,6,6,0,0,0,True,False
cell-8210644508f3ea72bef5dfad65a5f6ac019fca3eaf498ac4962fc3e993f1dd62,edc_n23,final,upmem,14aec505d4de73636d673ab51471bc242f33036ec2efc3e15a4d99764794c575,upmem_int8,6,6,6,0,0,0,True,False
cell-c8bf555de0dff3b4653a940d8b5098c045f677a60123ce9d9400675542648482,edc_n23,final,quest32,56ff687ac0c48381018b3929851bb66e222ae9b24d5b29364d4220e46d57ed1e,quest32_p8,6,6,6,0,0,0,True,False
cell-0d9800f3ffee1ddd2aaa0034954f6ac4c0b6986726965bf2a61c291edf3a8d22,edc_n23,final,quest32,7d33b2a3f4d49b11795b15408d0ac068013d402b8df7e5a5e84da39787e564a9,quest32_p1,6,6,6,0,0,0,True,False
cell-a883e82d8aebb104e670c024d27f746c0ef3647b2fd1c2f6b3746f530f2b0feb,edc_n23,final,numpy,0d6807b5a9bef19177153b930bb35c146b409cee45b7aa57633d8a312098e137,numpy_f32_p1,6,6,6,0,0,0,True,False
cell-e27d0a6fe72d62bc26a9e83070f0947cfefa176bf7b2387b0fc0b5c5003825ea,edc_n25,final,upmem,29481df23b1b357717368d6284c913f33919ba722596e0c03fdf057ced715fa8,upmem_f32,6,0,0,6,0,0,False,False
cell-677ea30894e07833084c349df633972c339a72c0f6ddd2b4ed2b73b6dfef6f03,edc_n25,final,upmem,14aec505d4de73636d673ab51471bc242f33036ec2efc3e15a4d99764794c575,upmem_int8,6,0,0,6,0,0,False,False
cell-4077ad1e65b0ed3b2f89f64d534f42a70ed0addc6c1da322f5aa981aa17d6e9c,edc_n25,final,quest32,56ff687ac0c48381018b3929851bb66e222ae9b24d5b29364d4220e46d57ed1e,quest32_p8,6,6,6,0,0,0,True,False
cell-e97c321d3075c95455e75bd03626481c5276cdac45e770981e09b2b498204c03,edc_n25,final,quest32,7d33b2a3f4d49b11795b15408d0ac068013d402b8df7e5a5e84da39787e564a9,quest32_p1,6,6,6,0,0,0,True,False
cell-5e74b0daa0d86ad1398a562724c68634af073f8ab985763771f0aa11f910772c,edc_n25,final,numpy,0d6807b5a9bef19177153b930bb35c146b409cee45b7aa57633d8a312098e137,numpy_f32_p1,6,0,0,6,0,0,False,False
cell-ffe9c5a01d37d446e464edec6c04b86b2873aa5a4b8a36af979bebb465b54dea,hs_n08,final,upmem,5a76deaf2578d66a1ed475a0625c79ecc46b434a603602a26254e6c5fdee642e,upmem_f32,6,6,6,0,0,0,True,False
cell-ce9d7a6bc80b4001bb9044a2353141ef5c0f27f29510136d0c700b43c7479e8e,hs_n08,final,upmem,2fa411127cd5d818380604c2b191da4707d8a8f733bc834e8991b59f3dd5e897,upmem_int8,6,6,6,0,0,0,True,False
cell-5862241a977a0ec8734575c0b0109292037f0f92364efa0cbbf0d9f3fa062842,hs_n08,final,quest32,56ff687ac0c48381018b3929851bb66e222ae9b24d5b29364d4220e46d57ed1e,quest32_p8,6,6,6,0,0,0,True,False
cell-d699ccf996c184cc4fdca4e5f2dadcfdb72a6a8b30716f958e3ef99c2099a6d6,hs_n08,final,quest32,7d33b2a3f4d49b11795b15408d0ac068013d402b8df7e5a5e84da39787e564a9,quest32_p1,6,6,6,0,0,0,True,False
cell-15760e8389a7865668a55da3411bc1434607fab0e9a4b68b61681938d88c7748,hs_n08,final,numpy,0d6807b5a9bef19177153b930bb35c146b409cee45b7aa57633d8a312098e137,numpy_f32_p1,6,6,6,0,0,0,True,False
cell-68003570191a334d21e30921ed5cb7df184361dde185e929653e5d8139482cb0,hs_n12,final,upmem,5a76deaf2578d66a1ed475a0625c79ecc46b434a603602a26254e6c5fdee642e,upmem_f32,6,6,6,0,0,0,True,False
cell-1a2ef5142affa6cfabf138baf0e468649d9510e07ca59db7d7c45dc1fdf5d4fe,hs_n12,final,upmem,2fa411127cd5d818380604c2b191da4707d8a8f733bc834e8991b59f3dd5e897,upmem_int8,6,6,6,0,0,0,True,False
cell-93cd44a4a13a53e3b593b685bb2dccaf756d46d72ba1e91652f960529418db14,hs_n12,final,quest32,56ff687ac0c48381018b3929851bb66e222ae9b24d5b29364d4220e46d57ed1e,quest32_p8,6,6,6,0,0,0,True,False
cell-f2cb5699dc0b8585433cc55fb4dc3acdb8e8b2852fd0592bd4664eb3ca5bac70,hs_n12,final,quest32,7d33b2a3f4d49b11795b15408d0ac068013d402b8df7e5a5e84da39787e564a9,quest32_p1,6,6,6,0,0,0,True,False
cell-ee40da9dfe709151e824f1c6d2dd6218d4a25314e0c45aadffd2f5858f0a8b86,hs_n12,final,numpy,0d6807b5a9bef19177153b930bb35c146b409cee45b7aa57633d8a312098e137,numpy_f32_p1,6,6,6,0,0,0,True,False
cell-8ac12517fc39944e6e18b8b40e1af3fd77609b6b069b267fa4661fce41caf2e4,hs_n16,final,upmem,5a76deaf2578d66a1ed475a0625c79ecc46b434a603602a26254e6c5fdee642e,upmem_f32,6,6,6,0,0,0,True,False
cell-a2e9c94dd08009ab8ad067b8078f0c5e6a67db0bdb0091593c59973bc34b7a95,hs_n16,final,upmem,2fa411127cd5d818380604c2b191da4707d8a8f733bc834e8991b59f3dd5e897,upmem_int8,6,6,6,0,0,0,True,False
cell-732b07619be6fd35eec1ef4da9d2bec11e5b6c97049e0d465487ec166fc11229,hs_n16,final,quest32,56ff687ac0c48381018b3929851bb66e222ae9b24d5b29364d4220e46d57ed1e,quest32_p8,6,6,6,0,0,0,True,False
cell-92d7bb9716b20c30f25515fc0b3e7a615a12cf4e156bce75b3b63b33549da5d1,hs_n16,final,quest32,7d33b2a3f4d49b11795b15408d0ac068013d402b8df7e5a5e84da39787e564a9,quest32_p1,6,6,6,0,0,0,True,False
cell-65c6e2adcd88a2c59c9e21e839cfaca3e48a7877f7ed197580824f92ad5a3bc6,hs_n16,final,numpy,0d6807b5a9bef19177153b930bb35c146b409cee45b7aa57633d8a312098e137,numpy_f32_p1,6,6,6,0,0,0,True,False
cell-3b80297f3ef956c08f21545da83d9287c29743230be42e7e762ea958c6b31040,hs_n18,final,upmem,5a76deaf2578d66a1ed475a0625c79ecc46b434a603602a26254e6c5fdee642e,upmem_f32,6,6,6,0,0,0,True,False
cell-0c68806c35d75c8d8b2038be09751290cd3fa1ae9da48722c1ac5c55053b5db7,hs_n18,final,upmem,2fa411127cd5d818380604c2b191da4707d8a8f733bc834e8991b59f3dd5e897,upmem_int8,6,6,6,0,0,0,True,False
cell-55edcc10b73b7feaf27e3e156700b5210f5c7fff007ff679514c3e2bfdc0ea82,hs_n18,final,quest32,56ff687ac0c48381018b3929851bb66e222ae9b24d5b29364d4220e46d57ed1e,quest32_p8,6,6,6,0,0,0,True,False
cell-231c305768548539dcb037ebe240dc4fe53e9526b0aa9a59157482c915182c45,hs_n18,final,quest32,7d33b2a3f4d49b11795b15408d0ac068013d402b8df7e5a5e84da39787e564a9,quest32_p1,6,6,6,0,0,0,True,False
cell-3c2426de657e283249b21cc23a48ce3f1a211f52f48f15d0dc56f95630941739,hs_n18,final,numpy,0d6807b5a9bef19177153b930bb35c146b409cee45b7aa57633d8a312098e137,numpy_f32_p1,6,6,6,0,0,0,True,False
cell-2270649fce6da493b54b73c607b95788cb27b437f8026e2546dda296cf890112,hs_n20,final,upmem,5a76deaf2578d66a1ed475a0625c79ecc46b434a603602a26254e6c5fdee642e,upmem_f32,6,6,6,0,0,0,True,False
cell-94ddc2de6703f2f2e660f32727b985f9a890d8a8d0d4cc5024be53e02307bf59,hs_n20,final,upmem,2fa411127cd5d818380604c2b191da4707d8a8f733bc834e8991b59f3dd5e897,upmem_int8,6,6,6,0,0,0,True,False
cell-499aafa6e100d13e53da78e34ceb3cef132598e61505f7b377434aeef0679d08,hs_n20,final,quest32,56ff687ac0c48381018b3929851bb66e222ae9b24d5b29364d4220e46d57ed1e,quest32_p8,6,6,6,0,0,0,True,False
cell-1e3c27233f617a89b6622c34c955bda50a30b063be53acefe1c78bfec4085e83,hs_n20,final,quest32,7d33b2a3f4d49b11795b15408d0ac068013d402b8df7e5a5e84da39787e564a9,quest32_p1,6,6,6,0,0,0,True,False
cell-2dc9af293fa3fdff862d6f2947c2a11857ce3a7a48891eb4f9a031054751a72a,hs_n20,final,numpy,0d6807b5a9bef19177153b930bb35c146b409cee45b7aa57633d8a312098e137,numpy_f32_p1,6,6,6,0,0,0,True,False
cell-6686b4238a6bbc40ccdf299df5d99c2c16f956233db2186d51afbb36b44d23ea,hs_n22,final,upmem,5a76deaf2578d66a1ed475a0625c79ecc46b434a603602a26254e6c5fdee642e,upmem_f32,6,6,6,0,0,0,True,False
cell-c2d6ec352dd4b12a5cfcdd98d57a2b7937328dc984528bbcc9b47dbf5cf9ee40,hs_n22,final,upmem,2fa411127cd5d818380604c2b191da4707d8a8f733bc834e8991b59f3dd5e897,upmem_int8,6,6,6,0,0,0,True,False
cell-f1fdca0e87511c7f8a4205bba9e9674ee01250036bbcd58a7753750f8603529d,hs_n22,final,quest32,56ff687ac0c48381018b3929851bb66e222ae9b24d5b29364d4220e46d57ed1e,quest32_p8,6,6,6,0,0,0,True,False
cell-f19f03ac379c8fb984225502b8c24c268d71e0084b7e0d87f9077555cc3909e2,hs_n22,final,quest32,7d33b2a3f4d49b11795b15408d0ac068013d402b8df7e5a5e84da39787e564a9,quest32_p1,6,6,6,0,0,0,True,False
cell-fb42ede547b086c2d3c783b4ae717ba53f5721ee699408a8ef0151f801febcf6,hs_n22,final,numpy,0d6807b5a9bef19177153b930bb35c146b409cee45b7aa57633d8a312098e137,numpy_f32_p1,6,6,6,0,0,0,True,False
cell-e365d56b6b321c910836a8de5470daf9c7f037ba4cf1d7c04a941fbe94ac6a5f,hs_n24,final,upmem,5a76deaf2578d66a1ed475a0625c79ecc46b434a603602a26254e6c5fdee642e,upmem_f32,6,6,6,0,0,0,True,False
cell-aecc0f4d451d58165d393deefa80b519cc6825c3a125383e920b0cc05bf5ce90,hs_n24,final,upmem,2fa411127cd5d818380604c2b191da4707d8a8f733bc834e8991b59f3dd5e897,upmem_int8,6,6,6,0,0,0,True,False
cell-0d2a93ffa292af743e83455497bf8ec305e304f779b5761730effc4e0ac30ca3,hs_n24,final,quest32,56ff687ac0c48381018b3929851bb66e222ae9b24d5b29364d4220e46d57ed1e,quest32_p8,6,6,6,0,0,0,True,False
cell-5956a913b226f163ee73ae9279a9488a8ac82d0fde52a66c814021319fb28169,hs_n24,final,quest32,7d33b2a3f4d49b11795b15408d0ac068013d402b8df7e5a5e84da39787e564a9,quest32_p1,6,6,6,0,0,0,True,False
cell-f4a1429d937c87d29e2067d31dc9de7cd05ceef3d72650569c274827a19326d7,hs_n24,final,numpy,0d6807b5a9bef19177153b930bb35c146b409cee45b7aa57633d8a312098e137,numpy_f32_p1,6,6,6,0,0,0,True,False
cell-69b52931c60a7eac0edfd964a1bd496f25adfdb90ce5f43c2bdcdb11a5ce5330,hs_n26,final,upmem,5a76deaf2578d66a1ed475a0625c79ecc46b434a603602a26254e6c5fdee642e,upmem_f32,6,0,0,6,0,0,False,False
cell-630cab198750546832c64cdea409e427ace7b4b7fcaddf3aa071741a5730e10b,hs_n26,final,upmem,2fa411127cd5d818380604c2b191da4707d8a8f733bc834e8991b59f3dd5e897,upmem_int8,6,0,0,6,0,0,False,False
cell-8fb0ff01b6ac71a56b4f5b67d2efaba128204e5ce84bcfed63623ff173d0e1b0,hs_n26,final,quest32,56ff687ac0c48381018b3929851bb66e222ae9b24d5b29364d4220e46d57ed1e,quest32_p8,6,6,6,0,0,0,True,False
cell-247c27c62338c5f92f3db7a72e0bd6747d0a01a37fb5ccace81e6a9327084f7e,hs_n26,final,quest32,7d33b2a3f4d49b11795b15408d0ac068013d402b8df7e5a5e84da39787e564a9,quest32_p1,6,6,6,0,0,0,True,False
cell-101fb65e628cdbc09a5e8e930a9c90409e3808202b47c698d393693f65d38874,hs_n26,final,numpy,0d6807b5a9bef19177153b930bb35c146b409cee45b7aa57633d8a312098e137,numpy_f32_p1,6,0,0,6,0,0,False,False
cell-b3f4f57e3a4406c112272b27e0f3ebc5db80c2562dd233e198d6113c026b6c91,qrng_n08,final,upmem,5a76deaf2578d66a1ed475a0625c79ecc46b434a603602a26254e6c5fdee642e,upmem_f32,6,6,6,0,0,0,True,False
cell-ed1e7e70456a27dc178ac18381008894c196b327426be45d203d3b7ee6e527ae,qrng_n08,final,upmem,b40d2a979f64a3b3ab05f38150d4b2839689d7d7260c4c652b0ef0a7dad60c6a,upmem_int8,6,6,6,0,0,0,True,False
cell-55de11176e342958bb5c9d6b9dc101d7434a226aea160e3bcd0b4aeb2740adde,qrng_n08,final,quest32,56ff687ac0c48381018b3929851bb66e222ae9b24d5b29364d4220e46d57ed1e,quest32_p8,6,6,6,0,0,0,True,False
cell-fd4a48867dc75ef2e6c7d21042f64754c69bb8e8fd65dc3e859d639bee4011e4,qrng_n08,final,quest32,7d33b2a3f4d49b11795b15408d0ac068013d402b8df7e5a5e84da39787e564a9,quest32_p1,6,6,6,0,0,0,True,False
cell-a8e29c3120ce5b81a95c2dc120b83b24b69d141c9090e8442eb9b8e0dcdbfd67,qrng_n08,final,numpy,0d6807b5a9bef19177153b930bb35c146b409cee45b7aa57633d8a312098e137,numpy_f32_p1,6,6,6,0,0,0,True,False
cell-951cfe92e230d11bcf4f3ba05906675bbf3090f54ff898149348de6786340b26,qrng_n12,final,upmem,5a76deaf2578d66a1ed475a0625c79ecc46b434a603602a26254e6c5fdee642e,upmem_f32,6,6,6,0,0,0,True,False
cell-69a5538f5ea60f479efe97fdb8c18c080e082869bb7df88e76702e8294db8779,qrng_n12,final,upmem,b40d2a979f64a3b3ab05f38150d4b2839689d7d7260c4c652b0ef0a7dad60c6a,upmem_int8,6,6,6,0,0,0,True,False
cell-a61a9cf073283e68fc5874c4700e824ccb981354f2a079d5948e60d7ff274456,qrng_n12,final,quest32,56ff687ac0c48381018b3929851bb66e222ae9b24d5b29364d4220e46d57ed1e,quest32_p8,6,6,6,0,0,0,True,False
cell-e3f8cef699c563b3bbc5489a967a68a9a2e594eb0e049f279b0ba658a6217777,qrng_n12,final,quest32,7d33b2a3f4d49b11795b15408d0ac068013d402b8df7e5a5e84da39787e564a9,quest32_p1,6,6,6,0,0,0,True,False
cell-22f07d95ba789e26d7314ec2119da8780a2f7064d40ff25316c44a23ded5b9fa,qrng_n12,final,numpy,0d6807b5a9bef19177153b930bb35c146b409cee45b7aa57633d8a312098e137,numpy_f32_p1,6,6,6,0,0,0,True,False
cell-1aa0ab49dfca8d6c5ffa07b45d087a6a224222ba71a593a2c05cf5dabf4f39ff,qrng_n16,final,upmem,5a76deaf2578d66a1ed475a0625c79ecc46b434a603602a26254e6c5fdee642e,upmem_f32,6,6,6,0,0,0,True,False
cell-bc58bf01462aaa0bd22165562cfc9b0498fd956f1c158814e820fc678bef2bdc,qrng_n16,final,upmem,b40d2a979f64a3b3ab05f38150d4b2839689d7d7260c4c652b0ef0a7dad60c6a,upmem_int8,6,6,6,0,0,0,True,False
cell-5fc8bf28b407f4192e85a8aa8f7457a936c893644653a1b2a73c0d47592e5679,qrng_n16,final,quest32,56ff687ac0c48381018b3929851bb66e222ae9b24d5b29364d4220e46d57ed1e,quest32_p8,6,6,6,0,0,0,True,False
cell-c14597601e2e13435ab62c91e33d21dcb3b542a9a88f98341760fd50a38f06ea,qrng_n16,final,quest32,7d33b2a3f4d49b11795b15408d0ac068013d402b8df7e5a5e84da39787e564a9,quest32_p1,6,6,6,0,0,0,True,False
cell-c82fadf9b861a9cc41d5804eae7309efe37c4231f40a68ec10b72ddd106b7ac4,qrng_n16,final,numpy,0d6807b5a9bef19177153b930bb35c146b409cee45b7aa57633d8a312098e137,numpy_f32_p1,6,6,6,0,0,0,True,False
cell-cc70fcb7fb1598c822ff273d3b62cb0f738b258bd37916c89a6641c9c1fa5af2,qrng_n18,final,upmem,5a76deaf2578d66a1ed475a0625c79ecc46b434a603602a26254e6c5fdee642e,upmem_f32,6,6,6,0,0,0,True,False
cell-b8752ee7d9f383f46fc2efab336b4fa09a2290b5d0222cb382bbcda55c4950ea,qrng_n18,final,upmem,b40d2a979f64a3b3ab05f38150d4b2839689d7d7260c4c652b0ef0a7dad60c6a,upmem_int8,6,6,6,0,0,0,True,False
cell-e0342449e2dab685a97d33194400bfa9a4c2e06c315344e08577c8ad207a8210,qrng_n18,final,quest32,56ff687ac0c48381018b3929851bb66e222ae9b24d5b29364d4220e46d57ed1e,quest32_p8,6,6,6,0,0,0,True,False
cell-39c9d41d4178a505b9ef507e8d8cbb47382b9dab9463a16436a278d2b947c84e,qrng_n18,final,quest32,7d33b2a3f4d49b11795b15408d0ac068013d402b8df7e5a5e84da39787e564a9,quest32_p1,6,6,6,0,0,0,True,False
cell-4ff0f5a08dd1a19788ac42629acf6394d0c9c1c5650e7edb27d832309ff48caa,qrng_n18,final,numpy,0d6807b5a9bef19177153b930bb35c146b409cee45b7aa57633d8a312098e137,numpy_f32_p1,6,6,6,0,0,0,True,False
cell-bceec5569cceaf32dac11a573be22949ef374a50e64dd84171fec068cd34724f,qrng_n20,final,upmem,5a76deaf2578d66a1ed475a0625c79ecc46b434a603602a26254e6c5fdee642e,upmem_f32,6,6,6,0,0,0,True,False
cell-006bc21c387868054cafbf20a95f02f398c01158345e23e38e9f84fde8dabffc,qrng_n20,final,upmem,b40d2a979f64a3b3ab05f38150d4b2839689d7d7260c4c652b0ef0a7dad60c6a,upmem_int8,6,6,6,0,0,0,True,False
cell-5f0f6ff4daeeb76e74801c6e09ebcd9a322f0799802b55be90d8b3a11967c74d,qrng_n20,final,quest32,56ff687ac0c48381018b3929851bb66e222ae9b24d5b29364d4220e46d57ed1e,quest32_p8,6,6,6,0,0,0,True,False
cell-56b6a3105ff889c6904bfe80ea0687a1ee1b9e4e83cf1d851609682f53c34b56,qrng_n20,final,quest32,7d33b2a3f4d49b11795b15408d0ac068013d402b8df7e5a5e84da39787e564a9,quest32_p1,6,6,6,0,0,0,True,False
cell-32c8fb9719aad45a959fd2c14cd01dc33cca81e061ce8f5b21e269f1e29a48a2,qrng_n20,final,numpy,0d6807b5a9bef19177153b930bb35c146b409cee45b7aa57633d8a312098e137,numpy_f32_p1,6,6,6,0,0,0,True,False
cell-a88f749a10464aff055d51a8e2750142d1902da6e52fcc569ba58ceaf3f09dd2,qrng_n22,final,upmem,5a76deaf2578d66a1ed475a0625c79ecc46b434a603602a26254e6c5fdee642e,upmem_f32,6,6,6,0,0,0,True,False
cell-e1adb642f77e259b745158f9b6b7fde2c6953e6e617dc7ea5477d3fe8d890ba0,qrng_n22,final,upmem,b40d2a979f64a3b3ab05f38150d4b2839689d7d7260c4c652b0ef0a7dad60c6a,upmem_int8,6,6,6,0,0,0,True,False
cell-c1224498e9633897b53ee7e695e56ad0604d16153a1d905566553717cc76385a,qrng_n22,final,quest32,56ff687ac0c48381018b3929851bb66e222ae9b24d5b29364d4220e46d57ed1e,quest32_p8,6,6,6,0,0,0,True,False
cell-b9988fea8d2118d4c55e3afbe418c3b2a3b67e83d5a3ba5b46c80a0fd3ca4c9e,qrng_n22,final,quest32,7d33b2a3f4d49b11795b15408d0ac068013d402b8df7e5a5e84da39787e564a9,quest32_p1,6,6,6,0,0,0,True,False
cell-ae1e8a4f3a4779fed9813de57df114a3f832d4eadac4961382d63579e1d86cf2,qrng_n22,final,numpy,0d6807b5a9bef19177153b930bb35c146b409cee45b7aa57633d8a312098e137,numpy_f32_p1,6,6,6,0,0,0,True,False
cell-6268507fd3c0d35eac5f7d2c6c819ae50d633ed0b9167232c22e510ba61c3174,qrng_n24,final,upmem,5a76deaf2578d66a1ed475a0625c79ecc46b434a603602a26254e6c5fdee642e,upmem_f32,6,6,6,0,0,0,True,False
cell-01cb5572d2b4857d119e99ab38b30ab9d461ff9cca50af1130bfa24fc51228df,qrng_n24,final,upmem,b40d2a979f64a3b3ab05f38150d4b2839689d7d7260c4c652b0ef0a7dad60c6a,upmem_int8,6,6,6,0,0,0,True,False
cell-a5dcbb1665cf1cb19c64b686eef9ac4db953ae5e70b750d5d8adfb9df891d8f0,qrng_n24,final,quest32,56ff687ac0c48381018b3929851bb66e222ae9b24d5b29364d4220e46d57ed1e,quest32_p8,6,6,6,0,0,0,True,False
cell-62ee2f34bdb368f6e3ce4181e44315cc30c19e4c1c9e9984cea82ed6e50e566a,qrng_n24,final,quest32,7d33b2a3f4d49b11795b15408d0ac068013d402b8df7e5a5e84da39787e564a9,quest32_p1,6,6,6,0,0,0,True,False
cell-ecf5f14cbb85ba83dedebeb4ac8cebd90ac30f2b77455f72b1b7467ac94babb2,qrng_n24,final,numpy,0d6807b5a9bef19177153b930bb35c146b409cee45b7aa57633d8a312098e137,numpy_f32_p1,6,6,6,0,0,0,True,False
cell-467e077f41826cf75d7014a59df40f383286996869b068e9499cc20dd2f9d5fc,qrng_n26,final,upmem,5a76deaf2578d66a1ed475a0625c79ecc46b434a603602a26254e6c5fdee642e,upmem_f32,6,0,0,6,0,0,False,False
cell-1f64edfe24f56657a8ca2dd158fdb54eea3412679f0217b85e6dd3d170720f2e,qrng_n26,final,upmem,b40d2a979f64a3b3ab05f38150d4b2839689d7d7260c4c652b0ef0a7dad60c6a,upmem_int8,6,0,0,6,0,0,False,False
cell-35d9f3a23ea987aac4c9f10d6275de3983eeede5e0a84e89246b2d63a628738b,qrng_n26,final,quest32,56ff687ac0c48381018b3929851bb66e222ae9b24d5b29364d4220e46d57ed1e,quest32_p8,6,6,6,0,0,0,True,False
cell-9d8337cae205677847c72b61eabb3bcf207b49fca182734bdd453dd65f4a7725,qrng_n26,final,quest32,7d33b2a3f4d49b11795b15408d0ac068013d402b8df7e5a5e84da39787e564a9,quest32_p1,6,6,6,0,0,0,True,False
cell-af32c13140cc22cab97040bdaced54e0e8716b6e4a01860eda7cdef2b19bfd9b,qrng_n26,final,numpy,0d6807b5a9bef19177153b930bb35c146b409cee45b7aa57633d8a312098e137,numpy_f32_p1,6,0,0,6,0,0,False,False
cell-69a734aece704d27ae0edb7848542303685cfa2bcae5659212d3c3b56b006fad,stress_n08_l2,final,upmem,b5e001c1aa3d6bc5dc7410a11fca084be9046c909abf35e1e24a5f88b7cdd404,upmem_f32,6,6,6,0,0,0,True,False
cell-d044f631516496ce8057a77b4c505322867d0afedd41b1a0a8741daf7b339f30,stress_n08_l2,final,upmem,27b62e57038c9a28dce9f5844c37556b2808dc892f3a5401afe82eba05fa54ed,upmem_int8,6,6,6,0,0,0,True,False
cell-3e5f86e0a3318942387affeef0f056de53f4de09e1f1ac74804fa27bc4b1ff52,stress_n08_l2,final,quest32,56ff687ac0c48381018b3929851bb66e222ae9b24d5b29364d4220e46d57ed1e,quest32_p8,6,6,6,0,0,0,True,False
cell-3ede9fe24ec59bdf8ddc41dddbd0adc851bbff09d2d2913aa2d3e6e0437761f9,stress_n08_l2,final,quest32,7d33b2a3f4d49b11795b15408d0ac068013d402b8df7e5a5e84da39787e564a9,quest32_p1,6,6,6,0,0,0,True,False
cell-7e48e692edc6020f8a3c09318583a4aff9b79138d19b8c018ba25a3c98f7fdcf,stress_n08_l2,final,numpy,0d6807b5a9bef19177153b930bb35c146b409cee45b7aa57633d8a312098e137,numpy_f32_p1,6,6,6,0,0,0,True,False
cell-1a3004b5e92eb607d34d525290b1c1014cca832f526f0a72310dd5312759fc9c,stress_n12_l2,final,upmem,b5e001c1aa3d6bc5dc7410a11fca084be9046c909abf35e1e24a5f88b7cdd404,upmem_f32,6,6,6,0,0,0,True,False
cell-b0197b2fc36ac2c4649d84828ab0b3766c746afca27bff11c29a2a31305833d4,stress_n12_l2,final,upmem,27b62e57038c9a28dce9f5844c37556b2808dc892f3a5401afe82eba05fa54ed,upmem_int8,6,6,6,0,0,0,True,False
cell-15db421f6e892c1d1823cff282d48ac5e804f59c1d7cb5171b60213b7958eb3a,stress_n12_l2,final,quest32,56ff687ac0c48381018b3929851bb66e222ae9b24d5b29364d4220e46d57ed1e,quest32_p8,6,6,6,0,0,0,True,False
cell-ad537e5e8030cd392162bbc40856ed0a2c5f8d4efe6726562ef8208399f41361,stress_n12_l2,final,quest32,7d33b2a3f4d49b11795b15408d0ac068013d402b8df7e5a5e84da39787e564a9,quest32_p1,6,6,6,0,0,0,True,False
cell-568ee3b75425a3697deb8eabdea926a74d6c2d3b7f36c7c5af49339142cd18c3,stress_n12_l2,final,numpy,0d6807b5a9bef19177153b930bb35c146b409cee45b7aa57633d8a312098e137,numpy_f32_p1,6,6,6,0,0,0,True,False
cell-c96439f8b0a3e65d534a99819d453701ca029848eb897ac28af13b5b799c01f7,stress_n16_l2,final,upmem,b5e001c1aa3d6bc5dc7410a11fca084be9046c909abf35e1e24a5f88b7cdd404,upmem_f32,6,6,6,0,0,0,True,False
cell-73d22bb509850556b99799bce919c5d38639123ae83278af685126952f77252c,stress_n16_l2,final,upmem,27b62e57038c9a28dce9f5844c37556b2808dc892f3a5401afe82eba05fa54ed,upmem_int8,6,6,6,0,0,0,True,False
cell-274967e0c7f07eafa243d23f7dee8afdef1f49f6399430716501982778c78f1d,stress_n16_l2,final,quest32,56ff687ac0c48381018b3929851bb66e222ae9b24d5b29364d4220e46d57ed1e,quest32_p8,6,6,6,0,0,0,True,False
cell-37f3a955661a04ce32a15c05146c5cd558db15e8bf466f0bc7704169dad86f04,stress_n16_l2,final,quest32,7d33b2a3f4d49b11795b15408d0ac068013d402b8df7e5a5e84da39787e564a9,quest32_p1,6,6,6,0,0,0,True,False
cell-5585de75e63b2548ce34bb043f67a9e304d81335a7ffa98e41959b5e5a3ffe44,stress_n16_l2,final,numpy,0d6807b5a9bef19177153b930bb35c146b409cee45b7aa57633d8a312098e137,numpy_f32_p1,6,6,6,0,0,0,True,False
cell-50798eea17787e5dba8daec8220e359258c5cc0ec8df8d53cada045cbaab9a30,stress_n18_l2,final,upmem,b5e001c1aa3d6bc5dc7410a11fca084be9046c909abf35e1e24a5f88b7cdd404,upmem_f32,6,6,6,0,0,0,True,False
cell-e320426b871106cf79b23a15de609121a7722efd66f817369d1c2498f3cbd976,stress_n18_l2,final,upmem,27b62e57038c9a28dce9f5844c37556b2808dc892f3a5401afe82eba05fa54ed,upmem_int8,6,6,6,0,0,0,True,False
cell-bdd9f545576438e1d616809afbb2801ba85c25ddd4f8adfea7a36402aca0e974,stress_n18_l2,final,quest32,56ff687ac0c48381018b3929851bb66e222ae9b24d5b29364d4220e46d57ed1e,quest32_p8,6,6,6,0,0,0,True,False
cell-257362bc2272c6adda97021aabdded44a765540d81ab4a0626b4bf0556439efc,stress_n18_l2,final,quest32,7d33b2a3f4d49b11795b15408d0ac068013d402b8df7e5a5e84da39787e564a9,quest32_p1,6,6,6,0,0,0,True,False
cell-8aa4a7936196294ff15111d5ed6f7fb796267bbca5c1b935c2356525636fd839,stress_n18_l2,final,numpy,0d6807b5a9bef19177153b930bb35c146b409cee45b7aa57633d8a312098e137,numpy_f32_p1,6,6,6,0,0,0,True,False
cell-2f72025a74d360d7e5ae840010fa1f02076bba540cb33d6bfad1bcabd7285833,xor_n08,final,upmem,29481df23b1b357717368d6284c913f33919ba722596e0c03fdf057ced715fa8,upmem_f32,6,6,6,0,0,0,True,False
cell-82d3fb6535671f16d8f69327e27465778d66fdfe9369ea0e1554aa22732f5afe,xor_n08,final,upmem,14aec505d4de73636d673ab51471bc242f33036ec2efc3e15a4d99764794c575,upmem_int8,6,6,6,0,0,0,True,False
cell-b5db2f1031807ba2dbf39f6f7c890907dd29fb70bc33edb4a8c72e996cbe4450,xor_n08,final,quest32,56ff687ac0c48381018b3929851bb66e222ae9b24d5b29364d4220e46d57ed1e,quest32_p8,6,6,6,0,0,0,True,False
cell-67ad1b57ac12f7886ed3c3bf22d9a88f6f568e8a252ea7680e81e25db2d749b0,xor_n08,final,quest32,7d33b2a3f4d49b11795b15408d0ac068013d402b8df7e5a5e84da39787e564a9,quest32_p1,6,6,6,0,0,0,True,False
cell-f7c2003bac39eaa7f14464606c113302d70ba1d74d0d3c4297f63b325254bba3,xor_n08,final,numpy,0d6807b5a9bef19177153b930bb35c146b409cee45b7aa57633d8a312098e137,numpy_f32_p1,6,6,6,0,0,0,True,False
cell-21228dcc1a1b4cc44256ae91f2f00e636abbb855b9f216ebf705651bb8ff1b49,xor_n12,final,upmem,29481df23b1b357717368d6284c913f33919ba722596e0c03fdf057ced715fa8,upmem_f32,6,6,6,0,0,0,True,False
cell-00145a34e646f78e7ff0f22af64850e5a3d7df9eeb6479182c79701d5acb77af,xor_n12,final,upmem,14aec505d4de73636d673ab51471bc242f33036ec2efc3e15a4d99764794c575,upmem_int8,6,6,6,0,0,0,True,False
cell-b0230ace51b0f7c1a4d72ca33b086333410f4db42524c6ce60efe5ef9ab13326,xor_n12,final,quest32,56ff687ac0c48381018b3929851bb66e222ae9b24d5b29364d4220e46d57ed1e,quest32_p8,6,6,6,0,0,0,True,False
cell-5938e94120869282fcb0d5f57f6228bdeaadb0819ee76fa63189cc77c5fbcd2d,xor_n12,final,quest32,7d33b2a3f4d49b11795b15408d0ac068013d402b8df7e5a5e84da39787e564a9,quest32_p1,6,6,6,0,0,0,True,False
cell-e3267e8fe1f63843f0b226241b26b9279a8a15b40fa973b23e3cb17fc1f4e5b5,xor_n12,final,numpy,0d6807b5a9bef19177153b930bb35c146b409cee45b7aa57633d8a312098e137,numpy_f32_p1,6,6,6,0,0,0,True,False
cell-a94681a8d820f92ad701e07c26be6907e53ca70992064cff6863de4e13494655,xor_n16,final,upmem,29481df23b1b357717368d6284c913f33919ba722596e0c03fdf057ced715fa8,upmem_f32,6,6,6,0,0,0,True,False
cell-210f6995411c19ceae3c49a269e9491912299637e3a77a0169a4dafcda59a182,xor_n16,final,upmem,14aec505d4de73636d673ab51471bc242f33036ec2efc3e15a4d99764794c575,upmem_int8,6,6,6,0,0,0,True,False
cell-38c962979b6ee2fa9a12ad93009089cef9d8429bac4a72c3543a70e8921803c8,xor_n16,final,quest32,56ff687ac0c48381018b3929851bb66e222ae9b24d5b29364d4220e46d57ed1e,quest32_p8,6,6,6,0,0,0,True,False
cell-f6bd8399be633955fc49dc42d004c858a347e5b56184f72b6bf22f1c097124bb,xor_n16,final,quest32,7d33b2a3f4d49b11795b15408d0ac068013d402b8df7e5a5e84da39787e564a9,quest32_p1,6,6,6,0,0,0,True,False
cell-e319783733b7fda303a24bdabe1bb82f0cb38f8822316a5d423fa1e15c500bbd,xor_n16,final,numpy,0d6807b5a9bef19177153b930bb35c146b409cee45b7aa57633d8a312098e137,numpy_f32_p1,6,6,6,0,0,0,True,False
cell-50450a143f6ab4b12eb93d4606e98c03db5a9a4289cc1bcab5ae776e6c7d76a5,xor_n18,final,upmem,29481df23b1b357717368d6284c913f33919ba722596e0c03fdf057ced715fa8,upmem_f32,6,6,6,0,0,0,True,False
cell-0eabd00caeee3898aae7faab6ee7edf074d3e60f09c4a7bcf791f5bc15d965af,xor_n18,final,upmem,14aec505d4de73636d673ab51471bc242f33036ec2efc3e15a4d99764794c575,upmem_int8,6,6,6,0,0,0,True,False
cell-bc320d2135bf1b7b496b88c347fc91ec175a0f52180fdb700a5d51bf1aab5fca,xor_n18,final,quest32,56ff687ac0c48381018b3929851bb66e222ae9b24d5b29364d4220e46d57ed1e,quest32_p8,6,6,6,0,0,0,True,False
cell-90b672a74794d107bf05560d0c02810486d9b6a0cf2dcc1fb9f524c55a69ac8f,xor_n18,final,quest32,7d33b2a3f4d49b11795b15408d0ac068013d402b8df7e5a5e84da39787e564a9,quest32_p1,6,6,6,0,0,0,True,False
cell-4eb0e2728fd34fd3fe58938e4522bd23468fa799529df2bbd94861a4e7fd437e,xor_n18,final,numpy,0d6807b5a9bef19177153b930bb35c146b409cee45b7aa57633d8a312098e137,numpy_f32_p1,6,6,6,0,0,0,True,False
cell-e39813eb7d9bcf3585d98b37837883cf0e66b26ff5ddb6366041187cabe0d2ef,xor_n20,final,upmem,29481df23b1b357717368d6284c913f33919ba722596e0c03fdf057ced715fa8,upmem_f32,6,6,6,0,0,0,True,False
cell-ac657b609b4fb49e090e9e9187c36ccc0319f056937e6b23fd8b763c8c2ceaec,xor_n20,final,upmem,14aec505d4de73636d673ab51471bc242f33036ec2efc3e15a4d99764794c575,upmem_int8,6,6,6,0,0,0,True,False
cell-12fe5d9325880e64ebf2319d657726f1d374072a3dcc455b8a75bc796766afd9,xor_n20,final,quest32,56ff687ac0c48381018b3929851bb66e222ae9b24d5b29364d4220e46d57ed1e,quest32_p8,6,6,6,0,0,0,True,False
cell-7eaa1c7d4a4fc1157563d576ef5f703986fff6afee82aafcac2e6acb7b03d2e6,xor_n20,final,quest32,7d33b2a3f4d49b11795b15408d0ac068013d402b8df7e5a5e84da39787e564a9,quest32_p1,6,6,6,0,0,0,True,False
cell-a7d43f6688b4366c344d75e66a98365d4980be76f026168b8b07b7805364f843,xor_n20,final,numpy,0d6807b5a9bef19177153b930bb35c146b409cee45b7aa57633d8a312098e137,numpy_f32_p1,6,6,6,0,0,0,True,False
cell-6add4e96c4061a5a8166d07c12d1ac7c7c033616b1e9c3998e26422a91cee140,xor_n22,final,upmem,29481df23b1b357717368d6284c913f33919ba722596e0c03fdf057ced715fa8,upmem_f32,6,6,6,0,0,0,True,False
cell-eb5f93756eec0085316a903639a4f61ad0ea3cf034ca7c0304e15af3b56d2ceb,xor_n22,final,upmem,14aec505d4de73636d673ab51471bc242f33036ec2efc3e15a4d99764794c575,upmem_int8,6,6,6,0,0,0,True,False
cell-724739ddfae2030e3a0c38179b35c75cb24b2080e61840f70ee1ec160bacf724,xor_n22,final,quest32,56ff687ac0c48381018b3929851bb66e222ae9b24d5b29364d4220e46d57ed1e,quest32_p8,6,6,6,0,0,0,True,False
cell-aa3fbb7ca9a09de9028b5d939f35f120cb1ea72117f62fbf745b0166069a9dae,xor_n22,final,quest32,7d33b2a3f4d49b11795b15408d0ac068013d402b8df7e5a5e84da39787e564a9,quest32_p1,6,6,6,0,0,0,True,False
cell-ea50829fdb96986ce05c069e547f7ca660dd10e627125238876a414e37056e03,xor_n22,final,numpy,0d6807b5a9bef19177153b930bb35c146b409cee45b7aa57633d8a312098e137,numpy_f32_p1,6,6,6,0,0,0,True,False
cell-cb5f50c66134d77f35edb40da3b2e2a8d93f2d211df36ee48d8e955ec45c3011,xor_n24,final,upmem,29481df23b1b357717368d6284c913f33919ba722596e0c03fdf057ced715fa8,upmem_f32,6,6,6,0,0,0,True,False
cell-08664678489751a6e3563a19ea041c62e1aef8c0d809cda220318669de382212,xor_n24,final,upmem,14aec505d4de73636d673ab51471bc242f33036ec2efc3e15a4d99764794c575,upmem_int8,6,6,6,0,0,0,True,False
cell-fb5be0d05c1f9d8f7f199aa893bdfa6760a53d2a12e82f3715e6f0408f3d409b,xor_n24,final,quest32,56ff687ac0c48381018b3929851bb66e222ae9b24d5b29364d4220e46d57ed1e,quest32_p8,6,6,6,0,0,0,True,False
cell-a031a984ded0860dfbb341ed160c103ce5ec6f6fff0e6086ca28ffd0970316fe,xor_n24,final,quest32,7d33b2a3f4d49b11795b15408d0ac068013d402b8df7e5a5e84da39787e564a9,quest32_p1,6,6,6,0,0,0,True,False
cell-5bd79f2dfc4ea43048dc4afaf74e08d5fbfc4c319e765ee0fb419a2ca2335aa8,xor_n24,final,numpy,0d6807b5a9bef19177153b930bb35c146b409cee45b7aa57633d8a312098e137,numpy_f32_p1,6,6,6,0,0,0,True,False
cell-433d3c28aa00888d05874f802a7bab125e07bdd82c712baeb7a79c9ba8bdb1cf,xor_n26,final,upmem,29481df23b1b357717368d6284c913f33919ba722596e0c03fdf057ced715fa8,upmem_f32,6,0,0,6,0,0,False,False
cell-ae1d5edf9807d5a020385967e83bcab6d66479f7e6a0757a61596fe20ead4894,xor_n26,final,upmem,14aec505d4de73636d673ab51471bc242f33036ec2efc3e15a4d99764794c575,upmem_int8,6,0,0,6,0,0,False,False
cell-3bc8151827cdd61e7501b802104c6ebae9d1c24d6ae1a6a8f77bf0618352bab9,xor_n26,final,quest32,56ff687ac0c48381018b3929851bb66e222ae9b24d5b29364d4220e46d57ed1e,quest32_p8,6,6,6,0,0,0,True,False
cell-d626d7333e51c1900ca2ed0700f6533c0196e7bedec4a924c0734771006a02be,xor_n26,final,quest32,7d33b2a3f4d49b11795b15408d0ac068013d402b8df7e5a5e84da39787e564a9,quest32_p1,6,6,6,0,0,0,True,False
cell-328cf01054dbe9107fbd017d3a737a0dafb9076bbf7c801666225ff646d948ca,xor_n26,final,numpy,0d6807b5a9bef19177153b930bb35c146b409cee45b7aa57633d8a312098e137,numpy_f32_p1,6,0,0,6,0,0,False,False
