phase,case_id,cell_id,metric,median,raw_mad,count,role
calibration,qrng_n18,cell-0080d4585b332bd8e31923971e4ad47b2637aff70e916901de6fab69d5510984,prepared_call_s,1.4630097899935208,0.0069886259734630585,5,
calibration,qrng_n18,cell-0080d4585b332bd8e31923971e4ad47b2637aff70e916901de6fab69d5510984,job_to_state_s,1.4888587149907835,0.0070260720094665885,5,
calibration,qrng_n18,cell-0080d4585b332bd8e31923971e4ad47b2637aff70e916901de6fab69d5510984,job_to_state_cached_path_s,1.4888591240160167,0.0070258890045806766,5,
calibration,qrng_n18,cell-0080d4585b332bd8e31923971e4ad47b2637aff70e916901de6fab69d5510984,kernel_s,0.9205185600000001,9.946599999988148e-05,5,
calibration,bv_n18,cell-4485a23047fc85f20187332f59f01c26f0048698090709eb18bb30807f87bdea,prepared_call_s,0.7206422279705293,0.0018426880124025047,5,
calibration,bv_n18,cell-4485a23047fc85f20187332f59f01c26f0048698090709eb18bb30807f87bdea,job_to_state_s,0.8287591600092128,0.002934622985776514,5,
calibration,bv_n18,cell-4485a23047fc85f20187332f59f01c26f0048698090709eb18bb30807f87bdea,job_to_state_cached_path_s,0.8287596679874696,0.002934419026132673,5,
calibration,bv_n18,cell-4485a23047fc85f20187332f59f01c26f0048698090709eb18bb30807f87bdea,kernel_s,0.058182353,0.00014635900000000562,5,
calibration,stress_n18_l2,cell-2df6e713d2ba6660701a5c6e4ea960c578779f8fb5e16cb6dff5847189bb0e69,prepared_call_s,3.4827091810293496,0.01102410804014653,5,
calibration,stress_n18_l2,cell-2df6e713d2ba6660701a5c6e4ea960c578779f8fb5e16cb6dff5847189bb0e69,job_to_state_s,3.9904596940032206,0.027358294988516718,5,
calibration,stress_n18_l2,cell-2df6e713d2ba6660701a5c6e4ea960c578779f8fb5e16cb6dff5847189bb0e69,job_to_state_cached_path_s,3.990460118977353,0.02735793497413397,5,
calibration,stress_n18_l2,cell-2df6e713d2ba6660701a5c6e4ea960c578779f8fb5e16cb6dff5847189bb0e69,kernel_s,2.1018118569999995,7.90610000005465e-05,5,
calibration,qrng_n18,cell-3412efa991ceaddd058ca0438e979b962cfc794c514c82b6b5e25a4f207d1384,prepared_call_s,0.5346950079547241,0.0048856259090825915,5,
calibration,qrng_n18,cell-3412efa991ceaddd058ca0438e979b962cfc794c514c82b6b5e25a4f207d1384,job_to_state_s,0.5713908459874801,0.0052474450203590095,5,
calibration,qrng_n18,cell-3412efa991ceaddd058ca0438e979b962cfc794c514c82b6b5e25a4f207d1384,job_to_state_cached_path_s,0.5713913760264404,0.00524751003831625,5,
calibration,qrng_n18,cell-3412efa991ceaddd058ca0438e979b962cfc794c514c82b6b5e25a4f207d1384,kernel_s,0.022184035,6.737899999999936e-05,5,
calibration,edc_n17,cell-eb8c66c0b263ad9dd3d98f58c7a8064389004ac46860c9dd1672a8e09f875fa4,prepared_call_s,0.9633790340158157,0.029011569975409657,5,
calibration,edc_n17,cell-eb8c66c0b263ad9dd3d98f58c7a8064389004ac46860c9dd1672a8e09f875fa4,job_to_state_s,1.147857962991111,0.027151758025866002,5,
calibration,edc_n17,cell-eb8c66c0b263ad9dd3d98f58c7a8064389004ac46860c9dd1672a8e09f875fa4,job_to_state_cached_path_s,1.1478582849958912,0.027151887014042586,5,
calibration,edc_n17,cell-eb8c66c0b263ad9dd3d98f58c7a8064389004ac46860c9dd1672a8e09f875fa4,kernel_s,0.043955869,0.0002677490000000046,5,
calibration,hs_n18,cell-3cb46ae80fdcdd4d84dee60087ccc85073f7c0e667a2264fb502e2abfc11d127,prepared_call_s,1.390246268012561,0.021732196968514472,5,
calibration,hs_n18,cell-3cb46ae80fdcdd4d84dee60087ccc85073f7c0e667a2264fb502e2abfc11d127,job_to_state_s,1.8090989440097474,0.011223426961805671,5,
calibration,hs_n18,cell-3cb46ae80fdcdd4d84dee60087ccc85073f7c0e667a2264fb502e2abfc11d127,job_to_state_cached_path_s,1.8090993099613115,0.011223475041333586,5,
calibration,hs_n18,cell-3cb46ae80fdcdd4d84dee60087ccc85073f7c0e667a2264fb502e2abfc11d127,kernel_s,0.293309413,0.0016501030000000139,5,
calibration,stress_n16_l2,cell-dca68362b05c641ea75827e69181c3ad852a64e7008c83fe7163a7ab7292ce15,prepared_call_s,2.286691626999527,0.01765149104176089,5,
calibration,stress_n16_l2,cell-dca68362b05c641ea75827e69181c3ad852a64e7008c83fe7163a7ab7292ce15,job_to_state_s,2.525501198018901,0.020154695957899094,5,
calibration,stress_n16_l2,cell-dca68362b05c641ea75827e69181c3ad852a64e7008c83fe7163a7ab7292ce15,job_to_state_cached_path_s,2.5255015029688366,0.020154736994300038,5,
calibration,stress_n16_l2,cell-dca68362b05c641ea75827e69181c3ad852a64e7008c83fe7163a7ab7292ce15,kernel_s,0.837152072,0.0021388470000002213,5,
calibration,stress_n16_l2,cell-5c6294b3e2152b147abc7829473311c3400a2df9bfddadeab34786098853f2d4,prepared_call_s,2.240116033004597,0.04497128096409142,5,
calibration,stress_n16_l2,cell-5c6294b3e2152b147abc7829473311c3400a2df9bfddadeab34786098853f2d4,job_to_state_s,2.4815401160158217,0.038663387997075915,5,
calibration,stress_n16_l2,cell-5c6294b3e2152b147abc7829473311c3400a2df9bfddadeab34786098853f2d4,job_to_state_cached_path_s,2.4815404650289565,0.03866385796573013,5,
calibration,stress_n16_l2,cell-5c6294b3e2152b147abc7829473311c3400a2df9bfddadeab34786098853f2d4,kernel_s,0.814100292,0.005397199999999991,5,
calibration,qrng_n18,cell-be9c87c442e8e8ea3df205d48c2b4f105a26d951b4760e02d028d36df498c86b,prepared_call_s,0.4673383650369942,0.004139370983466506,5,
calibration,qrng_n18,cell-be9c87c442e8e8ea3df205d48c2b4f105a26d951b4760e02d028d36df498c86b,job_to_state_s,0.5037063480122015,0.004423629958182573,5,
calibration,qrng_n18,cell-be9c87c442e8e8ea3df205d48c2b4f105a26d951b4760e02d028d36df498c86b,job_to_state_cached_path_s,0.5037067119847052,0.0044236520188860595,5,
calibration,qrng_n18,cell-be9c87c442e8e8ea3df205d48c2b4f105a26d951b4760e02d028d36df498c86b,kernel_s,0.08396065999999999,4.7494999999994625e-05,5,
calibration,edc_n17,cell-33f4ec0abfd2939887b1846127655b1b8a991b317592fe3e95de4f4469e09bc6,prepared_call_s,0.8815832550171763,0.004115518007893115,5,
calibration,edc_n17,cell-33f4ec0abfd2939887b1846127655b1b8a991b317592fe3e95de4f4469e09bc6,job_to_state_s,1.0660897019552067,0.008106942987069488,5,
calibration,edc_n17,cell-33f4ec0abfd2939887b1846127655b1b8a991b317592fe3e95de4f4469e09bc6,job_to_state_cached_path_s,1.0660901389783248,0.00810665701283142,5,
calibration,edc_n17,cell-33f4ec0abfd2939887b1846127655b1b8a991b317592fe3e95de4f4469e09bc6,kernel_s,0.037891462,0.00016782899999999434,5,
calibration,bb84_n18,cell-5303f9083c28ef3b7b905b0d7d2013e853180c3c7fd1bb87a198c65ae388217a,prepared_call_s,0.5277316150022671,0.005593308946117759,5,
calibration,bb84_n18,cell-5303f9083c28ef3b7b905b0d7d2013e853180c3c7fd1bb87a198c65ae388217a,job_to_state_s,0.5639608599594794,0.006682198960334063,5,
calibration,bb84_n18,cell-5303f9083c28ef3b7b905b0d7d2013e853180c3c7fd1bb87a198c65ae388217a,job_to_state_cached_path_s,0.563961184991058,0.006682113977149129,5,
calibration,bb84_n18,cell-5303f9083c28ef3b7b905b0d7d2013e853180c3c7fd1bb87a198c65ae388217a,kernel_s,0.02203091,8.033899999999872e-05,5,
calibration,stress_n16_l2,cell-8dfc80e61cd486b0d6790c731b1c2b18c509ffc8cbccecd35635657428fbd7ba,prepared_call_s,1.2193263529916294,0.00962331797927618,7,
calibration,stress_n16_l2,cell-8dfc80e61cd486b0d6790c731b1c2b18c509ffc8cbccecd35635657428fbd7ba,job_to_state_s,1.4636641520191915,0.014462171064224094,7,
calibration,stress_n16_l2,cell-8dfc80e61cd486b0d6790c731b1c2b18c509ffc8cbccecd35635657428fbd7ba,job_to_state_cached_path_s,1.4636644719867036,0.014462241029832512,7,
calibration,stress_n16_l2,cell-8dfc80e61cd486b0d6790c731b1c2b18c509ffc8cbccecd35635657428fbd7ba,kernel_s,0.29231541000000005,0.00015015400000006895,7,
calibration,xor_n18,cell-0ae24cb9e66533bae6a08c5ae50ea3cf02753a53c9ecd7f0681a14b53b4829c6,prepared_call_s,4.730827154999133,0.06925853103166446,5,
calibration,xor_n18,cell-0ae24cb9e66533bae6a08c5ae50ea3cf02753a53c9ecd7f0681a14b53b4829c6,job_to_state_s,4.8301479810033925,0.06909899099264294,5,
calibration,xor_n18,cell-0ae24cb9e66533bae6a08c5ae50ea3cf02753a53c9ecd7f0681a14b53b4829c6,job_to_state_cached_path_s,4.830148331006058,0.0690988390124403,5,
calibration,xor_n18,cell-0ae24cb9e66533bae6a08c5ae50ea3cf02753a53c9ecd7f0681a14b53b4829c6,kernel_s,2.466212642,0.016501539000000065,5,
calibration,bv_n18,cell-31a74faad05704fadbdadaed9ca7bfdd6dccfad4d551af1ffc09892eba0f638e,prepared_call_s,1.2050066430238076,0.009086283040232956,5,
calibration,bv_n18,cell-31a74faad05704fadbdadaed9ca7bfdd6dccfad4d551af1ffc09892eba0f638e,job_to_state_s,1.2832028460106812,0.009421625989489257,5,
calibration,bv_n18,cell-31a74faad05704fadbdadaed9ca7bfdd6dccfad4d551af1ffc09892eba0f638e,job_to_state_cached_path_s,1.2832032840233296,0.009421474998816848,5,
calibration,bv_n18,cell-31a74faad05704fadbdadaed9ca7bfdd6dccfad4d551af1ffc09892eba0f638e,kernel_s,0.421058916,0.00014690500000003048,5,
calibration,stress_n16_l2,cell-18c0e479a5b8de80fc5fd98d6646f29e7b160606606ff865fb605d735ab689f2,prepared_call_s,2.3226521110045724,0.015951011038850993,7,
calibration,stress_n16_l2,cell-18c0e479a5b8de80fc5fd98d6646f29e7b160606606ff865fb605d735ab689f2,job_to_state_s,2.563006860029418,0.016523169993888587,7,
calibration,stress_n16_l2,cell-18c0e479a5b8de80fc5fd98d6646f29e7b160606606ff865fb605d735ab689f2,job_to_state_cached_path_s,2.5630072519998066,0.01652325998293236,7,
calibration,stress_n16_l2,cell-18c0e479a5b8de80fc5fd98d6646f29e7b160606606ff865fb605d735ab689f2,kernel_s,0.36132395300000003,0.0007271229999999962,7,
calibration,hs_n18,cell-9ec2a2e012e4e825c75dc51c2a515bd1f86c7005ec5cb7154c5b7a297172dbe5,prepared_call_s,1.2739312629564665,0.007109193946234882,5,
calibration,hs_n18,cell-9ec2a2e012e4e825c75dc51c2a515bd1f86c7005ec5cb7154c5b7a297172dbe5,job_to_state_s,1.6725202890229411,0.009217084967531264,5,
calibration,hs_n18,cell-9ec2a2e012e4e825c75dc51c2a515bd1f86c7005ec5cb7154c5b7a297172dbe5,job_to_state_cached_path_s,1.6725207199924625,0.009217016980983317,5,
calibration,hs_n18,cell-9ec2a2e012e4e825c75dc51c2a515bd1f86c7005ec5cb7154c5b7a297172dbe5,kernel_s,0.13702309800000004,0.00035997800000003854,5,
calibration,qrng_n18,cell-6180cfff5f5e2cc3beb925910c09fdf94270103347d6323cfee59eaf511392a6,prepared_call_s,0.4163380640093237,0.01692489697597921,5,
calibration,qrng_n18,cell-6180cfff5f5e2cc3beb925910c09fdf94270103347d6323cfee59eaf511392a6,job_to_state_s,0.4530161379952915,0.016524698003195226,5,
calibration,qrng_n18,cell-6180cfff5f5e2cc3beb925910c09fdf94270103347d6323cfee59eaf511392a6,job_to_state_cached_path_s,0.45301662100246176,0.016524815990123898,5,
calibration,qrng_n18,cell-6180cfff5f5e2cc3beb925910c09fdf94270103347d6323cfee59eaf511392a6,kernel_s,0.017921562000000002,3.535099999999944e-05,5,
calibration,xor_n18,cell-f291fc148d5acb839a173565f64979c8e1fc60d740a45a0584a00c57c69bb278,prepared_call_s,1.3066021209815517,0.0015273489407263696,5,
calibration,xor_n18,cell-f291fc148d5acb839a173565f64979c8e1fc60d740a45a0584a00c57c69bb278,job_to_state_s,1.4529237119713798,0.0013032930437475443,5,
calibration,xor_n18,cell-f291fc148d5acb839a173565f64979c8e1fc60d740a45a0584a00c57c69bb278,job_to_state_cached_path_s,1.4529242159915157,0.0013032170245423913,5,
calibration,xor_n18,cell-f291fc148d5acb839a173565f64979c8e1fc60d740a45a0584a00c57c69bb278,kernel_s,0.136941997,9.67960000000101e-05,5,
calibration,bv_n18,cell-3fa3987d0c49373e092dad40f0113a2674e791372b12a942925d9cd1594dbd9b,prepared_call_s,1.2633145159925334,0.0074995000613853335,5,
calibration,bv_n18,cell-3fa3987d0c49373e092dad40f0113a2674e791372b12a942925d9cd1594dbd9b,job_to_state_s,1.3379665190004744,0.007148247037548572,5,
calibration,bv_n18,cell-3fa3987d0c49373e092dad40f0113a2674e791372b12a942925d9cd1594dbd9b,job_to_state_cached_path_s,1.3379668720299378,0.007148306001909077,5,
calibration,bv_n18,cell-3fa3987d0c49373e092dad40f0113a2674e791372b12a942925d9cd1594dbd9b,kernel_s,0.476048864,0.0005984839999999547,5,
calibration,hs_n18,cell-28e421ddfab83ffdf7704a5a2276d50a4ea00c5880427e302941b0cc0d19a911,prepared_call_s,2.112945785978809,0.013850412971805781,5,
calibration,hs_n18,cell-28e421ddfab83ffdf7704a5a2276d50a4ea00c5880427e302941b0cc0d19a911,job_to_state_s,2.3842208420392126,0.014858310052659363,5,
calibration,hs_n18,cell-28e421ddfab83ffdf7704a5a2276d50a4ea00c5880427e302941b0cc0d19a911,job_to_state_cached_path_s,2.384221202984918,0.014858212962280959,5,
calibration,hs_n18,cell-28e421ddfab83ffdf7704a5a2276d50a4ea00c5880427e302941b0cc0d19a911,kernel_s,0.5402162610000001,0.002604064000000128,5,
calibration,bb84_n18,cell-eb2548071828650cc05635ad048ef953f9504c14d438c31c66c6df44a6238e6e,prepared_call_s,0.39919496001675725,0.004374367999844253,5,
calibration,bb84_n18,cell-eb2548071828650cc05635ad048ef953f9504c14d438c31c66c6df44a6238e6e,job_to_state_s,0.4344261780497618,0.003907818056177348,5,
calibration,bb84_n18,cell-eb2548071828650cc05635ad048ef953f9504c14d438c31c66c6df44a6238e6e,job_to_state_cached_path_s,0.43442677601706237,0.0039078539703041315,5,
calibration,bb84_n18,cell-eb2548071828650cc05635ad048ef953f9504c14d438c31c66c6df44a6238e6e,kernel_s,0.017877202000000002,3.298599999999874e-05,5,
calibration,edc_n17,cell-8a8c7cbfc9565073e3a87978145af5be0bde9e16dc6ebbd5ed2540a8481f8526,prepared_call_s,1.162268516025506,0.002516574051696807,5,
calibration,edc_n17,cell-8a8c7cbfc9565073e3a87978145af5be0bde9e16dc6ebbd5ed2540a8481f8526,job_to_state_s,1.3461690850090235,0.003246433043386787,5,
calibration,edc_n17,cell-8a8c7cbfc9565073e3a87978145af5be0bde9e16dc6ebbd5ed2540a8481f8526,job_to_state_cached_path_s,1.3461697089951485,0.0032467059791088104,5,
calibration,edc_n17,cell-8a8c7cbfc9565073e3a87978145af5be0bde9e16dc6ebbd5ed2540a8481f8526,kernel_s,0.019108938999999995,5.266300000000487e-05,5,
calibration,stress_n18_l2,cell-f49e7f228421f6a6167eddaedbe808848e774f9cce661f9c4148521c202fa290,prepared_call_s,1.403588838991709,0.005492008989676833,5,
calibration,stress_n18_l2,cell-f49e7f228421f6a6167eddaedbe808848e774f9cce661f9c4148521c202fa290,job_to_state_s,1.908042213995941,0.008789313025772572,5,
calibration,stress_n18_l2,cell-f49e7f228421f6a6167eddaedbe808848e774f9cce661f9c4148521c202fa290,job_to_state_cached_path_s,1.9080429779714905,0.008789706975221634,5,
calibration,stress_n18_l2,cell-f49e7f228421f6a6167eddaedbe808848e774f9cce661f9c4148521c202fa290,kernel_s,0.021005140999999998,5.072700000000041e-05,5,
calibration,hs_n18,cell-dba233cc0f1c1729ed01ee3b570aabd2782fc95fc7cb7b4885637ea77d9c7961,prepared_call_s,2.0462775490013883,0.038423112011514604,5,
calibration,hs_n18,cell-dba233cc0f1c1729ed01ee3b570aabd2782fc95fc7cb7b4885637ea77d9c7961,job_to_state_s,2.311177909024991,0.03058560803765431,5,
calibration,hs_n18,cell-dba233cc0f1c1729ed01ee3b570aabd2782fc95fc7cb7b4885637ea77d9c7961,job_to_state_cached_path_s,2.3111783760250546,0.030585763044655323,5,
calibration,hs_n18,cell-dba233cc0f1c1729ed01ee3b570aabd2782fc95fc7cb7b4885637ea77d9c7961,kernel_s,0.437325831,0.0022071980000000213,5,
calibration,hs_n18,cell-af6c75cfca42bd5528196c197d5b8e266d7c0a35ba0a8f28b2ed96e658e9563f,prepared_call_s,2.416539889003616,0.03193081001518294,7,
calibration,hs_n18,cell-af6c75cfca42bd5528196c197d5b8e266d7c0a35ba0a8f28b2ed96e658e9563f,job_to_state_s,2.6844135260325857,0.03890928498003632,7,
calibration,hs_n18,cell-af6c75cfca42bd5528196c197d5b8e266d7c0a35ba0a8f28b2ed96e658e9563f,job_to_state_cached_path_s,2.6844139270251617,0.03890947997570038,7,
calibration,hs_n18,cell-af6c75cfca42bd5528196c197d5b8e266d7c0a35ba0a8f28b2ed96e658e9563f,kernel_s,0.191667486,0.001500141000000066,7,
calibration,bb84_n18,cell-4ec858e90d26b934caa128dfba75b25639ca40b79d73f85c81477b7c24c1ce12,prepared_call_s,0.7668362109689042,0.0046395090175792575,7,
calibration,bb84_n18,cell-4ec858e90d26b934caa128dfba75b25639ca40b79d73f85c81477b7c24c1ce12,job_to_state_s,0.7916922050062567,0.0044048859854228795,7,
calibration,bb84_n18,cell-4ec858e90d26b934caa128dfba75b25639ca40b79d73f85c81477b7c24c1ce12,job_to_state_cached_path_s,0.791692525963299,0.004404943028930575,7,
calibration,bb84_n18,cell-4ec858e90d26b934caa128dfba75b25639ca40b79d73f85c81477b7c24c1ce12,kernel_s,0.098817664,0.00012658299999998568,7,
calibration,edc_n17,cell-133afcdcb9fa34a6a6de42957d13828ae28575e5d53e58c55714a4d0c9800322,prepared_call_s,3.9570396880153567,0.07943959400290623,5,
calibration,edc_n17,cell-133afcdcb9fa34a6a6de42957d13828ae28575e5d53e58c55714a4d0c9800322,job_to_state_s,4.080681107006967,0.07773665199056268,5,
calibration,edc_n17,cell-133afcdcb9fa34a6a6de42957d13828ae28575e5d53e58c55714a4d0c9800322,job_to_state_cached_path_s,4.080681674007792,0.07773639803053811,5,
calibration,edc_n17,cell-133afcdcb9fa34a6a6de42957d13828ae28575e5d53e58c55714a4d0c9800322,kernel_s,2.322795199,0.010675089000000249,5,
calibration,edc_n17,cell-ca28b80df0bbb61346f11dcb579067c4be8a56279677ada2a6f4b7e44c6ed844,prepared_call_s,1.2062145210220478,0.005928069003857672,5,
calibration,edc_n17,cell-ca28b80df0bbb61346f11dcb579067c4be8a56279677ada2a6f4b7e44c6ed844,job_to_state_s,1.3886654160451144,0.006687773042358458,5,
calibration,edc_n17,cell-ca28b80df0bbb61346f11dcb579067c4be8a56279677ada2a6f4b7e44c6ed844,job_to_state_cached_path_s,1.3886657350230962,0.006687515997327864,5,
calibration,edc_n17,cell-ca28b80df0bbb61346f11dcb579067c4be8a56279677ada2a6f4b7e44c6ed844,kernel_s,0.23627333,0.00013959299999999342,5,
calibration,qrng_n18,cell-4fc96ce3cc3bf7832a726d19fb341aa5a616bffdbf0c8c4720d2a98e30b82dda,prepared_call_s,0.9071707469993271,0.03727709798840806,5,
calibration,qrng_n18,cell-4fc96ce3cc3bf7832a726d19fb341aa5a616bffdbf0c8c4720d2a98e30b82dda,job_to_state_s,0.9332750270259567,0.03630901197902858,5,
calibration,qrng_n18,cell-4fc96ce3cc3bf7832a726d19fb341aa5a616bffdbf0c8c4720d2a98e30b82dda,job_to_state_cached_path_s,0.9332753960043192,0.03630904504097998,5,
calibration,qrng_n18,cell-4fc96ce3cc3bf7832a726d19fb341aa5a616bffdbf0c8c4720d2a98e30b82dda,kernel_s,0.382637294,0.00040544499999994876,5,
calibration,stress_n16_l2,cell-49f1100891847b4189062a715bc25fa7777ac0c6c1bb350e6410cbacbfc75f93,prepared_call_s,2.877172381966375,0.01793520397040993,5,
calibration,stress_n16_l2,cell-49f1100891847b4189062a715bc25fa7777ac0c6c1bb350e6410cbacbfc75f93,job_to_state_s,3.1118640540516935,0.0052313770283944905,5,
calibration,stress_n16_l2,cell-49f1100891847b4189062a715bc25fa7777ac0c6c1bb350e6410cbacbfc75f93,job_to_state_cached_path_s,3.111874358030036,0.0052412450313568115,5,
calibration,stress_n16_l2,cell-49f1100891847b4189062a715bc25fa7777ac0c6c1bb350e6410cbacbfc75f93,kernel_s,1.454809751,0.0016008490000001263,5,
calibration,edc_n17,cell-d7aa7d86afa0e8dc33101bf830891a0fa0bce3622946b1ab20b33c49c6432635,prepared_call_s,3.9973586130072363,0.031448736030142754,5,
calibration,edc_n17,cell-d7aa7d86afa0e8dc33101bf830891a0fa0bce3622946b1ab20b33c49c6432635,job_to_state_s,4.125405688944738,0.031593214021995664,5,
calibration,edc_n17,cell-d7aa7d86afa0e8dc33101bf830891a0fa0bce3622946b1ab20b33c49c6432635,job_to_state_cached_path_s,4.125406014965847,0.031593366991728544,5,
calibration,edc_n17,cell-d7aa7d86afa0e8dc33101bf830891a0fa0bce3622946b1ab20b33c49c6432635,kernel_s,2.315931924,0.0019878410000000457,5,
calibration,bv_n18,cell-e37075a3ed91a17441f373af0ed64aa3bb573d1ad2ffaf43d52e93763b6ccff0,prepared_call_s,0.6305090010282584,0.0028975930181331933,5,
calibration,bv_n18,cell-e37075a3ed91a17441f373af0ed64aa3bb573d1ad2ffaf43d52e93763b6ccff0,job_to_state_s,0.739275514963083,0.0019203349947929382,5,
calibration,bv_n18,cell-e37075a3ed91a17441f373af0ed64aa3bb573d1ad2ffaf43d52e93763b6ccff0,job_to_state_cached_path_s,0.7392761299852282,0.0019202129915356636,5,
calibration,bv_n18,cell-e37075a3ed91a17441f373af0ed64aa3bb573d1ad2ffaf43d52e93763b6ccff0,kernel_s,0.076567526,2.5998000000013177e-05,5,
calibration,hs_n18,cell-2a4ed2570b383e0cc9be8f709cd0ae9a21d4dc6a256e8134e25b3f3fae555788,prepared_call_s,1.1635209710220806,0.005222592037171125,5,
calibration,hs_n18,cell-2a4ed2570b383e0cc9be8f709cd0ae9a21d4dc6a256e8134e25b3f3fae555788,job_to_state_s,1.5583364579943009,0.006281092006247491,5,
calibration,hs_n18,cell-2a4ed2570b383e0cc9be8f709cd0ae9a21d4dc6a256e8134e25b3f3fae555788,job_to_state_cached_path_s,1.5583369099767879,0.006281073030550033,5,
calibration,hs_n18,cell-2a4ed2570b383e0cc9be8f709cd0ae9a21d4dc6a256e8134e25b3f3fae555788,kernel_s,0.075920075,4.206200000000937e-05,5,
calibration,hs_n18,cell-d2a8e7a73666fa621549ac57fdd47b092338b048889dfa25ee8e6239a8ba99b0,prepared_call_s,2.0396264389855787,0.023395936004817486,5,
calibration,hs_n18,cell-d2a8e7a73666fa621549ac57fdd47b092338b048889dfa25ee8e6239a8ba99b0,job_to_state_s,2.3080123689724132,0.02003679401241243,5,
calibration,hs_n18,cell-d2a8e7a73666fa621549ac57fdd47b092338b048889dfa25ee8e6239a8ba99b0,job_to_state_cached_path_s,2.308012822002638,0.020036741043440998,5,
calibration,hs_n18,cell-d2a8e7a73666fa621549ac57fdd47b092338b048889dfa25ee8e6239a8ba99b0,kernel_s,0.44624940199999996,0.0018019090000001015,5,
calibration,bb84_n18,cell-1ecd50fb53ab8b81de7b4edafbca637a05b50837f567d494ea7ab719b544f281,prepared_call_s,0.8722887809854001,0.0022578019998036325,7,
calibration,bb84_n18,cell-1ecd50fb53ab8b81de7b4edafbca637a05b50837f567d494ea7ab719b544f281,job_to_state_s,0.8973361550015397,0.0020467760041356087,7,
calibration,bb84_n18,cell-1ecd50fb53ab8b81de7b4edafbca637a05b50837f567d494ea7ab719b544f281,job_to_state_cached_path_s,0.8973365109995939,0.0020469119772315025,7,
calibration,bb84_n18,cell-1ecd50fb53ab8b81de7b4edafbca637a05b50837f567d494ea7ab719b544f281,kernel_s,0.336863058,0.0005998450000000433,7,
calibration,edc_n17,cell-cd80fe1a6a9f6c39307b05663c8aa896428b54d8d994d17ba5be859d566329c2,prepared_call_s,3.1733466390287504,0.0031542510259896517,5,
calibration,edc_n17,cell-cd80fe1a6a9f6c39307b05663c8aa896428b54d8d994d17ba5be859d566329c2,job_to_state_s,3.357678388012573,0.0017073579947464168,5,
calibration,edc_n17,cell-cd80fe1a6a9f6c39307b05663c8aa896428b54d8d994d17ba5be859d566329c2,job_to_state_cached_path_s,3.357679092034232,0.0017071749898605049,5,
calibration,edc_n17,cell-cd80fe1a6a9f6c39307b05663c8aa896428b54d8d994d17ba5be859d566329c2,kernel_s,2.1108242980000003,0.0009674870000000446,5,
calibration,hs_n18,cell-99105ac859c8519f3109d1bebd8d542fa8e46156b1bb809dd933f76afd533233,prepared_call_s,1.052492714021355,0.0209533569868654,5,
calibration,hs_n18,cell-99105ac859c8519f3109d1bebd8d542fa8e46156b1bb809dd933f76afd533233,job_to_state_s,1.4515161290182732,0.01479299901984632,5,
calibration,hs_n18,cell-99105ac859c8519f3109d1bebd8d542fa8e46156b1bb809dd933f76afd533233,job_to_state_cached_path_s,1.4515167589997873,0.014793152047786862,5,
calibration,hs_n18,cell-99105ac859c8519f3109d1bebd8d542fa8e46156b1bb809dd933f76afd533233,kernel_s,0.028668018,6.866799999999743e-05,5,
calibration,stress_n16_l2,cell-5e36407afd180f2af94b961520c5841e27d12782a9dc95640663496e1338f85d,prepared_call_s,2.5126206100103445,0.04289657698245719,5,
calibration,stress_n16_l2,cell-5e36407afd180f2af94b961520c5841e27d12782a9dc95640663496e1338f85d,job_to_state_s,2.758351433032658,0.034417640999890864,5,
calibration,stress_n16_l2,cell-5e36407afd180f2af94b961520c5841e27d12782a9dc95640663496e1338f85d,job_to_state_cached_path_s,2.7583517850143835,0.03441772802034393,5,
calibration,stress_n16_l2,cell-5e36407afd180f2af94b961520c5841e27d12782a9dc95640663496e1338f85d,kernel_s,1.0524096920000001,0.005140209000000118,5,
calibration,stress_n16_l2,cell-48c0a82e19ec551dccb9ccd107297321d440615b4f269b9d344e86923d95e575,prepared_call_s,0.9309324350324459,0.004527428071014583,5,
calibration,stress_n16_l2,cell-48c0a82e19ec551dccb9ccd107297321d440615b4f269b9d344e86923d95e575,job_to_state_s,1.2828693550545722,0.0032024559914134443,5,
calibration,stress_n16_l2,cell-48c0a82e19ec551dccb9ccd107297321d440615b4f269b9d344e86923d95e575,job_to_state_cached_path_s,1.2828697320073843,0.003202472988050431,5,
calibration,stress_n16_l2,cell-48c0a82e19ec551dccb9ccd107297321d440615b4f269b9d344e86923d95e575,kernel_s,0.06612254299999999,0.00019740299999999877,5,
calibration,stress_n16_l2,cell-711bb0cef56734486d89270123d5047cfef1bd9b13defc5fe4d099c6f464d895,prepared_call_s,2.262074987986125,0.019651351030915976,5,
calibration,stress_n16_l2,cell-711bb0cef56734486d89270123d5047cfef1bd9b13defc5fe4d099c6f464d895,job_to_state_s,2.5047526209964417,0.014481150021310896,5,
calibration,stress_n16_l2,cell-711bb0cef56734486d89270123d5047cfef1bd9b13defc5fe4d099c6f464d895,job_to_state_cached_path_s,2.5047531679738313,0.01448135997634381,5,
calibration,stress_n16_l2,cell-711bb0cef56734486d89270123d5047cfef1bd9b13defc5fe4d099c6f464d895,kernel_s,0.8150018569999999,0.001319341000000085,5,
calibration,bv_n18,cell-1b9d88860dc1ae632b124cf206767d8997f7e2d1eeb66942d1f5123ea055c07a,prepared_call_s,0.5650336259859614,0.016528517997357994,5,
calibration,bv_n18,cell-1b9d88860dc1ae632b124cf206767d8997f7e2d1eeb66942d1f5123ea055c07a,job_to_state_s,0.6735379500314593,0.016268687031697482,5,
calibration,bv_n18,cell-1b9d88860dc1ae632b124cf206767d8997f7e2d1eeb66942d1f5123ea055c07a,job_to_state_cached_path_s,0.6735383270424791,0.01626869704341516,5,
calibration,bv_n18,cell-1b9d88860dc1ae632b124cf206767d8997f7e2d1eeb66942d1f5123ea055c07a,kernel_s,0.021562547,5.7345999999999786e-05,5,
calibration,stress_n18_l2,cell-e26ecc69d33014457b191cf2925088d26cb28e4312734bf7244cf85bbb67cf02,prepared_call_s,1.4449545679963194,0.005615876987576485,5,
calibration,stress_n18_l2,cell-e26ecc69d33014457b191cf2925088d26cb28e4312734bf7244cf85bbb67cf02,job_to_state_s,1.9522844569873996,0.02755137102212757,5,
calibration,stress_n18_l2,cell-e26ecc69d33014457b191cf2925088d26cb28e4312734bf7244cf85bbb67cf02,job_to_state_cached_path_s,1.9522848270135,0.02755123603856191,5,
calibration,stress_n18_l2,cell-e26ecc69d33014457b191cf2925088d26cb28e4312734bf7244cf85bbb67cf02,kernel_s,0.10656773500000002,3.9486000000032995e-05,5,
calibration,ghz_n18,cell-757100a9fc002cdaef830dd9ec210d6618b75274167aa91cab00e8f3b925566d,prepared_call_s,1.3322425759979524,0.023430649016518146,5,
calibration,ghz_n18,cell-757100a9fc002cdaef830dd9ec210d6618b75274167aa91cab00e8f3b925566d,job_to_state_s,1.4155050389817916,0.012633892998564988,5,
calibration,ghz_n18,cell-757100a9fc002cdaef830dd9ec210d6618b75274167aa91cab00e8f3b925566d,job_to_state_cached_path_s,1.4155056119780056,0.012633918959181756,5,
calibration,ghz_n18,cell-757100a9fc002cdaef830dd9ec210d6618b75274167aa91cab00e8f3b925566d,kernel_s,0.045227284,7.201899999999956e-05,5,
calibration,xor_n18,cell-6cf996268c566df660fb0566c033d0564e0008fea07bf9d77f7ea130de99649c,prepared_call_s,4.513964191020932,0.17616813897620887,5,
calibration,xor_n18,cell-6cf996268c566df660fb0566c033d0564e0008fea07bf9d77f7ea130de99649c,job_to_state_s,4.614080600964371,0.17611700599081814,5,
calibration,xor_n18,cell-6cf996268c566df660fb0566c033d0564e0008fea07bf9d77f7ea130de99649c,job_to_state_cached_path_s,4.6140809140051715,0.17611703998409212,5,
calibration,xor_n18,cell-6cf996268c566df660fb0566c033d0564e0008fea07bf9d77f7ea130de99649c,kernel_s,2.291143622,0.03489160899999977,5,
calibration,bb84_n18,cell-a31ebb6b0207a41d5afb98416e3dd2343d493a97430cf0858204fbe1793c5596,prepared_call_s,0.43774983298499137,0.0011309490073472261,7,
calibration,bb84_n18,cell-a31ebb6b0207a41d5afb98416e3dd2343d493a97430cf0858204fbe1793c5596,job_to_state_s,0.47380028100451455,0.0009653339511714876,7,
calibration,bb84_n18,cell-a31ebb6b0207a41d5afb98416e3dd2343d493a97430cf0858204fbe1793c5596,job_to_state_cached_path_s,0.47380065999459475,0.0009653889574110508,7,
calibration,bb84_n18,cell-a31ebb6b0207a41d5afb98416e3dd2343d493a97430cf0858204fbe1793c5596,kernel_s,0.07538472900000001,2.077700000001348e-05,7,
calibration,hs_n18,cell-21e77bd5995e103c62ce1087c1ae3f60fda72b0e27e363a739c8a2a67dbc1274,prepared_call_s,2.0673094570520334,0.015965904050972313,5,
calibration,hs_n18,cell-21e77bd5995e103c62ce1087c1ae3f60fda72b0e27e363a739c8a2a67dbc1274,job_to_state_s,2.3374734899844043,0.013377679977566004,5,
calibration,hs_n18,cell-21e77bd5995e103c62ce1087c1ae3f60fda72b0e27e363a739c8a2a67dbc1274,job_to_state_cached_path_s,2.3374741559964605,0.01337787602096796,5,
calibration,hs_n18,cell-21e77bd5995e103c62ce1087c1ae3f60fda72b0e27e363a739c8a2a67dbc1274,kernel_s,0.44628149999999994,0.006464304000000143,5,
calibration,bb84_n18,cell-b78029ce36c368f96556572c8337c102b9b460e967783f5a63dbe7da8c770935,prepared_call_s,0.5117938969633542,0.0018937400309368968,5,
calibration,bb84_n18,cell-b78029ce36c368f96556572c8337c102b9b460e967783f5a63dbe7da8c770935,job_to_state_s,0.5482058899942786,0.002034486038610339,5,
calibration,bb84_n18,cell-b78029ce36c368f96556572c8337c102b9b460e967783f5a63dbe7da8c770935,job_to_state_cached_path_s,0.5482065179967321,0.002034539997112006,5,
calibration,bb84_n18,cell-b78029ce36c368f96556572c8337c102b9b460e967783f5a63dbe7da8c770935,kernel_s,0.08079366300000002,4.1125000000002965e-05,5,
calibration,hs_n18,cell-6b1a31d7984b1fae32e9d377ec2ad1a58c9ec2e32c82cdb9abb508ca4c6efa37,prepared_call_s,1.2608115170150995,0.011632077977992594,5,
calibration,hs_n18,cell-6b1a31d7984b1fae32e9d377ec2ad1a58c9ec2e32c82cdb9abb508ca4c6efa37,job_to_state_s,1.6569669360178523,0.014295044995378703,5,
calibration,hs_n18,cell-6b1a31d7984b1fae32e9d377ec2ad1a58c9ec2e32c82cdb9abb508ca4c6efa37,job_to_state_cached_path_s,1.6569672170444392,0.014294877008069307,5,
calibration,hs_n18,cell-6b1a31d7984b1fae32e9d377ec2ad1a58c9ec2e32c82cdb9abb508ca4c6efa37,kernel_s,0.14209685400000002,0.0013615420000000211,5,
calibration,qrng_n18,cell-466bea24fbf162983177cfae827aedcfe47a67773106576ddef1b871be6ebf28,prepared_call_s,0.8146458099945448,0.008522403019014746,7,
calibration,qrng_n18,cell-466bea24fbf162983177cfae827aedcfe47a67773106576ddef1b871be6ebf28,job_to_state_s,0.8399433789891191,0.008649838040582836,7,
calibration,qrng_n18,cell-466bea24fbf162983177cfae827aedcfe47a67773106576ddef1b871be6ebf28,job_to_state_cached_path_s,0.8399437369662337,0.008649839088320732,7,
calibration,qrng_n18,cell-466bea24fbf162983177cfae827aedcfe47a67773106576ddef1b871be6ebf28,kernel_s,0.13808369599999998,0.0003665059999999887,7,
calibration,xor_n18,cell-f1506a6e4040d69275f3d8942bd233b7c0b99745db6edf0b2d8a75176152de92,prepared_call_s,1.235135905968491,0.002769061946310103,5,
calibration,xor_n18,cell-f1506a6e4040d69275f3d8942bd233b7c0b99745db6edf0b2d8a75176152de92,job_to_state_s,1.3817290349979885,0.0026396570028737187,5,
calibration,xor_n18,cell-f1506a6e4040d69275f3d8942bd233b7c0b99745db6edf0b2d8a75176152de92,job_to_state_cached_path_s,1.3817293749889359,0.0026396119501441717,5,
calibration,xor_n18,cell-f1506a6e4040d69275f3d8942bd233b7c0b99745db6edf0b2d8a75176152de92,kernel_s,0.021007601,2.8666999999999582e-05,5,
calibration,ghz_n18,cell-c7913c79b966a426b0e9c9540271a4d65573a16b942ba44e315d8f5e2d246e90,prepared_call_s,1.236548368993681,0.0039624079945497215,5,
calibration,ghz_n18,cell-c7913c79b966a426b0e9c9540271a4d65573a16b942ba44e315d8f5e2d246e90,job_to_state_s,1.320489770034328,0.0042220300529152155,5,
calibration,ghz_n18,cell-c7913c79b966a426b0e9c9540271a4d65573a16b942ba44e315d8f5e2d246e90,job_to_state_cached_path_s,1.3204901770222932,0.004221907060127705,5,
calibration,ghz_n18,cell-c7913c79b966a426b0e9c9540271a4d65573a16b942ba44e315d8f5e2d246e90,kernel_s,0.156515077,0.00018964599999998777,5,
calibration,stress_n16_l2,cell-c5c529d8d874ccae6af7a9fc1d586ac85c99fb16d064931b10cea98e4ffb5445,prepared_call_s,1.4166408820310608,0.005196106038056314,5,
calibration,stress_n16_l2,cell-c5c529d8d874ccae6af7a9fc1d586ac85c99fb16d064931b10cea98e4ffb5445,job_to_state_s,1.7737118920194916,0.011392486048862338,5,
calibration,stress_n16_l2,cell-c5c529d8d874ccae6af7a9fc1d586ac85c99fb16d064931b10cea98e4ffb5445,job_to_state_cached_path_s,1.7737122920225374,0.011392477026674896,5,
calibration,stress_n16_l2,cell-c5c529d8d874ccae6af7a9fc1d586ac85c99fb16d064931b10cea98e4ffb5445,kernel_s,0.543789093,2.1051999999910365e-05,5,
calibration,bb84_n18,cell-4462c4fa72751a611cc360651ce63900d5cd03c062c58c0a3816d7ae3c658526,prepared_call_s,0.6330154950264841,0.010718707053456455,5,
calibration,bb84_n18,cell-4462c4fa72751a611cc360651ce63900d5cd03c062c58c0a3816d7ae3c658526,job_to_state_s,0.6683717560372315,0.010211098997388035,5,
calibration,bb84_n18,cell-4462c4fa72751a611cc360651ce63900d5cd03c062c58c0a3816d7ae3c658526,job_to_state_cached_path_s,0.6683720430009998,0.010211048007477075,5,
calibration,bb84_n18,cell-4462c4fa72751a611cc360651ce63900d5cd03c062c58c0a3816d7ae3c658526,kernel_s,0.055409841,2.7518999999996685e-05,5,
calibration,hs_n18,cell-31b19b10b1d1886c26765c3cb05e62f1cb384dbd879b5655600d4d80bf1eb616,prepared_call_s,2.0577513829921372,0.01886024500709027,5,
calibration,hs_n18,cell-31b19b10b1d1886c26765c3cb05e62f1cb384dbd879b5655600d4d80bf1eb616,job_to_state_s,2.3264250239590183,0.013954108057077974,5,
calibration,hs_n18,cell-31b19b10b1d1886c26765c3cb05e62f1cb384dbd879b5655600d4d80bf1eb616,job_to_state_cached_path_s,2.326425354985986,0.013954155030660331,5,
calibration,hs_n18,cell-31b19b10b1d1886c26765c3cb05e62f1cb384dbd879b5655600d4d80bf1eb616,kernel_s,0.454640245,0.0016909309999998956,5,
calibration,bv_n18,cell-d939071d201339f3f0116e8b10395662573c34f2159e52fbe3c3a7e1badffa83,prepared_call_s,0.7324038500082679,0.011123176955152303,5,
calibration,bv_n18,cell-d939071d201339f3f0116e8b10395662573c34f2159e52fbe3c3a7e1badffa83,job_to_state_s,0.8413325899746269,0.01048617297783494,5,
calibration,bv_n18,cell-d939071d201339f3f0116e8b10395662573c34f2159e52fbe3c3a7e1badffa83,job_to_state_cached_path_s,0.8413330820039846,0.0104860799619928,5,
calibration,bv_n18,cell-d939071d201339f3f0116e8b10395662573c34f2159e52fbe3c3a7e1badffa83,kernel_s,0.076800039,4.086300000000209e-05,5,
calibration,xor_n18,cell-e25c37833c166ed599233395ea9869fb10a6ec5d2bde52db23618517abb810a1,prepared_call_s,1.3384944249992259,0.003380764042958617,5,
calibration,xor_n18,cell-e25c37833c166ed599233395ea9869fb10a6ec5d2bde52db23618517abb810a1,job_to_state_s,1.4994439639849588,0.015441703028045595,5,
calibration,xor_n18,cell-e25c37833c166ed599233395ea9869fb10a6ec5d2bde52db23618517abb810a1,job_to_state_cached_path_s,1.499444390006829,0.015441188006661832,5,
calibration,xor_n18,cell-e25c37833c166ed599233395ea9869fb10a6ec5d2bde52db23618517abb810a1,kernel_s,0.018576140999999997,2.7029999999997334e-05,5,
calibration,hs_n18,cell-ab39e84fd14b8e44fad59264d1be0077b033437e52d646aa5015f5811a421e8d,prepared_call_s,1.1488347830018029,0.0029507490107789636,5,
calibration,hs_n18,cell-ab39e84fd14b8e44fad59264d1be0077b033437e52d646aa5015f5811a421e8d,job_to_state_s,1.5431787880370393,0.010908688011113554,5,
calibration,hs_n18,cell-ab39e84fd14b8e44fad59264d1be0077b033437e52d646aa5015f5811a421e8d,job_to_state_cached_path_s,1.5431793209863827,0.010908647964242846,5,
calibration,hs_n18,cell-ab39e84fd14b8e44fad59264d1be0077b033437e52d646aa5015f5811a421e8d,kernel_s,0.023655483999999997,2.2365000000003354e-05,5,
calibration,edc_n17,cell-20f030b1d877b1b931978161fc431edfd37f51bf58e78d734b722236a0fabd07,prepared_call_s,1.1325345080113038,0.002734801033511758,5,
calibration,edc_n17,cell-20f030b1d877b1b931978161fc431edfd37f51bf58e78d734b722236a0fabd07,job_to_state_s,1.3149210250121541,0.003763659973628819,5,
calibration,edc_n17,cell-20f030b1d877b1b931978161fc431edfd37f51bf58e78d734b722236a0fabd07,job_to_state_cached_path_s,1.314921394980047,0.0037636649794876575,5,
calibration,edc_n17,cell-20f030b1d877b1b931978161fc431edfd37f51bf58e78d734b722236a0fabd07,kernel_s,0.159850404,0.00011816600000000288,5,
calibration,xor_n18,cell-7d5b840e2538cf652f904274897b4a0ce866cfe39c49f63ae1f4ec0954a6c7ff,prepared_call_s,4.629722672980279,0.0447320100502111,5,
calibration,xor_n18,cell-7d5b840e2538cf652f904274897b4a0ce866cfe39c49f63ae1f4ec0954a6c7ff,job_to_state_s,4.731520706031006,0.04153100599069148,5,
calibration,xor_n18,cell-7d5b840e2538cf652f904274897b4a0ce866cfe39c49f63ae1f4ec0954a6c7ff,job_to_state_cached_path_s,4.731521218025591,0.041530905989930034,5,
calibration,xor_n18,cell-7d5b840e2538cf652f904274897b4a0ce866cfe39c49f63ae1f4ec0954a6c7ff,kernel_s,2.329201139,0.008170953000000036,5,
calibration,bv_n18,cell-8c6f4827ebdb3e9a25345a60717296cb7807780e4644907a631a02e7ee042c06,prepared_call_s,0.5447662210208364,0.0016900599584914744,5,
calibration,bv_n18,cell-8c6f4827ebdb3e9a25345a60717296cb7807780e4644907a631a02e7ee042c06,job_to_state_s,0.6540079599944875,0.0015234830207191408,5,
calibration,bv_n18,cell-8c6f4827ebdb3e9a25345a60717296cb7807780e4644907a631a02e7ee042c06,job_to_state_cached_path_s,0.654008565004915,0.001523646991699934,5,
calibration,bv_n18,cell-8c6f4827ebdb3e9a25345a60717296cb7807780e4644907a631a02e7ee042c06,kernel_s,0.019559716,1.5393999999998437e-05,5,
calibration,xor_n18,cell-4fbad9d4fce4140349346ca03dab524e9d638d6ae8d9498047beb046090115dc,prepared_call_s,1.7303996739792638,0.011088339961133897,5,
calibration,xor_n18,cell-4fbad9d4fce4140349346ca03dab524e9d638d6ae8d9498047beb046090115dc,job_to_state_s,1.8785461829975247,0.011082067037932575,5,
calibration,xor_n18,cell-4fbad9d4fce4140349346ca03dab524e9d638d6ae8d9498047beb046090115dc,job_to_state_cached_path_s,1.8785467820125632,0.011082055047154427,5,
calibration,xor_n18,cell-4fbad9d4fce4140349346ca03dab524e9d638d6ae8d9498047beb046090115dc,kernel_s,0.551684144,0.0011269259999999726,5,
calibration,stress_n18_l2,cell-39aaa6746aeb78e5659df04d9f4447872b59467028d9f4536469066316407f1c,prepared_call_s,2.130761019012425,0.0048309660051018,5,
calibration,stress_n18_l2,cell-39aaa6746aeb78e5659df04d9f4447872b59467028d9f4536469066316407f1c,job_to_state_s,2.6329121469752863,0.020533907983917743,5,
calibration,stress_n18_l2,cell-39aaa6746aeb78e5659df04d9f4447872b59467028d9f4536469066316407f1c,job_to_state_cached_path_s,2.632912602974102,0.020533672999590635,5,
calibration,stress_n18_l2,cell-39aaa6746aeb78e5659df04d9f4447872b59467028d9f4536469066316407f1c,kernel_s,0.750269016,0.0002951840000000594,5,
calibration,edc_n17,cell-e190a47082ec9e2551ee031f2d6142817c5fce0418797ac602a590ba7347497c,prepared_call_s,3.941504492016975,0.04094918497139588,5,
calibration,edc_n17,cell-e190a47082ec9e2551ee031f2d6142817c5fce0418797ac602a590ba7347497c,job_to_state_s,4.065131729003042,0.03978649398777634,5,
calibration,edc_n17,cell-e190a47082ec9e2551ee031f2d6142817c5fce0418797ac602a590ba7347497c,job_to_state_cached_path_s,4.065132304967847,0.03978667804040015,5,
calibration,edc_n17,cell-e190a47082ec9e2551ee031f2d6142817c5fce0418797ac602a590ba7347497c,kernel_s,2.300063991,0.006602308999999806,5,
calibration,xor_n18,cell-174e6da86e3e9c6b6aa429b9980b394d1565312f4b0528300b760b7e37eaddb8,prepared_call_s,4.592989800963551,0.050430129980668426,5,
calibration,xor_n18,cell-174e6da86e3e9c6b6aa429b9980b394d1565312f4b0528300b760b7e37eaddb8,job_to_state_s,4.692471349029802,0.05042797396890819,5,
calibration,xor_n18,cell-174e6da86e3e9c6b6aa429b9980b394d1565312f4b0528300b760b7e37eaddb8,job_to_state_cached_path_s,4.692472140013706,0.05042757897172123,5,
calibration,xor_n18,cell-174e6da86e3e9c6b6aa429b9980b394d1565312f4b0528300b760b7e37eaddb8,kernel_s,2.334725701,0.011020344999999931,5,
calibration,qrng_n18,cell-d5f96c62ddaeeb44586c4e0eb146db1abf9ec1900aef6bc302cf8b5cd41231e0,prepared_call_s,0.6905515459948219,0.00839275901671499,5,
calibration,qrng_n18,cell-d5f96c62ddaeeb44586c4e0eb146db1abf9ec1900aef6bc302cf8b5cd41231e0,job_to_state_s,0.7269762540236115,0.008492099004797637,5,
calibration,qrng_n18,cell-d5f96c62ddaeeb44586c4e0eb146db1abf9ec1900aef6bc302cf8b5cd41231e0,job_to_state_cached_path_s,0.7269770909915678,0.008492023043800145,5,
calibration,qrng_n18,cell-d5f96c62ddaeeb44586c4e0eb146db1abf9ec1900aef6bc302cf8b5cd41231e0,kernel_s,0.112352306,2.3946999999996388e-05,5,
calibration,stress_n16_l2,cell-93f0ac2d0c7d595135224a9fb698d1efd2bbee3ecf1f798835163dbe5f1cb723,prepared_call_s,3.1703557929722592,0.01757198793347925,5,
calibration,stress_n16_l2,cell-93f0ac2d0c7d595135224a9fb698d1efd2bbee3ecf1f798835163dbe5f1cb723,job_to_state_s,3.411820701963734,0.02111868601059541,5,
calibration,stress_n16_l2,cell-93f0ac2d0c7d595135224a9fb698d1efd2bbee3ecf1f798835163dbe5f1cb723,job_to_state_cached_path_s,3.4118214029585943,0.02111908799270168,5,
calibration,stress_n16_l2,cell-93f0ac2d0c7d595135224a9fb698d1efd2bbee3ecf1f798835163dbe5f1cb723,kernel_s,1.743216679,0.005948488999999668,5,
calibration,bb84_n18,cell-485dbea61732ce946e539d52183d18a85c9ddff07fffaf122247b3711d894860,prepared_call_s,0.8005736300256103,0.0028370279469527304,5,
calibration,bb84_n18,cell-485dbea61732ce946e539d52183d18a85c9ddff07fffaf122247b3711d894860,job_to_state_s,0.8252804840449244,0.002967210952192545,5,
calibration,bb84_n18,cell-485dbea61732ce946e539d52183d18a85c9ddff07fffaf122247b3711d894860,job_to_state_cached_path_s,0.8252809450495988,0.002967177948448807,5,
calibration,bb84_n18,cell-485dbea61732ce946e539d52183d18a85c9ddff07fffaf122247b3711d894860,kernel_s,0.264365733,9.195800000000309e-05,5,
calibration,bb84_n18,cell-4461b21dbc9f860e4b2c27e6f5fc01efbd8ed2a45202375e6bf4ce471faa671b,prepared_call_s,0.4029005549964495,0.0199349980102852,5,
calibration,bb84_n18,cell-4461b21dbc9f860e4b2c27e6f5fc01efbd8ed2a45202375e6bf4ce471faa671b,job_to_state_s,0.43895303294993937,0.020370674959849566,5,
calibration,bb84_n18,cell-4461b21dbc9f860e4b2c27e6f5fc01efbd8ed2a45202375e6bf4ce471faa671b,job_to_state_cached_path_s,0.4389533649664372,0.020370544982142746,5,
calibration,bb84_n18,cell-4461b21dbc9f860e4b2c27e6f5fc01efbd8ed2a45202375e6bf4ce471faa671b,kernel_s,0.018838577999999998,3.494999999999887e-05,5,
calibration,edc_n17,cell-6588f5e5635bb8d69c6eaec83a8876038cb82b468f0616de84e5e835a2e251a8,prepared_call_s,3.9212695169844665,0.012818004994187504,5,
calibration,edc_n17,cell-6588f5e5635bb8d69c6eaec83a8876038cb82b468f0616de84e5e835a2e251a8,job_to_state_s,4.045815521036275,0.013807737035676837,5,
calibration,edc_n17,cell-6588f5e5635bb8d69c6eaec83a8876038cb82b468f0616de84e5e835a2e251a8,job_to_state_cached_path_s,4.045816047000699,0.013807952986098826,5,
calibration,edc_n17,cell-6588f5e5635bb8d69c6eaec83a8876038cb82b468f0616de84e5e835a2e251a8,kernel_s,2.28513051,0.0017558729999995748,5,
calibration,xor_n18,cell-5a6c17786ad42cd2c61f851aa001e38956b083c936f8c4cac31856fde5f3c5cb,prepared_call_s,1.3690359779866412,0.016814798000268638,5,
calibration,xor_n18,cell-5a6c17786ad42cd2c61f851aa001e38956b083c936f8c4cac31856fde5f3c5cb,job_to_state_s,1.516909941972699,0.01720713503891602,5,
calibration,xor_n18,cell-5a6c17786ad42cd2c61f851aa001e38956b083c936f8c4cac31856fde5f3c5cb,job_to_state_cached_path_s,1.516910502978135,0.017206946038641036,5,
calibration,xor_n18,cell-5a6c17786ad42cd2c61f851aa001e38956b083c936f8c4cac31856fde5f3c5cb,kernel_s,0.16946269600000002,0.00018432699999998414,5,
calibration,ghz_n18,cell-ae53afd85c4870444496d5a7ca32891b894f507daae8d0a020992c46c0e7d532,prepared_call_s,1.5036859679967165,0.01688989799004048,5,
calibration,ghz_n18,cell-ae53afd85c4870444496d5a7ca32891b894f507daae8d0a020992c46c0e7d532,job_to_state_s,1.5870680800289847,0.01638416206697002,5,
calibration,ghz_n18,cell-ae53afd85c4870444496d5a7ca32891b894f507daae8d0a020992c46c0e7d532,job_to_state_cached_path_s,1.587068549997639,0.016384174989070743,5,
calibration,ghz_n18,cell-ae53afd85c4870444496d5a7ca32891b894f507daae8d0a020992c46c0e7d532,kernel_s,0.421337864,0.0005358329999999856,5,
calibration,bv_n18,cell-ad8cb6d223e15297a8c9b4d1de8844fc5148fdef4de7d8b78026ef1c53347be1,prepared_call_s,0.6122418559971265,0.013571771036367863,5,
calibration,bv_n18,cell-ad8cb6d223e15297a8c9b4d1de8844fc5148fdef4de7d8b78026ef1c53347be1,job_to_state_s,0.720963250962086,0.014151452982332557,5,
calibration,bv_n18,cell-ad8cb6d223e15297a8c9b4d1de8844fc5148fdef4de7d8b78026ef1c53347be1,job_to_state_cached_path_s,0.7209636149927974,0.014151344017591327,5,
calibration,bv_n18,cell-ad8cb6d223e15297a8c9b4d1de8844fc5148fdef4de7d8b78026ef1c53347be1,kernel_s,0.058213469,3.6416999999996924e-05,5,
calibration,bb84_n18,cell-9691e41fec5119b99405ec88069e28c597b1f9946a736f550a2aa7cb7ad0bb2c,prepared_call_s,0.5228855260065757,0.004858675005380064,5,
calibration,bb84_n18,cell-9691e41fec5119b99405ec88069e28c597b1f9946a736f550a2aa7cb7ad0bb2c,job_to_state_s,0.5590030910097994,0.004599545034579933,5,
calibration,bb84_n18,cell-9691e41fec5119b99405ec88069e28c597b1f9946a736f550a2aa7cb7ad0bb2c,job_to_state_cached_path_s,0.5590036369976588,0.004599521984346211,5,
calibration,bb84_n18,cell-9691e41fec5119b99405ec88069e28c597b1f9946a736f550a2aa7cb7ad0bb2c,kernel_s,0.09714272,0.0003022170000000074,5,
calibration,bb84_n18,cell-c6b638591bd34c0d44e720e47bcc94c8e172dcfd3df153f0796529185c7e5e8f,prepared_call_s,0.4212801660178229,0.004050056973937899,5,
calibration,bb84_n18,cell-c6b638591bd34c0d44e720e47bcc94c8e172dcfd3df153f0796529185c7e5e8f,job_to_state_s,0.4567962309811264,0.004229912010487169,5,
calibration,bb84_n18,cell-c6b638591bd34c0d44e720e47bcc94c8e172dcfd3df153f0796529185c7e5e8f,job_to_state_cached_path_s,0.4567967919865623,0.0042297239997424185,5,
calibration,bb84_n18,cell-c6b638591bd34c0d44e720e47bcc94c8e172dcfd3df153f0796529185c7e5e8f,kernel_s,0.056910283000000006,1.4990999999991983e-05,5,
calibration,ghz_n18,cell-b7e3ece906eb2f04b2bad735c1892a6360c90c6b1739f0dc8a24563370b055df,prepared_call_s,1.1157485200092196,0.02709343802416697,5,
calibration,ghz_n18,cell-b7e3ece906eb2f04b2bad735c1892a6360c90c6b1739f0dc8a24563370b055df,job_to_state_s,1.2005734709673561,0.027861607959493995,5,
calibration,ghz_n18,cell-b7e3ece906eb2f04b2bad735c1892a6360c90c6b1739f0dc8a24563370b055df,job_to_state_cached_path_s,1.2005738790030591,0.027861437003593892,5,
calibration,ghz_n18,cell-b7e3ece906eb2f04b2bad735c1892a6360c90c6b1739f0dc8a24563370b055df,kernel_s,0.065824273,0.0001519069999999928,5,
calibration,stress_n16_l2,cell-a1eeb691d153e0a5b6d128e8ed9b3d06645003f0708919b0f6f5246913cd5e07,prepared_call_s,2.268619653012138,0.01778615202056244,5,
calibration,stress_n16_l2,cell-a1eeb691d153e0a5b6d128e8ed9b3d06645003f0708919b0f6f5246913cd5e07,job_to_state_s,2.5107719270163216,0.023748297011479735,5,
calibration,stress_n16_l2,cell-a1eeb691d153e0a5b6d128e8ed9b3d06645003f0708919b0f6f5246913cd5e07,job_to_state_cached_path_s,2.510772228008136,0.023748130013700575,5,
calibration,stress_n16_l2,cell-a1eeb691d153e0a5b6d128e8ed9b3d06645003f0708919b0f6f5246913cd5e07,kernel_s,0.8285270100000002,0.0024825289999999,5,
calibration,edc_n17,cell-98d47586f377ec0841e201b236a3e4fded8f6fcf0b3d4aaf56070b138623e4c2,prepared_call_s,4.06732687400654,0.016008895996492356,5,
calibration,edc_n17,cell-98d47586f377ec0841e201b236a3e4fded8f6fcf0b3d4aaf56070b138623e4c2,job_to_state_s,4.189326169027481,0.017799936002120376,5,
calibration,edc_n17,cell-98d47586f377ec0841e201b236a3e4fded8f6fcf0b3d4aaf56070b138623e4c2,job_to_state_cached_path_s,4.189326544001233,0.017800333036575466,5,
calibration,edc_n17,cell-98d47586f377ec0841e201b236a3e4fded8f6fcf0b3d4aaf56070b138623e4c2,kernel_s,2.3538140600000004,0.0002340269999994149,5,
calibration,qrng_n18,cell-00cc838666e06c32ee9cbe9548f6dcb5f3d5cbfe85e6e9236a08ec28995c8633,prepared_call_s,1.7557379769859836,0.00991519697709009,5,
calibration,qrng_n18,cell-00cc838666e06c32ee9cbe9548f6dcb5f3d5cbfe85e6e9236a08ec28995c8633,job_to_state_s,1.780985233024694,0.010392456024419516,5,
calibration,qrng_n18,cell-00cc838666e06c32ee9cbe9548f6dcb5f3d5cbfe85e6e9236a08ec28995c8633,job_to_state_cached_path_s,1.7809856490348466,0.010392409982159734,5,
calibration,qrng_n18,cell-00cc838666e06c32ee9cbe9548f6dcb5f3d5cbfe85e6e9236a08ec28995c8633,kernel_s,1.219068691,0.0008538329999998595,5,
calibration,stress_n18_l2,cell-2becb6f4110c897b3b51c1323d60a99c13b9e58e2121af5a4e543326b1f9fbcc,prepared_call_s,2.3635380779742263,0.0011719110189005733,5,
calibration,stress_n18_l2,cell-2becb6f4110c897b3b51c1323d60a99c13b9e58e2121af5a4e543326b1f9fbcc,job_to_state_s,2.8798420460079797,0.006724937004037201,5,
calibration,stress_n18_l2,cell-2becb6f4110c897b3b51c1323d60a99c13b9e58e2121af5a4e543326b1f9fbcc,job_to_state_cached_path_s,2.8798424230189994,0.006725343992002308,5,
calibration,stress_n18_l2,cell-2becb6f4110c897b3b51c1323d60a99c13b9e58e2121af5a4e543326b1f9fbcc,kernel_s,0.9893526900000003,7.693699999955506e-05,5,
calibration,bv_n18,cell-f0592b63359092a4dd7f1fabbb4751557a7134794b5ac6d6210c354b46f52546,prepared_call_s,1.0971138129825704,0.005398482026066631,5,
calibration,bv_n18,cell-f0592b63359092a4dd7f1fabbb4751557a7134794b5ac6d6210c354b46f52546,job_to_state_s,1.1717526789871044,0.002917927980888635,5,
calibration,bv_n18,cell-f0592b63359092a4dd7f1fabbb4751557a7134794b5ac6d6210c354b46f52546,job_to_state_cached_path_s,1.1717530350433663,0.002917930076364428,5,
calibration,bv_n18,cell-f0592b63359092a4dd7f1fabbb4751557a7134794b5ac6d6210c354b46f52546,kernel_s,0.309673459,0.0007492920000000125,5,
calibration,qrng_n18,cell-80503432509a46026c261479ceccb14d6e7b19607484fcc1cd4ef0a1c49f2f1b,prepared_call_s,0.8420752920210361,0.01248286699410528,5,
calibration,qrng_n18,cell-80503432509a46026c261479ceccb14d6e7b19607484fcc1cd4ef0a1c49f2f1b,job_to_state_s,0.8793882160098292,0.012825343990698457,5,
calibration,qrng_n18,cell-80503432509a46026c261479ceccb14d6e7b19607484fcc1cd4ef0a1c49f2f1b,job_to_state_cached_path_s,0.879388565022964,0.012825206038542092,5,
calibration,qrng_n18,cell-80503432509a46026c261479ceccb14d6e7b19607484fcc1cd4ef0a1c49f2f1b,kernel_s,0.45487746,0.00044061499999997755,5,
calibration,edc_n17,cell-558fbfafd0736d8eb7f9b44c1780d982f3b74a2dfbdfd7f026d074c2eaace5b7,prepared_call_s,5.791942832991481,0.016108481970150024,5,
calibration,edc_n17,cell-558fbfafd0736d8eb7f9b44c1780d982f3b74a2dfbdfd7f026d074c2eaace5b7,job_to_state_s,5.915041366999503,0.01714974601054564,5,
calibration,edc_n17,cell-558fbfafd0736d8eb7f9b44c1780d982f3b74a2dfbdfd7f026d074c2eaace5b7,job_to_state_cached_path_s,5.915041679982096,0.017149457009509206,5,
calibration,edc_n17,cell-558fbfafd0736d8eb7f9b44c1780d982f3b74a2dfbdfd7f026d074c2eaace5b7,kernel_s,4.134935951,0.0015756900000001295,5,
calibration,bv_n18,cell-881e081ecb15439bbd4ae7c68e303dcfb850cf65661173bba0d90982e101c13e,prepared_call_s,0.5410416640224867,0.001573382061906159,5,
calibration,bv_n18,cell-881e081ecb15439bbd4ae7c68e303dcfb850cf65661173bba0d90982e101c13e,job_to_state_s,0.6499217440141365,0.0018734050099737942,5,
calibration,bv_n18,cell-881e081ecb15439bbd4ae7c68e303dcfb850cf65661173bba0d90982e101c13e,job_to_state_cached_path_s,0.6499221459962428,0.0018730720039457083,5,
calibration,bv_n18,cell-881e081ecb15439bbd4ae7c68e303dcfb850cf65661173bba0d90982e101c13e,kernel_s,0.025076354000000002,4.423100000000221e-05,5,
calibration,bv_n18,cell-a9bdd5311a2da6dd0c6cb06702412efba6322c98278b34559a3e66f02a5e13e0,prepared_call_s,0.8552836190210655,0.00550655199913308,5,
calibration,bv_n18,cell-a9bdd5311a2da6dd0c6cb06702412efba6322c98278b34559a3e66f02a5e13e0,job_to_state_s,0.9640835850150324,0.005379059002734721,5,
calibration,bv_n18,cell-a9bdd5311a2da6dd0c6cb06702412efba6322c98278b34559a3e66f02a5e13e0,job_to_state_cached_path_s,0.964083944039885,0.005378785019274801,5,
calibration,bv_n18,cell-a9bdd5311a2da6dd0c6cb06702412efba6322c98278b34559a3e66f02a5e13e0,kernel_s,0.023451568,9.225399999999995e-05,5,
calibration,bv_n18,cell-390fa7d6b9be20a490ed091d8e1ab35913b9aea0388eca2415116f6b348bc6d9,prepared_call_s,1.109888156002853,0.010659958992619067,5,
calibration,bv_n18,cell-390fa7d6b9be20a490ed091d8e1ab35913b9aea0388eca2415116f6b348bc6d9,job_to_state_s,1.1841437210096046,0.01058775099227205,5,
calibration,bv_n18,cell-390fa7d6b9be20a490ed091d8e1ab35913b9aea0388eca2415116f6b348bc6d9,job_to_state_cached_path_s,1.1841440080315806,0.010587905999273062,5,
calibration,bv_n18,cell-390fa7d6b9be20a490ed091d8e1ab35913b9aea0388eca2415116f6b348bc6d9,kernel_s,0.31382757,0.0005539250000000107,5,
calibration,hs_n18,cell-8fc3ac603a1b1c47a22fcd983d1cf216c2dd22271a26c27f778e882fd3870024,prepared_call_s,1.0623720529838465,0.012456424999982119,7,
calibration,hs_n18,cell-8fc3ac603a1b1c47a22fcd983d1cf216c2dd22271a26c27f778e882fd3870024,job_to_state_s,1.465762377018109,0.01899479201529175,7,
calibration,hs_n18,cell-8fc3ac603a1b1c47a22fcd983d1cf216c2dd22271a26c27f778e882fd3870024,job_to_state_cached_path_s,1.4657627230044454,0.01899479003623128,7,
calibration,hs_n18,cell-8fc3ac603a1b1c47a22fcd983d1cf216c2dd22271a26c27f778e882fd3870024,kernel_s,0.08454231499999999,0.00010112999999999095,7,
calibration,qrng_n18,cell-80955750d006c9840ed951e586f670c7b592cd9a479be7d35e205a6f0d093a76,prepared_call_s,0.4857287739869207,0.003397455031517893,7,
calibration,qrng_n18,cell-80955750d006c9840ed951e586f670c7b592cd9a479be7d35e205a6f0d093a76,job_to_state_s,0.5223670580307953,0.0030511929653584957,7,
calibration,qrng_n18,cell-80955750d006c9840ed951e586f670c7b592cd9a479be7d35e205a6f0d093a76,job_to_state_cached_path_s,0.5223675050074235,0.0030510849901475012,7,
calibration,qrng_n18,cell-80955750d006c9840ed951e586f670c7b592cd9a479be7d35e205a6f0d093a76,kernel_s,0.113631564,5.169100000000648e-05,7,
calibration,bb84_n18,cell-744763ee1435a7c5c11fda66358c3e551ab924ade778a193ac7c66affc13bbf0,prepared_call_s,0.6460486179566942,0.008196304028388113,5,
calibration,bb84_n18,cell-744763ee1435a7c5c11fda66358c3e551ab924ade778a193ac7c66affc13bbf0,job_to_state_s,0.6813075229874812,0.009210152027662843,5,
calibration,bb84_n18,cell-744763ee1435a7c5c11fda66358c3e551ab924ade778a193ac7c66affc13bbf0,job_to_state_cached_path_s,0.6813078899867833,0.009210164018440992,5,
calibration,bb84_n18,cell-744763ee1435a7c5c11fda66358c3e551ab924ade778a193ac7c66affc13bbf0,kernel_s,0.017470606,7.194400000000087e-05,5,
calibration,qrng_n18,cell-f93b465adf306054b2662503ecf9ddba060213ffbaf168f620a33f75a447985f,prepared_call_s,0.9228782650316134,0.0020405170507729053,5,
calibration,qrng_n18,cell-f93b465adf306054b2662503ecf9ddba060213ffbaf168f620a33f75a447985f,job_to_state_s,0.9484163610031828,0.00249615398934111,5,
calibration,qrng_n18,cell-f93b465adf306054b2662503ecf9ddba060213ffbaf168f620a33f75a447985f,job_to_state_cached_path_s,0.9484167329501361,0.002496106957551092,5,
calibration,qrng_n18,cell-f93b465adf306054b2662503ecf9ddba060213ffbaf168f620a33f75a447985f,kernel_s,0.384679097,0.0006608529999999613,5,
calibration,stress_n16_l2,cell-8d3bee3284cc511c816f0e425542abc1f1e17f92b5d30477ebbfddf20d07c3c8,prepared_call_s,0.9361690129735507,0.008160146011505276,5,
calibration,stress_n16_l2,cell-8d3bee3284cc511c816f0e425542abc1f1e17f92b5d30477ebbfddf20d07c3c8,job_to_state_s,1.285381993977353,0.007189489027950913,5,
calibration,stress_n16_l2,cell-8d3bee3284cc511c816f0e425542abc1f1e17f92b5d30477ebbfddf20d07c3c8,job_to_state_cached_path_s,1.2853823780314997,0.007189494965132326,5,
calibration,stress_n16_l2,cell-8d3bee3284cc511c816f0e425542abc1f1e17f92b5d30477ebbfddf20d07c3c8,kernel_s,0.014697998,9.506500000000008e-05,5,
calibration,bv_n18,cell-f9699673e401258dc5947c5d0a0e08656ec492478abe46337b3d63b1b776101a,prepared_call_s,0.578133278992027,0.009752177051268518,5,
calibration,bv_n18,cell-f9699673e401258dc5947c5d0a0e08656ec492478abe46337b3d63b1b776101a,job_to_state_s,0.6862420190009288,0.01244473597034812,5,
calibration,bv_n18,cell-f9699673e401258dc5947c5d0a0e08656ec492478abe46337b3d63b1b776101a,job_to_state_cached_path_s,0.6862425080034882,0.01244477299042046,5,
calibration,bv_n18,cell-f9699673e401258dc5947c5d0a0e08656ec492478abe46337b3d63b1b776101a,kernel_s,0.023328869000000002,2.4707999999998287e-05,5,
calibration,hs_n18,cell-cde87601882f2fdc3d1805612483d608d3ef97161564649761deb12f18038ac0,prepared_call_s,1.423223176971078,0.004140152013860643,5,
calibration,hs_n18,cell-cde87601882f2fdc3d1805612483d608d3ef97161564649761deb12f18038ac0,job_to_state_s,1.8279809730011038,0.0022723989677615464,5,
calibration,hs_n18,cell-cde87601882f2fdc3d1805612483d608d3ef97161564649761deb12f18038ac0,job_to_state_cached_path_s,1.8279813189874403,0.002272358979098499,5,
calibration,hs_n18,cell-cde87601882f2fdc3d1805612483d608d3ef97161564649761deb12f18038ac0,kernel_s,0.353393401,0.00043578999999999146,5,
calibration,stress_n18_l2,cell-97f823a226b26f0937e1d59e61c36adf63d5ad80d99a317c7636d47b8d959e09,prepared_call_s,1.2969278690288775,0.006488823040854186,5,
calibration,stress_n18_l2,cell-97f823a226b26f0937e1d59e61c36adf63d5ad80d99a317c7636d47b8d959e09,job_to_state_s,1.7965413890196942,0.018469222995918244,5,
calibration,stress_n18_l2,cell-97f823a226b26f0937e1d59e61c36adf63d5ad80d99a317c7636d47b8d959e09,job_to_state_cached_path_s,1.7965417010127567,0.01846946298610419,5,
calibration,stress_n18_l2,cell-97f823a226b26f0937e1d59e61c36adf63d5ad80d99a317c7636d47b8d959e09,kernel_s,0.032512585,2.4260999999997646e-05,5,
calibration,stress_n18_l2,cell-e07b5c2fc3b325c8bcc49c89bcd6054546028b47246122a77c55f6f6979c0c76,prepared_call_s,2.834982513973955,0.0068969420390203595,5,
calibration,stress_n18_l2,cell-e07b5c2fc3b325c8bcc49c89bcd6054546028b47246122a77c55f6f6979c0c76,job_to_state_s,3.349232125969138,0.02386607596417889,5,
calibration,stress_n18_l2,cell-e07b5c2fc3b325c8bcc49c89bcd6054546028b47246122a77c55f6f6979c0c76,job_to_state_cached_path_s,3.3492324679973535,0.023865941038820893,5,
calibration,stress_n18_l2,cell-e07b5c2fc3b325c8bcc49c89bcd6054546028b47246122a77c55f6f6979c0c76,kernel_s,1.4675771649999998,2.8362000000115017e-05,5,
calibration,bb84_n18,cell-81d944ad32fa493c692697452a4622141ce4bc0ada0ded9f04f1fa0479f5909a,prepared_call_s,1.0460616790223867,0.005339837982319295,5,
calibration,bb84_n18,cell-81d944ad32fa493c692697452a4622141ce4bc0ada0ded9f04f1fa0479f5909a,job_to_state_s,1.0709805660299025,0.004976422002073377,5,
calibration,bb84_n18,cell-81d944ad32fa493c692697452a4622141ce4bc0ada0ded9f04f1fa0479f5909a,job_to_state_cached_path_s,1.0709809620166197,0.004976531025022268,5,
calibration,bb84_n18,cell-81d944ad32fa493c692697452a4622141ce4bc0ada0ded9f04f1fa0479f5909a,kernel_s,0.511535498,0.00033173800000008136,5,
calibration,stress_n18_l2,cell-e028efd228d204f0a2b741035c798f3cb3562685c0b661a41000ffb7ba890950,prepared_call_s,3.89440064097289,0.0019628379377536476,5,
calibration,stress_n18_l2,cell-e028efd228d204f0a2b741035c798f3cb3562685c0b661a41000ffb7ba890950,job_to_state_s,4.39340182300657,0.00991890300065279,5,
calibration,stress_n18_l2,cell-e028efd228d204f0a2b741035c798f3cb3562685c0b661a41000ffb7ba890950,job_to_state_cached_path_s,4.393402378016617,0.009918703988660127,5,
calibration,stress_n18_l2,cell-e028efd228d204f0a2b741035c798f3cb3562685c0b661a41000ffb7ba890950,kernel_s,2.454248326,0.001661111000000215,5,
calibration,xor_n18,cell-f50b142657d3734cfd4d8f0db8669eef42ec5f4174f4eb677bd1d7da8a92392a,prepared_call_s,3.075114142964594,0.008935863035731018,5,
calibration,xor_n18,cell-f50b142657d3734cfd4d8f0db8669eef42ec5f4174f4eb677bd1d7da8a92392a,job_to_state_s,3.223742987960577,0.009601175086572766,5,
calibration,xor_n18,cell-f50b142657d3734cfd4d8f0db8669eef42ec5f4174f4eb677bd1d7da8a92392a,job_to_state_cached_path_s,3.2237434099661186,0.00960138306254521,5,
calibration,xor_n18,cell-f50b142657d3734cfd4d8f0db8669eef42ec5f4174f4eb677bd1d7da8a92392a,kernel_s,1.8426581229999999,0.006852304000000142,5,
calibration,xor_n18,cell-a3eff174ceffb0fca9cb33f393748e4969dfb3fe02f241b67159cea4832d6490,prepared_call_s,1.6024774680263363,0.01779342000372708,5,
calibration,xor_n18,cell-a3eff174ceffb0fca9cb33f393748e4969dfb3fe02f241b67159cea4832d6490,job_to_state_s,1.7498973199981265,0.016506838030181825,5,
calibration,xor_n18,cell-a3eff174ceffb0fca9cb33f393748e4969dfb3fe02f241b67159cea4832d6490,job_to_state_cached_path_s,1.7498985879938118,0.016507842985447496,5,
calibration,xor_n18,cell-a3eff174ceffb0fca9cb33f393748e4969dfb3fe02f241b67159cea4832d6490,kernel_s,0.42389356,0.00031234000000002204,5,
calibration,hs_n18,cell-098c63a3aa14fd727b444886359706baee3164b9dad72b8bfbc7426df735cdd4,prepared_call_s,2.196216960030142,0.021591986995190382,5,
calibration,hs_n18,cell-098c63a3aa14fd727b444886359706baee3164b9dad72b8bfbc7426df735cdd4,job_to_state_s,2.4655520109809004,0.022681255009956658,5,
calibration,hs_n18,cell-098c63a3aa14fd727b444886359706baee3164b9dad72b8bfbc7426df735cdd4,job_to_state_cached_path_s,2.46555244398769,0.022681139991618693,5,
calibration,hs_n18,cell-098c63a3aa14fd727b444886359706baee3164b9dad72b8bfbc7426df735cdd4,kernel_s,0.597858206,0.0015783500000000616,5,
calibration,edc_n17,cell-28a076e81e2ce786fed441c12b120aec7afb9b54fe94475395c4a7c4e196f7ae,prepared_call_s,5.7851923069683835,0.017164683958981186,5,
calibration,edc_n17,cell-28a076e81e2ce786fed441c12b120aec7afb9b54fe94475395c4a7c4e196f7ae,job_to_state_s,5.9183636360103264,0.02838935801992193,5,
calibration,edc_n17,cell-28a076e81e2ce786fed441c12b120aec7afb9b54fe94475395c4a7c4e196f7ae,job_to_state_cached_path_s,5.918364136014134,0.02838948799762875,5,
calibration,edc_n17,cell-28a076e81e2ce786fed441c12b120aec7afb9b54fe94475395c4a7c4e196f7ae,kernel_s,4.136039935,0.0029722039999997563,5,
calibration,bv_n18,cell-9cdf896f1b31dad89b1a6e2614868103decb3c8459e0ce2364d3d147a5d33c8b,prepared_call_s,0.6988201640197076,0.015122240001801401,5,
calibration,bv_n18,cell-9cdf896f1b31dad89b1a6e2614868103decb3c8459e0ce2364d3d147a5d33c8b,job_to_state_s,0.8090260439785197,0.014324483054224402,5,
calibration,bv_n18,cell-9cdf896f1b31dad89b1a6e2614868103decb3c8459e0ce2364d3d147a5d33c8b,job_to_state_cached_path_s,0.8090262849582359,0.014324770076200366,5,
calibration,bv_n18,cell-9cdf896f1b31dad89b1a6e2614868103decb3c8459e0ce2364d3d147a5d33c8b,kernel_s,0.15334540400000002,5.5566999999978606e-05,5,
calibration,bv_n18,cell-a16afb173de7f6bde7b64395cd335727f945079499943405494fdb1ac5376fdf,prepared_call_s,1.3465946050127968,0.01450721500441432,5,
calibration,bv_n18,cell-a16afb173de7f6bde7b64395cd335727f945079499943405494fdb1ac5376fdf,job_to_state_s,1.4211187019827776,0.015379451040644199,5,
calibration,bv_n18,cell-a16afb173de7f6bde7b64395cd335727f945079499943405494fdb1ac5376fdf,job_to_state_cached_path_s,1.421119179984089,0.015379480028059334,5,
calibration,bv_n18,cell-a16afb173de7f6bde7b64395cd335727f945079499943405494fdb1ac5376fdf,kernel_s,0.556321343,0.0016444820000000027,5,
calibration,hs_n18,cell-e15406721fd4fbadc501d6ec6616ef35cae714a043f08b3233805070848ae931,prepared_call_s,2.094194985984359,0.010709116992074996,5,
calibration,hs_n18,cell-e15406721fd4fbadc501d6ec6616ef35cae714a043f08b3233805070848ae931,job_to_state_s,2.364533582003787,0.00481473101535812,5,
calibration,hs_n18,cell-e15406721fd4fbadc501d6ec6616ef35cae714a043f08b3233805070848ae931,job_to_state_cached_path_s,2.3645340090151876,0.004814289044588804,5,
calibration,hs_n18,cell-e15406721fd4fbadc501d6ec6616ef35cae714a043f08b3233805070848ae931,kernel_s,0.44449682499999993,0.0038448110000001146,5,
calibration,hs_n18,cell-f8e5f77ddbcd944e83b05fc3b89b0e4045b283344bd5d28ce37f3c24514b85ee,prepared_call_s,1.0405263550346717,0.02284368104301393,5,
calibration,hs_n18,cell-f8e5f77ddbcd944e83b05fc3b89b0e4045b283344bd5d28ce37f3c24514b85ee,job_to_state_s,1.4368790360167623,0.016624861978925765,5,
calibration,hs_n18,cell-f8e5f77ddbcd944e83b05fc3b89b0e4045b283344bd5d28ce37f3c24514b85ee,job_to_state_cached_path_s,1.4368795980117284,0.016624666983261704,5,
calibration,hs_n18,cell-f8e5f77ddbcd944e83b05fc3b89b0e4045b283344bd5d28ce37f3c24514b85ee,kernel_s,0.030105623,0.00013399100000000344,5,
calibration,edc_n17,cell-d3173ad9f3574e0234c4e6480d8630abfb7734066977ec2dd141800e1bbf0786,prepared_call_s,3.926966684986837,0.07192927901633084,5,
calibration,edc_n17,cell-d3173ad9f3574e0234c4e6480d8630abfb7734066977ec2dd141800e1bbf0786,job_to_state_s,4.050865783996414,0.07341237901709974,5,
calibration,edc_n17,cell-d3173ad9f3574e0234c4e6480d8630abfb7734066977ec2dd141800e1bbf0786,job_to_state_cached_path_s,4.050866189005319,0.07341229502344504,5,
calibration,edc_n17,cell-d3173ad9f3574e0234c4e6480d8630abfb7734066977ec2dd141800e1bbf0786,kernel_s,2.2831343559999997,0.0019111099999995496,5,
calibration,edc_n17,cell-fe2c8f4cc90d0173d6c75a099d05c534796791929e5b5f6dc12c0d6a6bc32225,prepared_call_s,0.969031949993223,0.004144497972447425,5,
calibration,edc_n17,cell-fe2c8f4cc90d0173d6c75a099d05c534796791929e5b5f6dc12c0d6a6bc32225,job_to_state_s,1.155239523970522,0.0024741660454310477,5,
calibration,edc_n17,cell-fe2c8f4cc90d0173d6c75a099d05c534796791929e5b5f6dc12c0d6a6bc32225,job_to_state_cached_path_s,1.155239918967709,0.0024740370572544634,5,
calibration,edc_n17,cell-fe2c8f4cc90d0173d6c75a099d05c534796791929e5b5f6dc12c0d6a6bc32225,kernel_s,0.078061358,2.0636999999990024e-05,5,
calibration,bb84_n18,cell-cc42f11b2bf313c898aaf0f02ca9fe6c32304b13888e39bf44fc16f195bf42a7,prepared_call_s,0.4271327529568225,0.00131925696041435,5,
calibration,bb84_n18,cell-cc42f11b2bf313c898aaf0f02ca9fe6c32304b13888e39bf44fc16f195bf42a7,job_to_state_s,0.46312807098729536,0.0012269099825061858,5,
calibration,bb84_n18,cell-cc42f11b2bf313c898aaf0f02ca9fe6c32304b13888e39bf44fc16f195bf42a7,job_to_state_cached_path_s,0.4631286639487371,0.0012271079467609525,5,
calibration,bb84_n18,cell-cc42f11b2bf313c898aaf0f02ca9fe6c32304b13888e39bf44fc16f195bf42a7,kernel_s,0.03665962,1.2812999999993469e-05,5,
calibration,hs_n18,cell-cdf2294374037fedd53e7b19e6833aee04b7b19c942e66be7d83a8e2e713ed69,prepared_call_s,2.0216037489590235,0.02997978893108666,5,
calibration,hs_n18,cell-cdf2294374037fedd53e7b19e6833aee04b7b19c942e66be7d83a8e2e713ed69,job_to_state_s,2.2926507890224457,0.021734285983256996,5,
calibration,hs_n18,cell-cdf2294374037fedd53e7b19e6833aee04b7b19c942e66be7d83a8e2e713ed69,job_to_state_cached_path_s,2.2926510630059056,0.021734484005719423,5,
calibration,hs_n18,cell-cdf2294374037fedd53e7b19e6833aee04b7b19c942e66be7d83a8e2e713ed69,kernel_s,0.430134567,0.005155387999999983,5,
calibration,stress_n16_l2,cell-c88fd3ac4bed0d573959a664e1e482679cde3f53701e1941f0b9c7cb84ba825a,prepared_call_s,1.1183517780154943,0.014924767019692808,5,
calibration,stress_n16_l2,cell-c88fd3ac4bed0d573959a664e1e482679cde3f53701e1941f0b9c7cb84ba825a,job_to_state_s,1.4669368139584549,0.004749623942188919,5,
calibration,stress_n16_l2,cell-c88fd3ac4bed0d573959a664e1e482679cde3f53701e1941f0b9c7cb84ba825a,job_to_state_cached_path_s,1.466937171004247,0.004749640997033566,5,
calibration,stress_n16_l2,cell-c88fd3ac4bed0d573959a664e1e482679cde3f53701e1941f0b9c7cb84ba825a,kernel_s,0.26031457,0.0001051790000000663,5,
calibration,hs_n18,cell-0ed5739e09a3788e06add0b2956129ba25736e1a8787942dd358ea2f990fbcbe,prepared_call_s,1.1869440359878354,0.008531528059393167,5,
calibration,hs_n18,cell-0ed5739e09a3788e06add0b2956129ba25736e1a8787942dd358ea2f990fbcbe,job_to_state_s,1.5924483319977298,0.0021875399979762733,5,
calibration,hs_n18,cell-0ed5739e09a3788e06add0b2956129ba25736e1a8787942dd358ea2f990fbcbe,job_to_state_cached_path_s,1.5924486969597638,0.0021875720121897757,5,
calibration,hs_n18,cell-0ed5739e09a3788e06add0b2956129ba25736e1a8787942dd358ea2f990fbcbe,kernel_s,0.166021855,2.5796999999994075e-05,5,
calibration,qrng_n18,cell-f50a27e4e009730a3b1d365bc86190773268d8cbefab93f3f17bddb0c2e2c25d,prepared_call_s,4.0399614199995995,0.008643318025860935,7,
calibration,qrng_n18,cell-f50a27e4e009730a3b1d365bc86190773268d8cbefab93f3f17bddb0c2e2c25d,job_to_state_s,4.065199437027331,0.00869107199832797,7,
calibration,qrng_n18,cell-f50a27e4e009730a3b1d365bc86190773268d8cbefab93f3f17bddb0c2e2c25d,job_to_state_cached_path_s,4.0651998720131814,0.008691098017152399,7,
calibration,qrng_n18,cell-f50a27e4e009730a3b1d365bc86190773268d8cbefab93f3f17bddb0c2e2c25d,kernel_s,3.510320276,0.0004434609999997008,7,
calibration,hs_n18,cell-a82033fd70e8f39ab4827c68af07a2b0d0a80c7e962a3cbc9faad6f2be3df547,prepared_call_s,1.1261423200485297,0.010352376906666905,5,
calibration,hs_n18,cell-a82033fd70e8f39ab4827c68af07a2b0d0a80c7e962a3cbc9faad6f2be3df547,job_to_state_s,1.5264676620136015,0.01843940996332094,5,
calibration,hs_n18,cell-a82033fd70e8f39ab4827c68af07a2b0d0a80c7e962a3cbc9faad6f2be3df547,job_to_state_cached_path_s,1.5264682580018416,0.018439217004925013,5,
calibration,hs_n18,cell-a82033fd70e8f39ab4827c68af07a2b0d0a80c7e962a3cbc9faad6f2be3df547,kernel_s,0.059053355,0.0003033350000000018,5,
calibration,edc_n17,cell-75ba4b37eb09856b39b7069e85536803575e26cab6f940a02ee9fb423659e8ac,prepared_call_s,1.5499790770118125,0.0447374579962343,5,
calibration,edc_n17,cell-75ba4b37eb09856b39b7069e85536803575e26cab6f940a02ee9fb423659e8ac,job_to_state_s,1.7319447540212423,0.04792692296905443,5,
calibration,edc_n17,cell-75ba4b37eb09856b39b7069e85536803575e26cab6f940a02ee9fb423659e8ac,job_to_state_cached_path_s,1.7319452320225537,0.04792688600718975,5,
calibration,edc_n17,cell-75ba4b37eb09856b39b7069e85536803575e26cab6f940a02ee9fb423659e8ac,kernel_s,0.596286461,0.002766822000000113,5,
calibration,stress_n18_l2,cell-d8c3cdca6d41ab5607b927422f541f184fde43a45345ae5801b04b858d75c66a,prepared_call_s,1.5588681329973042,0.013887098000850528,5,
calibration,stress_n18_l2,cell-d8c3cdca6d41ab5607b927422f541f184fde43a45345ae5801b04b858d75c66a,job_to_state_s,2.070796090993099,0.026240824023261666,5,
calibration,stress_n18_l2,cell-d8c3cdca6d41ab5607b927422f541f184fde43a45345ae5801b04b858d75c66a,job_to_state_cached_path_s,2.070796612999402,0.026240976992994547,5,
calibration,stress_n18_l2,cell-d8c3cdca6d41ab5607b927422f541f184fde43a45345ae5801b04b858d75c66a,kernel_s,0.202238653,0.00013511800000004515,5,
calibration,hs_n18,cell-330409584dc20b8e574ede26c239106f4ed22bccc5577e65350848986e41a3a9,prepared_call_s,2.0271485570119694,0.013581748004071414,5,
calibration,hs_n18,cell-330409584dc20b8e574ede26c239106f4ed22bccc5577e65350848986e41a3a9,job_to_state_s,2.293778139981441,0.012799525051377714,5,
calibration,hs_n18,cell-330409584dc20b8e574ede26c239106f4ed22bccc5577e65350848986e41a3a9,job_to_state_cached_path_s,2.2937785490066744,0.01279975299257785,5,
calibration,hs_n18,cell-330409584dc20b8e574ede26c239106f4ed22bccc5577e65350848986e41a3a9,kernel_s,0.431695577,0.0026319419999999427,5,
calibration,hs_n18,cell-e3ed43dc38b8a82ff0bbb13634edff06e2c3384ef6e396fba71cc4e8f0724326,prepared_call_s,1.0716491310158744,0.005015578935854137,5,
calibration,hs_n18,cell-e3ed43dc38b8a82ff0bbb13634edff06e2c3384ef6e396fba71cc4e8f0724326,job_to_state_s,1.4638184029608965,0.002027955953963101,5,
calibration,hs_n18,cell-e3ed43dc38b8a82ff0bbb13634edff06e2c3384ef6e396fba71cc4e8f0724326,job_to_state_cached_path_s,1.4638187689706683,0.0020277739386074245,5,
calibration,hs_n18,cell-e3ed43dc38b8a82ff0bbb13634edff06e2c3384ef6e396fba71cc4e8f0724326,kernel_s,0.024837874,5.086499999999716e-05,5,
calibration,qrng_n18,cell-e8d003ee9f33963c731ab595a510f673d9411aa57c18b29d35580ee1a38b3859,prepared_call_s,0.9287242920254357,0.0039764929679222405,5,
calibration,qrng_n18,cell-e8d003ee9f33963c731ab595a510f673d9411aa57c18b29d35580ee1a38b3859,job_to_state_s,0.9540090080117807,0.006036696024239063,5,
calibration,qrng_n18,cell-e8d003ee9f33963c731ab595a510f673d9411aa57c18b29d35580ee1a38b3859,job_to_state_cached_path_s,0.9540094190160744,0.006036631006281823,5,
calibration,qrng_n18,cell-e8d003ee9f33963c731ab595a510f673d9411aa57c18b29d35580ee1a38b3859,kernel_s,0.383258547,0.0010510169999999874,5,
calibration,bv_n18,cell-126b61ae3d77f074a408c6e7f792e952c10e9f99a0becf6f171f7d04d05847d1,prepared_call_s,3.148332011012826,0.002394692972302437,7,
calibration,bv_n18,cell-126b61ae3d77f074a408c6e7f792e952c10e9f99a0becf6f171f7d04d05847d1,job_to_state_s,3.2236267409753054,0.002248027012683451,7,
calibration,bv_n18,cell-126b61ae3d77f074a408c6e7f792e952c10e9f99a0becf6f171f7d04d05847d1,job_to_state_cached_path_s,3.22362714598421,0.002248107979539782,7,
calibration,bv_n18,cell-126b61ae3d77f074a408c6e7f792e952c10e9f99a0becf6f171f7d04d05847d1,kernel_s,2.347512402,0.0018278280000001423,7,
calibration,xor_n18,cell-939455214ab166b77118dae6726fbdafba5434f2ea43790662b0921dd736732f,prepared_call_s,1.2230192180140875,0.01367384206969291,5,
calibration,xor_n18,cell-939455214ab166b77118dae6726fbdafba5434f2ea43790662b0921dd736732f,job_to_state_s,1.3719780080136843,0.01574330503353849,5,
calibration,xor_n18,cell-939455214ab166b77118dae6726fbdafba5434f2ea43790662b0921dd736732f,job_to_state_cached_path_s,1.3719783540000208,0.01574316102778539,5,
calibration,xor_n18,cell-939455214ab166b77118dae6726fbdafba5434f2ea43790662b0921dd736732f,kernel_s,0.090500039,0.00026946299999999757,5,
calibration,edc_n17,cell-b42dd2d4da1b9775505eb8eea77a53c456c30db23154ab2dd00d45ae73c5900c,prepared_call_s,2.567288724996615,0.00934356398647651,5,
calibration,edc_n17,cell-b42dd2d4da1b9775505eb8eea77a53c456c30db23154ab2dd00d45ae73c5900c,job_to_state_s,2.747693558980245,0.007825599983334541,5,
calibration,edc_n17,cell-b42dd2d4da1b9775505eb8eea77a53c456c30db23154ab2dd00d45ae73c5900c,job_to_state_cached_path_s,2.7476939909975044,0.007825464010238647,5,
calibration,edc_n17,cell-b42dd2d4da1b9775505eb8eea77a53c456c30db23154ab2dd00d45ae73c5900c,kernel_s,1.469479805,0.0010146970000000088,5,
calibration,hs_n18,cell-db769d8630f54b0f6c15da92d4e954d03f44be0e4a9d4e90db45fcafb83df3ed,prepared_call_s,1.061479467956815,0.02319791802437976,5,
calibration,hs_n18,cell-db769d8630f54b0f6c15da92d4e954d03f44be0e4a9d4e90db45fcafb83df3ed,job_to_state_s,1.4542509310413152,0.0231290859519504,5,
calibration,hs_n18,cell-db769d8630f54b0f6c15da92d4e954d03f44be0e4a9d4e90db45fcafb83df3ed,job_to_state_cached_path_s,1.454251416027546,0.023129070934373885,5,
calibration,hs_n18,cell-db769d8630f54b0f6c15da92d4e954d03f44be0e4a9d4e90db45fcafb83df3ed,kernel_s,0.06296890499999999,0.0002990660000000145,5,
calibration,hs_n18,cell-bb60f34b41be7c2fa6b05d677af3a3914767425628955f479484c20bf0e1172c,prepared_call_s,4.04661366000073,0.007636316993739456,7,
calibration,hs_n18,cell-bb60f34b41be7c2fa6b05d677af3a3914767425628955f479484c20bf0e1172c,job_to_state_s,4.313129785005003,0.003551499976310879,7,
calibration,hs_n18,cell-bb60f34b41be7c2fa6b05d677af3a3914767425628955f479484c20bf0e1172c,job_to_state_cached_path_s,4.31313061498804,0.00355158798629418,7,
calibration,hs_n18,cell-bb60f34b41be7c2fa6b05d677af3a3914767425628955f479484c20bf0e1172c,kernel_s,2.463565884,0.0032065699999996866,7,
calibration,stress_n16_l2,cell-f2bb6b727acfff0a7d53a1ec816bf8fd5cf94bee69f9800b7c3f556d815a3f4d,prepared_call_s,0.9376696409890428,0.006675381038803607,5,
calibration,stress_n16_l2,cell-f2bb6b727acfff0a7d53a1ec816bf8fd5cf94bee69f9800b7c3f556d815a3f4d,job_to_state_s,1.2942716589896008,0.007048973988275975,5,
calibration,stress_n16_l2,cell-f2bb6b727acfff0a7d53a1ec816bf8fd5cf94bee69f9800b7c3f556d815a3f4d,job_to_state_cached_path_s,1.2942722219740972,0.007048786035738885,5,
calibration,stress_n16_l2,cell-f2bb6b727acfff0a7d53a1ec816bf8fd5cf94bee69f9800b7c3f556d815a3f4d,kernel_s,0.06489007400000002,7.321799999998602e-05,5,
calibration,qrng_n18,cell-035be98c8f9191cfdcb505f7cfbc0e9bd52b48eb43b72ed274c2d857f709d02f,prepared_call_s,0.5206055709859356,0.015052761998958886,5,
calibration,qrng_n18,cell-035be98c8f9191cfdcb505f7cfbc0e9bd52b48eb43b72ed274c2d857f709d02f,job_to_state_s,0.5566829119925387,0.015836530015803874,5,
calibration,qrng_n18,cell-035be98c8f9191cfdcb505f7cfbc0e9bd52b48eb43b72ed274c2d857f709d02f,job_to_state_cached_path_s,0.5566833679913543,0.01583640999160707,5,
calibration,qrng_n18,cell-035be98c8f9191cfdcb505f7cfbc0e9bd52b48eb43b72ed274c2d857f709d02f,kernel_s,0.017462391,5.106399999999997e-05,5,
calibration,qrng_n18,cell-03199a1db7ef7ca3f5a820d1732d2c6825ccddb3412cf2567ea42e148469d251,prepared_call_s,0.9203819090034813,0.0017323420033790171,5,
calibration,qrng_n18,cell-03199a1db7ef7ca3f5a820d1732d2c6825ccddb3412cf2567ea42e148469d251,job_to_state_s,0.9457740259822458,0.001557458017487079,5,
calibration,qrng_n18,cell-03199a1db7ef7ca3f5a820d1732d2c6825ccddb3412cf2567ea42e148469d251,job_to_state_cached_path_s,0.9457744989776984,0.0015574010321870446,5,
calibration,qrng_n18,cell-03199a1db7ef7ca3f5a820d1732d2c6825ccddb3412cf2567ea42e148469d251,kernel_s,0.378500318,0.0009699470000000265,5,
calibration,hs_n18,cell-4fd7bfa1c356ab3e86439ed994142ee1e8b1a52d2bf72c87dcd8276241b80d42,prepared_call_s,1.0617420939961448,0.015030455018859357,5,
calibration,hs_n18,cell-4fd7bfa1c356ab3e86439ed994142ee1e8b1a52d2bf72c87dcd8276241b80d42,job_to_state_s,1.4595655339653604,0.018559046962764114,5,
calibration,hs_n18,cell-4fd7bfa1c356ab3e86439ed994142ee1e8b1a52d2bf72c87dcd8276241b80d42,job_to_state_cached_path_s,1.4595659609767608,0.018559130956418812,5,
calibration,hs_n18,cell-4fd7bfa1c356ab3e86439ed994142ee1e8b1a52d2bf72c87dcd8276241b80d42,kernel_s,0.059883573999999995,6.236000000000436e-05,5,
calibration,xor_n18,cell-d263b391cc9f15219412e6088b49c29df920bc1f09bbcd245e83617c722665d6,prepared_call_s,4.749858674011193,0.020142669032793492,5,
calibration,xor_n18,cell-d263b391cc9f15219412e6088b49c29df920bc1f09bbcd245e83617c722665d6,job_to_state_s,4.848942357988562,0.01988440001150593,5,
calibration,xor_n18,cell-d263b391cc9f15219412e6088b49c29df920bc1f09bbcd245e83617c722665d6,job_to_state_cached_path_s,4.848942818003707,0.01988438400439918,5,
calibration,xor_n18,cell-d263b391cc9f15219412e6088b49c29df920bc1f09bbcd245e83617c722665d6,kernel_s,2.498904664,0.00523974100000002,5,
calibration,hs_n18,cell-ad5e810b1f76dd99cb1d34c9e7b48b657139a160980da8753b818cd2f4116a0e,prepared_call_s,1.2859822409809567,0.0022823759936727583,5,
calibration,hs_n18,cell-ad5e810b1f76dd99cb1d34c9e7b48b657139a160980da8753b818cd2f4116a0e,job_to_state_s,1.6835489440127276,0.013359009986743331,5,
calibration,hs_n18,cell-ad5e810b1f76dd99cb1d34c9e7b48b657139a160980da8753b818cd2f4116a0e,job_to_state_cached_path_s,1.6835493390099145,0.013359087985008955,5,
calibration,hs_n18,cell-ad5e810b1f76dd99cb1d34c9e7b48b657139a160980da8753b818cd2f4116a0e,kernel_s,0.07540464200000001,6.225400000001158e-05,5,
calibration,xor_n18,cell-6d76caa9ea4f3bd37416736ea2a9028fbff55092e23fe5504cb612fcbbf39d02,prepared_call_s,4.407273427990731,0.01328097196528688,5,
calibration,xor_n18,cell-6d76caa9ea4f3bd37416736ea2a9028fbff55092e23fe5504cb612fcbbf39d02,job_to_state_s,4.506517949979752,0.01301841699751094,5,
calibration,xor_n18,cell-6d76caa9ea4f3bd37416736ea2a9028fbff55092e23fe5504cb612fcbbf39d02,job_to_state_cached_path_s,4.506518428970594,0.013018503959756345,5,
calibration,xor_n18,cell-6d76caa9ea4f3bd37416736ea2a9028fbff55092e23fe5504cb612fcbbf39d02,kernel_s,2.3519985190000003,0.0138073000000003,5,
calibration,qrng_n18,cell-11f641a0a0583579fbe992da71fbe792ccac8413ed4f623292516202998e0577,prepared_call_s,0.5591567999799736,0.005004066973924637,5,
calibration,qrng_n18,cell-11f641a0a0583579fbe992da71fbe792ccac8413ed4f623292516202998e0577,job_to_state_s,0.5959767079912126,0.004633963981177658,5,
calibration,qrng_n18,cell-11f641a0a0583579fbe992da71fbe792ccac8413ed4f623292516202998e0577,job_to_state_cached_path_s,0.59597710496746,0.004633917997125536,5,
calibration,qrng_n18,cell-11f641a0a0583579fbe992da71fbe792ccac8413ed4f623292516202998e0577,kernel_s,0.16754717300000002,2.933300000002026e-05,5,
calibration,qrng_n18,cell-506ba7dd634c1c8fd98e399b6c97e908932f9d43206b01bd7806a5c631d20f22,prepared_call_s,0.9291092989733443,0.014739437960088253,5,
calibration,qrng_n18,cell-506ba7dd634c1c8fd98e399b6c97e908932f9d43206b01bd7806a5c631d20f22,job_to_state_s,0.954264261003118,0.014533367997501045,5,
calibration,qrng_n18,cell-506ba7dd634c1c8fd98e399b6c97e908932f9d43206b01bd7806a5c631d20f22,job_to_state_cached_path_s,0.9542646809713915,0.014533464971464127,5,
calibration,qrng_n18,cell-506ba7dd634c1c8fd98e399b6c97e908932f9d43206b01bd7806a5c631d20f22,kernel_s,0.38643677200000004,0.0002556680000000422,5,
calibration,edc_n17,cell-d1762a682984006083c1bc8430071a2dce19801239ff224b3f7cdea597f256b6,prepared_call_s,1.222914997022599,0.0026914639747701585,5,
calibration,edc_n17,cell-d1762a682984006083c1bc8430071a2dce19801239ff224b3f7cdea597f256b6,job_to_state_s,1.4046661109896377,0.0037940620095469058,5,
calibration,edc_n17,cell-d1762a682984006083c1bc8430071a2dce19801239ff224b3f7cdea597f256b6,job_to_state_cached_path_s,1.404666484973859,0.0037940609618090093,5,
calibration,edc_n17,cell-d1762a682984006083c1bc8430071a2dce19801239ff224b3f7cdea597f256b6,kernel_s,0.10206884999999999,5.4229999999988454e-05,5,
calibration,stress_n16_l2,cell-ef8e0df5498cab10ee1426154a13abd40e7a05530e8ece512368a059f7eb9909,prepared_call_s,0.8885632200399414,0.01163851103046909,5,
calibration,stress_n16_l2,cell-ef8e0df5498cab10ee1426154a13abd40e7a05530e8ece512368a059f7eb9909,job_to_state_s,1.2390263649867848,0.011945297010242939,5,
calibration,stress_n16_l2,cell-ef8e0df5498cab10ee1426154a13abd40e7a05530e8ece512368a059f7eb9909,job_to_state_cached_path_s,1.2390266909496859,0.011945196951273829,5,
calibration,stress_n16_l2,cell-ef8e0df5498cab10ee1426154a13abd40e7a05530e8ece512368a059f7eb9909,kernel_s,0.04251431399999999,4.949700000001639e-05,5,
calibration,edc_n17,cell-ff065cda487a892bcc33a4c9bd008858f0aebc8014f4f02cf8d50e8e4f621715,prepared_call_s,7.67486089799786,0.06364863796625286,5,
calibration,edc_n17,cell-ff065cda487a892bcc33a4c9bd008858f0aebc8014f4f02cf8d50e8e4f621715,job_to_state_s,7.796915473008994,0.06680191401392221,5,
calibration,edc_n17,cell-ff065cda487a892bcc33a4c9bd008858f0aebc8014f4f02cf8d50e8e4f621715,job_to_state_cached_path_s,7.796916028019041,0.06680171802872792,5,
calibration,edc_n17,cell-ff065cda487a892bcc33a4c9bd008858f0aebc8014f4f02cf8d50e8e4f621715,kernel_s,6.007654471,0.004079126000000599,5,
calibration,xor_n18,cell-4beec54b29b444e97cdc9a1377dd126a57897e347eb49a4cb491be3375ba2ddc,prepared_call_s,4.678313003969379,0.0692313690087758,5,
calibration,xor_n18,cell-4beec54b29b444e97cdc9a1377dd126a57897e347eb49a4cb491be3375ba2ddc,job_to_state_s,4.777872281032614,0.06902667897520587,5,
calibration,xor_n18,cell-4beec54b29b444e97cdc9a1377dd126a57897e347eb49a4cb491be3375ba2ddc,job_to_state_cached_path_s,4.7778727730037645,0.06902691000141203,5,
calibration,xor_n18,cell-4beec54b29b444e97cdc9a1377dd126a57897e347eb49a4cb491be3375ba2ddc,kernel_s,2.437197113,0.014163539999999752,5,
calibration,edc_n17,cell-b6d6783d5a9a8acc4090c2d35c5cc565a260dd0283bb8692ea7c87f24b2adae4,prepared_call_s,3.996130315994378,0.0034670140012167394,5,
calibration,edc_n17,cell-b6d6783d5a9a8acc4090c2d35c5cc565a260dd0283bb8692ea7c87f24b2adae4,job_to_state_s,4.1180624950211495,0.00022418302251026034,5,
calibration,edc_n17,cell-b6d6783d5a9a8acc4090c2d35c5cc565a260dd0283bb8692ea7c87f24b2adae4,job_to_state_cached_path_s,4.118062974011991,0.00022387399803847075,5,
calibration,edc_n17,cell-b6d6783d5a9a8acc4090c2d35c5cc565a260dd0283bb8692ea7c87f24b2adae4,kernel_s,2.363205247,0.006756688000000288,5,
calibration,bv_n18,cell-517d732a7ef24dfdd0dace299d8be74b7f1a671cddc63f606b5aed12fa16b78c,prepared_call_s,1.1586157359997742,0.01321277895476669,7,
calibration,bv_n18,cell-517d732a7ef24dfdd0dace299d8be74b7f1a671cddc63f606b5aed12fa16b78c,job_to_state_s,1.2349818979855627,0.013566264999099076,7,
calibration,bv_n18,cell-517d732a7ef24dfdd0dace299d8be74b7f1a671cddc63f606b5aed12fa16b78c,job_to_state_cached_path_s,1.234982313006185,0.01356624299660325,7,
calibration,bv_n18,cell-517d732a7ef24dfdd0dace299d8be74b7f1a671cddc63f606b5aed12fa16b78c,kernel_s,0.37989202299999997,0.0010481970000000285,7,
calibration,bb84_n18,cell-44b591523cc1e116919f7d39c13c4891a39401832dce3d5e7b2cfffede891319,prepared_call_s,0.904575755004771,0.0033210969995707273,5,
calibration,bb84_n18,cell-44b591523cc1e116919f7d39c13c4891a39401832dce3d5e7b2cfffede891319,job_to_state_s,0.9293305280152708,0.003516063967254013,5,
calibration,bb84_n18,cell-44b591523cc1e116919f7d39c13c4891a39401832dce3d5e7b2cfffede891319,job_to_state_cached_path_s,0.9293310450157151,0.0035159039543941617,5,
calibration,bb84_n18,cell-44b591523cc1e116919f7d39c13c4891a39401832dce3d5e7b2cfffede891319,kernel_s,0.379275474,0.0002764800000000234,5,
calibration,bb84_n18,cell-8ad890c8af325f72f4ab9776beb75832068d485d2caa3f5d766b9d7ddde2800a,prepared_call_s,0.39697216701461,0.0059751709923148155,5,
calibration,bb84_n18,cell-8ad890c8af325f72f4ab9776beb75832068d485d2caa3f5d766b9d7ddde2800a,job_to_state_s,0.4331809699651785,0.006499714043457061,5,
calibration,bb84_n18,cell-8ad890c8af325f72f4ab9776beb75832068d485d2caa3f5d766b9d7ddde2800a,job_to_state_cached_path_s,0.43318131199339405,0.0064997809822671115,5,
calibration,bb84_n18,cell-8ad890c8af325f72f4ab9776beb75832068d485d2caa3f5d766b9d7ddde2800a,kernel_s,0.022900944,2.507699999999835e-05,5,
calibration,bb84_n18,cell-bdfd7c724dbe80ec4eeff940d8065ffa90998db84da65a1e808bface9d7fc382,prepared_call_s,0.705980699043721,0.001857616938650608,5,
calibration,bb84_n18,cell-bdfd7c724dbe80ec4eeff940d8065ffa90998db84da65a1e808bface9d7fc382,job_to_state_s,0.7422010090085678,0.0017666679923422635,5,
calibration,bb84_n18,cell-bdfd7c724dbe80ec4eeff940d8065ffa90998db84da65a1e808bface9d7fc382,job_to_state_cached_path_s,0.7422014559851959,0.0017668840591795743,5,
calibration,bb84_n18,cell-bdfd7c724dbe80ec4eeff940d8065ffa90998db84da65a1e808bface9d7fc382,kernel_s,0.303274869,0.0004946030000000379,5,
calibration,bv_n18,cell-8d7aa71e4fed7fd459ca37eb1203a433d71adf3a773a97bc18f20ecd60a0acc4,prepared_call_s,1.0960766759817488,0.0023362429928965867,5,
calibration,bv_n18,cell-8d7aa71e4fed7fd459ca37eb1203a433d71adf3a773a97bc18f20ecd60a0acc4,job_to_state_s,1.17066863598302,0.0029733540141023695,5,
calibration,bv_n18,cell-8d7aa71e4fed7fd459ca37eb1203a433d71adf3a773a97bc18f20ecd60a0acc4,job_to_state_cached_path_s,1.1706691359868273,0.0029731859685853124,5,
calibration,bv_n18,cell-8d7aa71e4fed7fd459ca37eb1203a433d71adf3a773a97bc18f20ecd60a0acc4,kernel_s,0.304566148,0.0015148609999999785,5,
calibration,bb84_n18,cell-5527f48b6210b6c22c9d62fe38aaa34ab204bb6a04911664fa11d566db165b65,prepared_call_s,0.8019401580095291,0.005708537006285042,5,
calibration,bb84_n18,cell-5527f48b6210b6c22c9d62fe38aaa34ab204bb6a04911664fa11d566db165b65,job_to_state_s,0.8265511539648287,0.005802422005217522,5,
calibration,bb84_n18,cell-5527f48b6210b6c22c9d62fe38aaa34ab204bb6a04911664fa11d566db165b65,job_to_state_cached_path_s,0.8265515029779635,0.005802581028547138,5,
calibration,bb84_n18,cell-5527f48b6210b6c22c9d62fe38aaa34ab204bb6a04911664fa11d566db165b65,kernel_s,0.267410586,0.00038499300000000014,5,
calibration,stress_n18_l2,cell-e9cb816d27b1cf18be51b969fea54553e84709fa5ddce54bb6db2742b8397094,prepared_call_s,1.6617431149934418,0.03179969597840682,5,
calibration,stress_n18_l2,cell-e9cb816d27b1cf18be51b969fea54553e84709fa5ddce54bb6db2742b8397094,job_to_state_s,2.1781124109984376,0.031181636033579707,5,
calibration,stress_n18_l2,cell-e9cb816d27b1cf18be51b969fea54553e84709fa5ddce54bb6db2742b8397094,job_to_state_cached_path_s,2.1781127720023505,0.03118157701101154,5,
calibration,stress_n18_l2,cell-e9cb816d27b1cf18be51b969fea54553e84709fa5ddce54bb6db2742b8397094,kernel_s,0.33006559,0.00010443700000001277,5,
calibration,edc_n17,cell-1576540bc9eddf62742fbd58f0b7654291b8f8d3bed5a913998540fcbf706f4c,prepared_call_s,3.9092287350213155,0.015882766048889607,5,
calibration,edc_n17,cell-1576540bc9eddf62742fbd58f0b7654291b8f8d3bed5a913998540fcbf706f4c,job_to_state_s,4.030736043991055,0.013143036980181932,5,
calibration,edc_n17,cell-1576540bc9eddf62742fbd58f0b7654291b8f8d3bed5a913998540fcbf706f4c,job_to_state_cached_path_s,4.030736535962205,0.013142708921805024,5,
calibration,edc_n17,cell-1576540bc9eddf62742fbd58f0b7654291b8f8d3bed5a913998540fcbf706f4c,kernel_s,2.271007073,0.0035269570000000527,5,
calibration,bb84_n18,cell-38f6656953da69416895100d9ebbff1f7378d13005379c1af8d655b068fc17bf,prepared_call_s,1.148857748019509,0.015566133020911366,5,
calibration,bb84_n18,cell-38f6656953da69416895100d9ebbff1f7378d13005379c1af8d655b068fc17bf,job_to_state_s,1.1737144609796815,0.015419387025758624,5,
calibration,bb84_n18,cell-38f6656953da69416895100d9ebbff1f7378d13005379c1af8d655b068fc17bf,job_to_state_cached_path_s,1.1737149760010652,0.015419413975905627,5,
calibration,bb84_n18,cell-38f6656953da69416895100d9ebbff1f7378d13005379c1af8d655b068fc17bf,kernel_s,0.6148569229999999,0.0009966229999999188,5,
calibration,xor_n18,cell-57b91334c09cf298ac73ed7ece2d55923e9667f477da5bc8ec045b7d5e9ce989,prepared_call_s,4.578547260025516,0.022623817960266024,7,
calibration,xor_n18,cell-57b91334c09cf298ac73ed7ece2d55923e9667f477da5bc8ec045b7d5e9ce989,job_to_state_s,4.678252048965078,0.021976558084134012,7,
calibration,xor_n18,cell-57b91334c09cf298ac73ed7ece2d55923e9667f477da5bc8ec045b7d5e9ce989,job_to_state_cached_path_s,4.678252564975992,0.021976473042741418,7,
calibration,xor_n18,cell-57b91334c09cf298ac73ed7ece2d55923e9667f477da5bc8ec045b7d5e9ce989,kernel_s,2.289979476,0.019358506999999747,7,
calibration,stress_n16_l2,cell-40197b961b22ab99e9a2cc528636e7412f68fb7ba620a55c5211547636731274,prepared_call_s,3.1665602450375445,0.010233050037641078,5,
calibration,stress_n16_l2,cell-40197b961b22ab99e9a2cc528636e7412f68fb7ba620a55c5211547636731274,job_to_state_s,3.4046819279901683,0.011893921007867903,5,
calibration,stress_n16_l2,cell-40197b961b22ab99e9a2cc528636e7412f68fb7ba620a55c5211547636731274,job_to_state_cached_path_s,3.4046822389937006,0.011893930030055344,5,
calibration,stress_n16_l2,cell-40197b961b22ab99e9a2cc528636e7412f68fb7ba620a55c5211547636731274,kernel_s,1.7428680170000002,0.003235234999999781,5,
calibration,qrng_n18,cell-9b14b80b449aa05726e00f9bf0723f1fadea576674bb5c4df15d16125474e812,prepared_call_s,0.49056475702673197,0.001402241992764175,5,
calibration,qrng_n18,cell-9b14b80b449aa05726e00f9bf0723f1fadea576674bb5c4df15d16125474e812,job_to_state_s,0.5277297890279442,0.0011329739354550838,5,
calibration,qrng_n18,cell-9b14b80b449aa05726e00f9bf0723f1fadea576674bb5c4df15d16125474e812,job_to_state_cached_path_s,0.527730108005926,0.0011329620028845966,5,
calibration,qrng_n18,cell-9b14b80b449aa05726e00f9bf0723f1fadea576674bb5c4df15d16125474e812,kernel_s,0.112896046,8.030700000000168e-05,5,
calibration,edc_n17,cell-453d66fde9fbbc9592c9a724cce5cdce07b27a4e56ca051587fa10a86c9c08df,prepared_call_s,3.9734405810013413,0.026427717006299645,5,
calibration,edc_n17,cell-453d66fde9fbbc9592c9a724cce5cdce07b27a4e56ca051587fa10a86c9c08df,job_to_state_s,4.0957506650011055,0.026720597001258284,5,
calibration,edc_n17,cell-453d66fde9fbbc9592c9a724cce5cdce07b27a4e56ca051587fa10a86c9c08df,job_to_state_cached_path_s,4.09575112600578,0.026720597001258284,5,
calibration,edc_n17,cell-453d66fde9fbbc9592c9a724cce5cdce07b27a4e56ca051587fa10a86c9c08df,kernel_s,2.331012052,0.006126685000000354,5,
calibration,hs_n18,cell-596a20b230eac7c1836b18a11ab446a949da9a043c3d536d4c1f5929c82fa878,prepared_call_s,2.047255765995942,0.03283629199722782,5,
calibration,hs_n18,cell-596a20b230eac7c1836b18a11ab446a949da9a043c3d536d4c1f5929c82fa878,job_to_state_s,2.3112133169779554,0.029139411984942853,5,
calibration,hs_n18,cell-596a20b230eac7c1836b18a11ab446a949da9a043c3d536d4c1f5929c82fa878,job_to_state_cached_path_s,2.3112138269934803,0.02913954301038757,5,
calibration,hs_n18,cell-596a20b230eac7c1836b18a11ab446a949da9a043c3d536d4c1f5929c82fa878,kernel_s,0.438686559,0.004719316999999945,5,
calibration,bb84_n18,cell-b244c834870cb14dd347e0b9b0e6a7e5b9d320e32dc1221989ba7ca4024b8b17,prepared_call_s,0.4256291780038737,0.008150181965902448,5,
calibration,bb84_n18,cell-b244c834870cb14dd347e0b9b0e6a7e5b9d320e32dc1221989ba7ca4024b8b17,job_to_state_s,0.4617802260327153,0.008807005011476576,5,
calibration,bb84_n18,cell-b244c834870cb14dd347e0b9b0e6a7e5b9d320e32dc1221989ba7ca4024b8b17,job_to_state_cached_path_s,0.461780590005219,0.008806696976535022,5,
calibration,bb84_n18,cell-b244c834870cb14dd347e0b9b0e6a7e5b9d320e32dc1221989ba7ca4024b8b17,kernel_s,0.021977549,1.4902000000000665e-05,5,
calibration,stress_n16_l2,cell-e829c9ee9dc61d721927e68d3b66637b0345cf3db2cf08522b226e54b29b7443,prepared_call_s,0.9526603110134602,0.005277912016026676,5,
calibration,stress_n16_l2,cell-e829c9ee9dc61d721927e68d3b66637b0345cf3db2cf08522b226e54b29b7443,job_to_state_s,1.3030385290039703,0.0029103500419296324,5,
calibration,stress_n16_l2,cell-e829c9ee9dc61d721927e68d3b66637b0345cf3db2cf08522b226e54b29b7443,job_to_state_cached_path_s,1.3030388629995286,0.0029104670393280685,5,
calibration,stress_n16_l2,cell-e829c9ee9dc61d721927e68d3b66637b0345cf3db2cf08522b226e54b29b7443,kernel_s,0.09190954900000001,3.543400000001473e-05,5,
calibration,ghz_n18,cell-ed416fc845613436b15c82d62cc918542581219d30286e123cec4aa6a81af8ec,prepared_call_s,1.1375533280079253,0.00978864700300619,5,
calibration,ghz_n18,cell-ed416fc845613436b15c82d62cc918542581219d30286e123cec4aa6a81af8ec,job_to_state_s,1.2207763670012355,0.009770183998625726,5,
calibration,ghz_n18,cell-ed416fc845613436b15c82d62cc918542581219d30286e123cec4aa6a81af8ec,job_to_state_cached_path_s,1.2207769500091672,0.009770412987563759,5,
calibration,ghz_n18,cell-ed416fc845613436b15c82d62cc918542581219d30286e123cec4aa6a81af8ec,kernel_s,0.028328993,4.1936999999998836e-05,5,
calibration,edc_n17,cell-33ddfa0fe7332075b32d41fe6a591bd1ff1908443aa7dff7f4d52ee053e43841,prepared_call_s,3.940073248988483,0.01266794401453808,5,
calibration,edc_n17,cell-33ddfa0fe7332075b32d41fe6a591bd1ff1908443aa7dff7f4d52ee053e43841,job_to_state_s,4.062696036999114,0.011912637972272933,5,
calibration,edc_n17,cell-33ddfa0fe7332075b32d41fe6a591bd1ff1908443aa7dff7f4d52ee053e43841,job_to_state_cached_path_s,4.062696420995053,0.011912548972759396,5,
calibration,edc_n17,cell-33ddfa0fe7332075b32d41fe6a591bd1ff1908443aa7dff7f4d52ee053e43841,kernel_s,2.305065658,0.0031495970000001705,5,
calibration,bb84_n18,cell-573a03bb74f298380d84e5c8199260b1a4067bb396bac8603656a1df62cc5d6a,prepared_call_s,0.8129694100352935,0.007737814972642809,5,
calibration,bb84_n18,cell-573a03bb74f298380d84e5c8199260b1a4067bb396bac8603656a1df62cc5d6a,job_to_state_s,0.8375736119924113,0.008100735023617744,5,
calibration,bb84_n18,cell-573a03bb74f298380d84e5c8199260b1a4067bb396bac8603656a1df62cc5d6a,job_to_state_cached_path_s,0.8375741600175388,0.008100701961666346,5,
calibration,bb84_n18,cell-573a03bb74f298380d84e5c8199260b1a4067bb396bac8603656a1df62cc5d6a,kernel_s,0.272712484,0.0001879370000000269,5,
calibration,bb84_n18,cell-4a7a78320dd20510acc73c92c2519e8aa1bf1e943ab62818b023a1d3da1d129c,prepared_call_s,0.801403506018687,0.0049996349844150245,5,
calibration,bb84_n18,cell-4a7a78320dd20510acc73c92c2519e8aa1bf1e943ab62818b023a1d3da1d129c,job_to_state_s,0.8265128270140849,0.005290242028422654,5,
calibration,bb84_n18,cell-4a7a78320dd20510acc73c92c2519e8aa1bf1e943ab62818b023a1d3da1d129c,job_to_state_cached_path_s,0.8265132530359551,0.0052902300376445055,5,
calibration,bb84_n18,cell-4a7a78320dd20510acc73c92c2519e8aa1bf1e943ab62818b023a1d3da1d129c,kernel_s,0.265939399,0.00020791500000000296,5,
calibration,edc_n17,cell-5751f0ce1e299a9971fafd7edf5b88bc8dcba69aa8e84d35586ccd593d992e0a,prepared_call_s,1.33066742104711,0.003660756046883762,5,
calibration,edc_n17,cell-5751f0ce1e299a9971fafd7edf5b88bc8dcba69aa8e84d35586ccd593d992e0a,job_to_state_s,1.5122423109714873,0.002430531952995807,5,
calibration,edc_n17,cell-5751f0ce1e299a9971fafd7edf5b88bc8dcba69aa8e84d35586ccd593d992e0a,job_to_state_cached_path_s,1.5122430949704722,0.0024309909786097705,5,
calibration,edc_n17,cell-5751f0ce1e299a9971fafd7edf5b88bc8dcba69aa8e84d35586ccd593d992e0a,kernel_s,0.07723824400000001,3.6614000000004254e-05,5,
calibration,hs_n18,cell-bf008e921538d74a8c0a110d122b4adf30718148f4ebd388676fa1f92900a370,prepared_call_s,1.031305038020946,0.012308576027862728,5,
calibration,hs_n18,cell-bf008e921538d74a8c0a110d122b4adf30718148f4ebd388676fa1f92900a370,job_to_state_s,1.4349822899675928,0.012589533987920731,5,
calibration,hs_n18,cell-bf008e921538d74a8c0a110d122b4adf30718148f4ebd388676fa1f92900a370,job_to_state_cached_path_s,1.4349826640100218,0.012589099060278386,5,
calibration,hs_n18,cell-bf008e921538d74a8c0a110d122b4adf30718148f4ebd388676fa1f92900a370,kernel_s,0.026981961999999998,0.00010153099999999846,5,
calibration,qrng_n18,cell-02e9ad2877d84b7ad9e1ffa158020475117abe6c9549d52e13b7f9126e117e4e,prepared_call_s,0.9096960379974917,0.011914358008652925,5,
calibration,qrng_n18,cell-02e9ad2877d84b7ad9e1ffa158020475117abe6c9549d52e13b7f9126e117e4e,job_to_state_s,0.9351493940339424,0.011601171980146319,5,
calibration,qrng_n18,cell-02e9ad2877d84b7ad9e1ffa158020475117abe6c9549d52e13b7f9126e117e4e,job_to_state_cached_path_s,0.9351498000323772,0.011601292993873358,5,
calibration,qrng_n18,cell-02e9ad2877d84b7ad9e1ffa158020475117abe6c9549d52e13b7f9126e117e4e,kernel_s,0.376436967,0.00016637000000002677,5,
calibration,bb84_n18,cell-363c438768ade2018361263dd6db3913279795dea46d6cc7bc32a14cccb48a8f,prepared_call_s,0.9815215530106798,0.012140304956119508,5,
calibration,bb84_n18,cell-363c438768ade2018361263dd6db3913279795dea46d6cc7bc32a14cccb48a8f,job_to_state_s,1.0067184430081397,0.01143188396235928,5,
calibration,bb84_n18,cell-363c438768ade2018361263dd6db3913279795dea46d6cc7bc32a14cccb48a8f,job_to_state_cached_path_s,1.0067188019747846,0.011431901017203927,5,
calibration,bb84_n18,cell-363c438768ade2018361263dd6db3913279795dea46d6cc7bc32a14cccb48a8f,kernel_s,0.43296877599999994,0.00011620600000000758,5,
calibration,edc_n17,cell-a5833404a4e71bba33d013ceae6a7763b1641080c8e96ae1632d2257a372c587,prepared_call_s,1.3096124929725192,0.01623449195176363,5,
calibration,edc_n17,cell-a5833404a4e71bba33d013ceae6a7763b1641080c8e96ae1632d2257a372c587,job_to_state_s,1.4906681149732322,0.015981346019543707,5,
calibration,edc_n17,cell-a5833404a4e71bba33d013ceae6a7763b1641080c8e96ae1632d2257a372c587,job_to_state_cached_path_s,1.4906685599707998,0.01598136400571093,5,
calibration,edc_n17,cell-a5833404a4e71bba33d013ceae6a7763b1641080c8e96ae1632d2257a372c587,kernel_s,0.349306614,0.00013948800000002093,5,
calibration,xor_n18,cell-ab7d2d1228d00fa58d440ef794f3894ce54b16275a500c93941f0502e3620a70,prepared_call_s,4.673714584961999,0.038005833979696035,5,
calibration,xor_n18,cell-ab7d2d1228d00fa58d440ef794f3894ce54b16275a500c93941f0502e3620a70,job_to_state_s,4.772490388015285,0.03486329800216481,5,
calibration,xor_n18,cell-ab7d2d1228d00fa58d440ef794f3894ce54b16275a500c93941f0502e3620a70,job_to_state_cached_path_s,4.7724908430245705,0.034863302018493414,5,
calibration,xor_n18,cell-ab7d2d1228d00fa58d440ef794f3894ce54b16275a500c93941f0502e3620a70,kernel_s,2.380624095,0.00665426300000016,5,
calibration,stress_n16_l2,cell-069fb7dc1d1e4f5b097249e456b30489ef76d1d95ab0476bd9ed6f89ce5760d2,prepared_call_s,2.2668383690179326,0.017847128037828952,5,
calibration,stress_n16_l2,cell-069fb7dc1d1e4f5b097249e456b30489ef76d1d95ab0476bd9ed6f89ce5760d2,job_to_state_s,2.5015390409971587,0.018607620964758098,5,
calibration,stress_n16_l2,cell-069fb7dc1d1e4f5b097249e456b30489ef76d1d95ab0476bd9ed6f89ce5760d2,job_to_state_cached_path_s,2.501539707998745,0.01860792696243152,5,
calibration,stress_n16_l2,cell-069fb7dc1d1e4f5b097249e456b30489ef76d1d95ab0476bd9ed6f89ce5760d2,kernel_s,0.8233507,0.0043538750000000626,5,
calibration,stress_n16_l2,cell-1eae6d099a1a67c84c5c69eb168bb55b0113d37941e776a961744db147b34722,prepared_call_s,1.0745790349901654,0.006319088046438992,5,
calibration,stress_n16_l2,cell-1eae6d099a1a67c84c5c69eb168bb55b0113d37941e776a961744db147b34722,job_to_state_s,1.435166986018885,0.008442460966762155,5,
calibration,stress_n16_l2,cell-1eae6d099a1a67c84c5c69eb168bb55b0113d37941e776a961744db147b34722,job_to_state_cached_path_s,1.4351673299679533,0.008442554040811956,5,
calibration,stress_n16_l2,cell-1eae6d099a1a67c84c5c69eb168bb55b0113d37941e776a961744db147b34722,kernel_s,0.13738419699999999,0.0004214589999999574,5,
calibration,hs_n18,cell-41eb596e5ad2a6b9234d3599b296aee791d48af63113a449c789746dd316243e,prepared_call_s,2.6076104159583338,0.027187480009160936,5,
calibration,hs_n18,cell-41eb596e5ad2a6b9234d3599b296aee791d48af63113a449c789746dd316243e,job_to_state_s,2.886987023986876,0.01196073304163292,5,
calibration,hs_n18,cell-41eb596e5ad2a6b9234d3599b296aee791d48af63113a449c789746dd316243e,job_to_state_cached_path_s,2.88698765297886,0.011960815056227148,5,
calibration,hs_n18,cell-41eb596e5ad2a6b9234d3599b296aee791d48af63113a449c789746dd316243e,kernel_s,0.969866016,0.0018455349999998427,5,
calibration,xor_n18,cell-4efe1b23780fbc2cd65265391c0d2a01ebc8421854d216b31d83d810a0a01e80,prepared_call_s,4.845697055978235,0.07910856802482158,5,
calibration,xor_n18,cell-4efe1b23780fbc2cd65265391c0d2a01ebc8421854d216b31d83d810a0a01e80,job_to_state_s,4.945623970008455,0.07801149500301108,5,
calibration,xor_n18,cell-4efe1b23780fbc2cd65265391c0d2a01ebc8421854d216b31d83d810a0a01e80,job_to_state_cached_path_s,4.94562432001112,0.07801156298955902,5,
calibration,xor_n18,cell-4efe1b23780fbc2cd65265391c0d2a01ebc8421854d216b31d83d810a0a01e80,kernel_s,2.648185085,0.01812178100000006,5,
calibration,stress_n16_l2,cell-48f5442baf8d877be2711f49ce4dc012fdee95012ccc280de420613ddc1a3399,prepared_call_s,2.65949631400872,0.0018393290229141712,5,
calibration,stress_n16_l2,cell-48f5442baf8d877be2711f49ce4dc012fdee95012ccc280de420613ddc1a3399,job_to_state_s,2.895549099019263,0.001446570036932826,5,
calibration,stress_n16_l2,cell-48f5442baf8d877be2711f49ce4dc012fdee95012ccc280de420613ddc1a3399,job_to_state_cached_path_s,2.89554971101461,0.0014463129919022322,5,
calibration,stress_n16_l2,cell-48f5442baf8d877be2711f49ce4dc012fdee95012ccc280de420613ddc1a3399,kernel_s,1.185412478,0.0008533039999998326,5,
calibration,hs_n18,cell-ca877e196041c90fd6f4544d1e5a5efe701752039d9b1114a8db946dffa1bae5,prepared_call_s,1.0357315019937232,0.01144342205952853,5,
calibration,hs_n18,cell-ca877e196041c90fd6f4544d1e5a5efe701752039d9b1114a8db946dffa1bae5,job_to_state_s,1.4271383619634435,0.012529380910564214,5,
calibration,hs_n18,cell-ca877e196041c90fd6f4544d1e5a5efe701752039d9b1114a8db946dffa1bae5,job_to_state_cached_path_s,1.427138955972623,0.012529600935522467,5,
calibration,hs_n18,cell-ca877e196041c90fd6f4544d1e5a5efe701752039d9b1114a8db946dffa1bae5,kernel_s,0.069160886,5.427400000000693e-05,5,
calibration,qrng_n18,cell-2a572d38a01633f03c5e9ec79ccea4288bbe48715ad3e0d3cd6e5788e2a50c0c,prepared_call_s,2.3212623950093985,0.00859464198583737,5,
calibration,qrng_n18,cell-2a572d38a01633f03c5e9ec79ccea4288bbe48715ad3e0d3cd6e5788e2a50c0c,job_to_state_s,2.346613212954253,0.008560966001823545,5,
calibration,qrng_n18,cell-2a572d38a01633f03c5e9ec79ccea4288bbe48715ad3e0d3cd6e5788e2a50c0c,job_to_state_cached_path_s,2.346613637986593,0.008561083988752216,5,
calibration,qrng_n18,cell-2a572d38a01633f03c5e9ec79ccea4288bbe48715ad3e0d3cd6e5788e2a50c0c,kernel_s,1.783740559,0.001089502000000131,5,
calibration,xor_n18,cell-aa0ee460d955e87e4d469709c8ba6b5915d50ddb970cd2a3a6d96ad07c882b84,prepared_call_s,1.9460908639593981,0.012386967951897532,5,
calibration,xor_n18,cell-aa0ee460d955e87e4d469709c8ba6b5915d50ddb970cd2a3a6d96ad07c882b84,job_to_state_s,2.0936347150127403,0.012581258022692055,5,
calibration,xor_n18,cell-aa0ee460d955e87e4d469709c8ba6b5915d50ddb970cd2a3a6d96ad07c882b84,job_to_state_cached_path_s,2.0936351640266366,0.012581326009240001,5,
calibration,xor_n18,cell-aa0ee460d955e87e4d469709c8ba6b5915d50ddb970cd2a3a6d96ad07c882b84,kernel_s,0.679180602,0.0005527850000000001,5,
calibration,stress_n16_l2,cell-de3505f90ce2b9c016df7aa28628dfdec046e9b311a80d03bdd3d3d6389eda3b,prepared_call_s,1.0539213590091094,0.005711802048608661,5,
calibration,stress_n16_l2,cell-de3505f90ce2b9c016df7aa28628dfdec046e9b311a80d03bdd3d3d6389eda3b,job_to_state_s,1.4195571290329099,0.004353290947619826,5,
calibration,stress_n16_l2,cell-de3505f90ce2b9c016df7aa28628dfdec046e9b311a80d03bdd3d3d6389eda3b,job_to_state_cached_path_s,1.4195576760102995,0.004353091993834823,5,
calibration,stress_n16_l2,cell-de3505f90ce2b9c016df7aa28628dfdec046e9b311a80d03bdd3d3d6389eda3b,kernel_s,0.13282150899999998,0.0009091599999999922,5,
calibration,edc_n17,cell-10f4a5b20157edf563c48f546fa15f437c6a8c69cdce824a39bf84a8d1c3add1,prepared_call_s,1.0447070529917255,0.003961142967455089,5,
calibration,edc_n17,cell-10f4a5b20157edf563c48f546fa15f437c6a8c69cdce824a39bf84a8d1c3add1,job_to_state_s,1.225912653026171,0.0008652239921502769,5,
calibration,edc_n17,cell-10f4a5b20157edf563c48f546fa15f437c6a8c69cdce824a39bf84a8d1c3add1,job_to_state_cached_path_s,1.225913008034695,0.0008650440140627325,5,
calibration,edc_n17,cell-10f4a5b20157edf563c48f546fa15f437c6a8c69cdce824a39bf84a8d1c3add1,kernel_s,0.028129768000000003,2.3542000000004865e-05,5,
calibration,bb84_n18,cell-e7d3142651d83281f7468e36bbc2bafeadc0f39a7e1059594b454fdfc0679c24,prepared_call_s,0.7999856430105865,0.0019695269875228405,5,
calibration,bb84_n18,cell-e7d3142651d83281f7468e36bbc2bafeadc0f39a7e1059594b454fdfc0679c24,job_to_state_s,0.8251782989827916,0.0015182030037976801,5,
calibration,bb84_n18,cell-e7d3142651d83281f7468e36bbc2bafeadc0f39a7e1059594b454fdfc0679c24,job_to_state_cached_path_s,0.8251788119669072,0.0015180970076471567,5,
calibration,bb84_n18,cell-e7d3142651d83281f7468e36bbc2bafeadc0f39a7e1059594b454fdfc0679c24,kernel_s,0.270139462,0.00038956500000003613,5,
calibration,xor_n18,cell-e2c3ba06e4c483dfc0ffddcd779e70c9fd7cf90a57a704536de087e7b3a47d66,prepared_call_s,1.151950518018566,0.009957826056052,5,
calibration,xor_n18,cell-e2c3ba06e4c483dfc0ffddcd779e70c9fd7cf90a57a704536de087e7b3a47d66,job_to_state_s,1.301077181007713,0.012280207010917366,5,
calibration,xor_n18,cell-e2c3ba06e4c483dfc0ffddcd779e70c9fd7cf90a57a704536de087e7b3a47d66,job_to_state_cached_path_s,1.3010775610455312,0.012279930000659078,5,
calibration,xor_n18,cell-e2c3ba06e4c483dfc0ffddcd779e70c9fd7cf90a57a704536de087e7b3a47d66,kernel_s,0.048643154999999993,0.0001337219999999889,5,
calibration,bb84_n18,cell-1d24c68be5191bb1e50adda9fd660742815cea145f30ae303e14292c195f43bc,prepared_call_s,0.8020372979808599,0.008942820015363395,5,
calibration,bb84_n18,cell-1d24c68be5191bb1e50adda9fd660742815cea145f30ae303e14292c195f43bc,job_to_state_s,0.8268406720017083,0.008663409971632063,5,
calibration,bb84_n18,cell-1d24c68be5191bb1e50adda9fd660742815cea145f30ae303e14292c195f43bc,job_to_state_cached_path_s,0.8268410380114801,0.008663785003591329,5,
calibration,bb84_n18,cell-1d24c68be5191bb1e50adda9fd660742815cea145f30ae303e14292c195f43bc,kernel_s,0.261474537,0.0005207389999999923,5,
calibration,xor_n18,cell-d1a630adf0f5cc250c18691f19b68834fad4f3ec4e4fd2d090456c91c2196e4c,prepared_call_s,1.2500742470147088,0.007126718002837151,5,
calibration,xor_n18,cell-d1a630adf0f5cc250c18691f19b68834fad4f3ec4e4fd2d090456c91c2196e4c,job_to_state_s,1.3967897889669985,0.006460208969656378,5,
calibration,xor_n18,cell-d1a630adf0f5cc250c18691f19b68834fad4f3ec4e4fd2d090456c91c2196e4c,job_to_state_cached_path_s,1.3967902889708057,0.006460294011048973,5,
calibration,xor_n18,cell-d1a630adf0f5cc250c18691f19b68834fad4f3ec4e4fd2d090456c91c2196e4c,kernel_s,0.02861134,4.219299999999593e-05,5,
calibration,stress_n18_l2,cell-7dadd69e1a1ba35ed997f2210b2ac5ee478fd80d8fc42651a9fc0a25adcfde3f,prepared_call_s,1.5382176029961556,0.003117666987236589,5,
calibration,stress_n18_l2,cell-7dadd69e1a1ba35ed997f2210b2ac5ee478fd80d8fc42651a9fc0a25adcfde3f,job_to_state_s,2.0266600259928964,0.004067883011884987,5,
calibration,stress_n18_l2,cell-7dadd69e1a1ba35ed997f2210b2ac5ee478fd80d8fc42651a9fc0a25adcfde3f,job_to_state_cached_path_s,2.0266607939847745,0.004067584057338536,5,
calibration,stress_n18_l2,cell-7dadd69e1a1ba35ed997f2210b2ac5ee478fd80d8fc42651a9fc0a25adcfde3f,kernel_s,0.14155087,5.992900000001411e-05,5,
calibration,stress_n18_l2,cell-898ecae82e780ee328f66c6e316488b49414b11a323a46d1bc1f92f2713d2889,prepared_call_s,2.5573547689709812,0.008445577055681497,5,
calibration,stress_n18_l2,cell-898ecae82e780ee328f66c6e316488b49414b11a323a46d1bc1f92f2713d2889,job_to_state_s,3.0499645119998604,0.026155156025197357,5,
calibration,stress_n18_l2,cell-898ecae82e780ee328f66c6e316488b49414b11a323a46d1bc1f92f2713d2889,job_to_state_cached_path_s,3.0499650020501576,0.026154964056331664,5,
calibration,stress_n18_l2,cell-898ecae82e780ee328f66c6e316488b49414b11a323a46d1bc1f92f2713d2889,kernel_s,1.151502234,5.903099999970962e-05,5,
calibration,xor_n18,cell-8d0a92d660082ccac5e04d8c3c52c000e73624ea4376a1087f2398962de3e361,prepared_call_s,4.915112113987561,0.01068777299951762,5,
calibration,xor_n18,cell-8d0a92d660082ccac5e04d8c3c52c000e73624ea4376a1087f2398962de3e361,job_to_state_s,5.014035241969395,0.01151774701429531,5,
calibration,xor_n18,cell-8d0a92d660082ccac5e04d8c3c52c000e73624ea4376a1087f2398962de3e361,job_to_state_cached_path_s,5.014035756990779,0.011517569015268236,5,
calibration,xor_n18,cell-8d0a92d660082ccac5e04d8c3c52c000e73624ea4376a1087f2398962de3e361,kernel_s,2.660855813,0.0016165660000000415,5,
calibration,stress_n16_l2,cell-01540b52e122495afe0f1e0f9cba755ecca727fea1ac0df92ec7a6175176f733,prepared_call_s,0.8717146989656612,0.0015484419418498874,5,
calibration,stress_n16_l2,cell-01540b52e122495afe0f1e0f9cba755ecca727fea1ac0df92ec7a6175176f733,job_to_state_s,1.2296509240404703,0.00907553790602833,5,
calibration,stress_n16_l2,cell-01540b52e122495afe0f1e0f9cba755ecca727fea1ac0df92ec7a6175176f733,job_to_state_cached_path_s,1.2296512360335328,0.009075636917259544,5,
calibration,stress_n16_l2,cell-01540b52e122495afe0f1e0f9cba755ecca727fea1ac0df92ec7a6175176f733,kernel_s,0.03153979900000001,1.6053999999994517e-05,5,
calibration,qrng_n18,cell-880b187d4c2816f4c9cb8833330c79bb95c52476136050fc1698a5fbd2de0045,prepared_call_s,0.6580340990331024,0.011215156060643494,5,
calibration,qrng_n18,cell-880b187d4c2816f4c9cb8833330c79bb95c52476136050fc1698a5fbd2de0045,job_to_state_s,0.6942874359665439,0.011214251979254186,5,
calibration,qrng_n18,cell-880b187d4c2816f4c9cb8833330c79bb95c52476136050fc1698a5fbd2de0045,job_to_state_cached_path_s,0.6942879079724662,0.011214290978386998,5,
calibration,qrng_n18,cell-880b187d4c2816f4c9cb8833330c79bb95c52476136050fc1698a5fbd2de0045,kernel_s,0.08333463799999999,3.374399999998834e-05,5,
calibration,stress_n18_l2,cell-34417be4a4642d6e961a88dcbed7c8d7bb2425bde4cd81e8ff93be63630fa692,prepared_call_s,1.5008251129765995,0.007188329997006804,5,
calibration,stress_n18_l2,cell-34417be4a4642d6e961a88dcbed7c8d7bb2425bde4cd81e8ff93be63630fa692,job_to_state_s,2.003439957043156,0.018867477017920464,5,
calibration,stress_n18_l2,cell-34417be4a4642d6e961a88dcbed7c8d7bb2425bde4cd81e8ff93be63630fa692,job_to_state_cached_path_s,2.0034403540194035,0.018867490987759084,5,
calibration,stress_n18_l2,cell-34417be4a4642d6e961a88dcbed7c8d7bb2425bde4cd81e8ff93be63630fa692,kernel_s,0.017124702000000002,4.153900000000363e-05,5,
calibration,hs_n18,cell-1660b0baf87b188d6fbd40b87bffa7c07e4ea6b3e75c423444ee08976c3ba72e,prepared_call_s,2.0698506330372766,0.009846660948824137,5,
calibration,hs_n18,cell-1660b0baf87b188d6fbd40b87bffa7c07e4ea6b3e75c423444ee08976c3ba72e,job_to_state_s,2.3364249240257777,0.010681411949917674,5,
calibration,hs_n18,cell-1660b0baf87b188d6fbd40b87bffa7c07e4ea6b3e75c423444ee08976c3ba72e,job_to_state_cached_path_s,2.3364253390464,0.010681335930712521,5,
calibration,hs_n18,cell-1660b0baf87b188d6fbd40b87bffa7c07e4ea6b3e75c423444ee08976c3ba72e,kernel_s,0.44912450699999995,0.004212121999999985,5,
calibration,hs_n18,cell-7d19a67e44cc3fbd3f47addf503519d9673badc1f8822142f5d8896adb02628e,prepared_call_s,1.1081737390486524,0.0034325430169701576,5,
calibration,hs_n18,cell-7d19a67e44cc3fbd3f47addf503519d9673badc1f8822142f5d8896adb02628e,job_to_state_s,1.5068229159805924,0.014697568956762552,5,
calibration,hs_n18,cell-7d19a67e44cc3fbd3f47addf503519d9673badc1f8822142f5d8896adb02628e,job_to_state_cached_path_s,1.5068233140045777,0.014697605976834893,5,
calibration,hs_n18,cell-7d19a67e44cc3fbd3f47addf503519d9673badc1f8822142f5d8896adb02628e,kernel_s,0.05624418699999999,7.457599999998593e-05,5,
calibration,bv_n18,cell-0bd687748b8a5cb1662433a7aa07f932cde6ea81e14a56df76c0654b4eaa19b0,prepared_call_s,1.6317639120388776,0.013825768954120576,5,
calibration,bv_n18,cell-0bd687748b8a5cb1662433a7aa07f932cde6ea81e14a56df76c0654b4eaa19b0,job_to_state_s,1.7068547329981811,0.015009352995548397,5,
calibration,bv_n18,cell-0bd687748b8a5cb1662433a7aa07f932cde6ea81e14a56df76c0654b4eaa19b0,job_to_state_cached_path_s,1.7068554669967853,0.015009076043497771,5,
calibration,bv_n18,cell-0bd687748b8a5cb1662433a7aa07f932cde6ea81e14a56df76c0654b4eaa19b0,kernel_s,0.8524429729999999,0.002487995999999937,5,
calibration,stress_n16_l2,cell-8c628bba928480ee385840b822170d0d80d6bcd81858c5b6c0337394b4bbc3ac,prepared_call_s,1.26864194101654,0.006025486974976957,5,
calibration,stress_n16_l2,cell-8c628bba928480ee385840b822170d0d80d6bcd81858c5b6c0337394b4bbc3ac,job_to_state_s,1.6228148399968632,0.007480386004317552,5,
calibration,stress_n16_l2,cell-8c628bba928480ee385840b822170d0d80d6bcd81858c5b6c0337394b4bbc3ac,job_to_state_cached_path_s,1.6228151560062543,0.007480328029487282,5,
calibration,stress_n16_l2,cell-8c628bba928480ee385840b822170d0d80d6bcd81858c5b6c0337394b4bbc3ac,kernel_s,0.38955374499999995,6.555299999999598e-05,5,
calibration,edc_n17,cell-5e22d583e02f4033c7e53e01d2dd7517d4dd22432ee588f330c25826028b83b8,prepared_call_s,3.923400628962554,0.016755906923208386,5,
calibration,edc_n17,cell-5e22d583e02f4033c7e53e01d2dd7517d4dd22432ee588f330c25826028b83b8,job_to_state_s,4.046428069996182,0.013381783035583794,5,
calibration,edc_n17,cell-5e22d583e02f4033c7e53e01d2dd7517d4dd22432ee588f330c25826028b83b8,job_to_state_cached_path_s,4.046428445028141,0.013381672964897007,5,
calibration,edc_n17,cell-5e22d583e02f4033c7e53e01d2dd7517d4dd22432ee588f330c25826028b83b8,kernel_s,2.280892896,0.004762548000000422,5,
calibration,xor_n18,cell-2b39e78fad3e00ccec804df40855b1b9b1fddbbddf8c7902040a30e1fe297fbc,prepared_call_s,4.63758321700152,0.06967956101289019,5,
calibration,xor_n18,cell-2b39e78fad3e00ccec804df40855b1b9b1fddbbddf8c7902040a30e1fe297fbc,job_to_state_s,4.7368166339583695,0.06999043596442789,5,
calibration,xor_n18,cell-2b39e78fad3e00ccec804df40855b1b9b1fddbbddf8c7902040a30e1fe297fbc,job_to_state_cached_path_s,4.736817145952955,0.06999031995655969,5,
calibration,xor_n18,cell-2b39e78fad3e00ccec804df40855b1b9b1fddbbddf8c7902040a30e1fe297fbc,kernel_s,2.388160976,0.024547511999999827,5,
calibration,bb84_n18,cell-537bbe0d115e3b7c5cba6e7789a2b127e7cebf714b4cc258d52875076510b80c,prepared_call_s,0.8218903460074216,0.004368296009488404,5,
calibration,bb84_n18,cell-537bbe0d115e3b7c5cba6e7789a2b127e7cebf714b4cc258d52875076510b80c,job_to_state_s,0.8470047069713473,0.004800679977051914,5,
calibration,bb84_n18,cell-537bbe0d115e3b7c5cba6e7789a2b127e7cebf714b4cc258d52875076510b80c,job_to_state_cached_path_s,0.8470052870106883,0.0048005880089476705,5,
calibration,bb84_n18,cell-537bbe0d115e3b7c5cba6e7789a2b127e7cebf714b4cc258d52875076510b80c,kernel_s,0.28530116499999997,0.00035802000000001444,5,
calibration,xor_n18,cell-fbd6bded04649957a4d702cf8e87eb38cbe73f4dc4469fadee76effa61ec6d8e,prepared_call_s,1.8584344299742952,0.015052786038722843,7,
calibration,xor_n18,cell-fbd6bded04649957a4d702cf8e87eb38cbe73f4dc4469fadee76effa61ec6d8e,job_to_state_s,2.005590974993538,0.016536168986931443,7,
calibration,xor_n18,cell-fbd6bded04649957a4d702cf8e87eb38cbe73f4dc4469fadee76effa61ec6d8e,job_to_state_cached_path_s,2.0055912859970704,0.016536167997401208,7,
calibration,xor_n18,cell-fbd6bded04649957a4d702cf8e87eb38cbe73f4dc4469fadee76effa61ec6d8e,kernel_s,0.613221487,0.0008257150000000602,7,
calibration,qrng_n18,cell-46e0b391c446513649bd1504d61611e35789fe36a180a8c553acb5f936d17f86,prepared_call_s,0.5873867609770969,0.006333208060823381,5,
calibration,qrng_n18,cell-46e0b391c446513649bd1504d61611e35789fe36a180a8c553acb5f936d17f86,job_to_state_s,0.6244409770006314,0.0056067510158754885,5,
calibration,qrng_n18,cell-46e0b391c446513649bd1504d61611e35789fe36a180a8c553acb5f936d17f86,job_to_state_cached_path_s,0.6244414260145277,0.005606680002529174,5,
calibration,qrng_n18,cell-46e0b391c446513649bd1504d61611e35789fe36a180a8c553acb5f936d17f86,kernel_s,0.112402205,8.228800000001368e-05,5,
calibration,stress_n16_l2,cell-ad8b8d8aa10a047e7aa8dd69c1eb8231240a566c5083c213609d6e27193ddf01,prepared_call_s,0.8637346139876172,0.009082439995836467,5,
calibration,stress_n16_l2,cell-ad8b8d8aa10a047e7aa8dd69c1eb8231240a566c5083c213609d6e27193ddf01,job_to_state_s,1.2135122059844434,0.0061244830139912665,5,
calibration,stress_n16_l2,cell-ad8b8d8aa10a047e7aa8dd69c1eb8231240a566c5083c213609d6e27193ddf01,job_to_state_cached_path_s,1.2135124549968168,0.006124804960563779,5,
calibration,stress_n16_l2,cell-ad8b8d8aa10a047e7aa8dd69c1eb8231240a566c5083c213609d6e27193ddf01,kernel_s,0.015753685999999996,3.4359999999955537e-06,5,
calibration,qrng_n18,cell-fdf9208705cf04ecf24b7b5fea3e00812e25adb8e7d3034945aea042f1e9d69d,prepared_call_s,0.515803046990186,0.0026982900453731418,5,
calibration,qrng_n18,cell-fdf9208705cf04ecf24b7b5fea3e00812e25adb8e7d3034945aea042f1e9d69d,job_to_state_s,0.5530754150240682,0.0029719219310209155,5,
calibration,qrng_n18,cell-fdf9208705cf04ecf24b7b5fea3e00812e25adb8e7d3034945aea042f1e9d69d,job_to_state_cached_path_s,0.5530758920358494,0.0029718169244006276,5,
calibration,qrng_n18,cell-fdf9208705cf04ecf24b7b5fea3e00812e25adb8e7d3034945aea042f1e9d69d,kernel_s,0.08154083100000001,9.857300000000457e-05,5,
calibration,hs_n18,cell-8975124c43b98090857d3b63197d6f17ed305a464bfb46f18987462adf30f412,prepared_call_s,2.060603661055211,0.03942539694253355,5,
calibration,hs_n18,cell-8975124c43b98090857d3b63197d6f17ed305a464bfb46f18987462adf30f412,job_to_state_s,2.3344452049932443,0.03482164005981758,5,
calibration,hs_n18,cell-8975124c43b98090857d3b63197d6f17ed305a464bfb46f18987462adf30f412,job_to_state_cached_path_s,2.334445511980448,0.03482160402927548,5,
calibration,hs_n18,cell-8975124c43b98090857d3b63197d6f17ed305a464bfb46f18987462adf30f412,kernel_s,0.4738263829999999,0.003246909000000131,5,
calibration,xor_n18,cell-6a16e35935c1e8b01a231deab5bea34485526224f5815230a5ccc6d42e1d46d0,prepared_call_s,6.445565233996604,0.01478616800159216,5,
calibration,xor_n18,cell-6a16e35935c1e8b01a231deab5bea34485526224f5815230a5ccc6d42e1d46d0,job_to_state_s,6.54469136800617,0.014152822026517242,5,
calibration,xor_n18,cell-6a16e35935c1e8b01a231deab5bea34485526224f5815230a5ccc6d42e1d46d0,job_to_state_cached_path_s,6.544691780989524,0.014152901014313102,5,
calibration,xor_n18,cell-6a16e35935c1e8b01a231deab5bea34485526224f5815230a5ccc6d42e1d46d0,kernel_s,4.231818592,0.003118416999999596,5,
calibration,bv_n18,cell-b1cf000899d53e514f250d428d5fa79f58eb62e004b54ad43212d84627a8140b,prepared_call_s,0.5869318150216714,0.017598422011360526,5,
calibration,bv_n18,cell-b1cf000899d53e514f250d428d5fa79f58eb62e004b54ad43212d84627a8140b,job_to_state_s,0.6976793620269746,0.019184835022315383,5,
calibration,bv_n18,cell-b1cf000899d53e514f250d428d5fa79f58eb62e004b54ad43212d84627a8140b,job_to_state_cached_path_s,0.6976797870011069,0.01918469200609252,5,
calibration,bv_n18,cell-b1cf000899d53e514f250d428d5fa79f58eb62e004b54ad43212d84627a8140b,kernel_s,0.041836808999999996,5.29059999999984e-05,5,
calibration,bv_n18,cell-9524edade319ec36c6179b0928d56c8128959f6f68706dc9d1b4455c3e2e1c59,prepared_call_s,0.8087410749867558,0.004165424033999443,5,
calibration,bv_n18,cell-9524edade319ec36c6179b0928d56c8128959f6f68706dc9d1b4455c3e2e1c59,job_to_state_s,0.9190418900107034,0.00518857198767364,5,
calibration,bv_n18,cell-9524edade319ec36c6179b0928d56c8128959f6f68706dc9d1b4455c3e2e1c59,job_to_state_cached_path_s,0.9190423170221038,0.0051888899761252105,5,
calibration,bv_n18,cell-9524edade319ec36c6179b0928d56c8128959f6f68706dc9d1b4455c3e2e1c59,kernel_s,0.246672004,0.00044638800000001977,5,
calibration,bv_n18,cell-c55ecad90eac6403b0999cd38f78a1a7c8a7d57d1adc38c0ee0aa55f04723adc,prepared_call_s,0.5674924739869311,0.012006876990199089,5,
calibration,bv_n18,cell-c55ecad90eac6403b0999cd38f78a1a7c8a7d57d1adc38c0ee0aa55f04723adc,job_to_state_s,0.6759938150062226,0.003751385025680065,5,
calibration,bv_n18,cell-c55ecad90eac6403b0999cd38f78a1a7c8a7d57d1adc38c0ee0aa55f04723adc,job_to_state_cached_path_s,0.6759942729840986,0.0037514129653573036,5,
calibration,bv_n18,cell-c55ecad90eac6403b0999cd38f78a1a7c8a7d57d1adc38c0ee0aa55f04723adc,kernel_s,0.058611659999999996,1.3703000000003795e-05,5,
calibration,bv_n18,cell-f1c75c4caaf7c3ecb922b1c534c9b8fc5c8ce127dbfb91558e96769b22b273a5,prepared_call_s,0.6908262720098719,0.00788364204345271,5,
calibration,bv_n18,cell-f1c75c4caaf7c3ecb922b1c534c9b8fc5c8ce127dbfb91558e96769b22b273a5,job_to_state_s,0.8019308120128699,0.0059456530143506825,5,
calibration,bv_n18,cell-f1c75c4caaf7c3ecb922b1c534c9b8fc5c8ce127dbfb91558e96769b22b273a5,job_to_state_cached_path_s,0.8019312120159157,0.005945580021943897,5,
calibration,bv_n18,cell-f1c75c4caaf7c3ecb922b1c534c9b8fc5c8ce127dbfb91558e96769b22b273a5,kernel_s,0.095107654,0.0007056780000000012,5,
calibration,stress_n16_l2,cell-b41434686b39592e8091a60e31574f53b57f0c886ec33c70aee5c8c9e1f0907a,prepared_call_s,2.271110672969371,0.004008806950878352,5,
calibration,stress_n16_l2,cell-b41434686b39592e8091a60e31574f53b57f0c886ec33c70aee5c8c9e1f0907a,job_to_state_s,2.5092943680356257,0.006058666040189564,5,
calibration,stress_n16_l2,cell-b41434686b39592e8091a60e31574f53b57f0c886ec33c70aee5c8c9e1f0907a,job_to_state_cached_path_s,2.5092949490062892,0.0060589060303755105,5,
calibration,stress_n16_l2,cell-b41434686b39592e8091a60e31574f53b57f0c886ec33c70aee5c8c9e1f0907a,kernel_s,0.8337679290000001,0.0019900609999998764,5,
calibration,stress_n16_l2,cell-4e7585791c34ae97c47e964f8a15e04a784f733197d330989084ac16b18f8948,prepared_call_s,1.8389635880012065,0.014073760015890002,5,
calibration,stress_n16_l2,cell-4e7585791c34ae97c47e964f8a15e04a784f733197d330989084ac16b18f8948,job_to_state_s,2.200239797006361,0.02223977301036939,5,
calibration,stress_n16_l2,cell-4e7585791c34ae97c47e964f8a15e04a784f733197d330989084ac16b18f8948,job_to_state_cached_path_s,2.200240188045427,0.02223969204351306,5,
calibration,stress_n16_l2,cell-4e7585791c34ae97c47e964f8a15e04a784f733197d330989084ac16b18f8948,kernel_s,0.8963335029999999,0.00019525799999997595,5,
calibration,ghz_n18,cell-974377b6e0b575bfb01c88ef185c05125e105579ca31cf6ddcfbfbd83274110b,prepared_call_s,1.802952223981265,0.022355877968948334,5,
calibration,ghz_n18,cell-974377b6e0b575bfb01c88ef185c05125e105579ca31cf6ddcfbfbd83274110b,job_to_state_s,1.8874042610405013,0.022238186036702245,5,
calibration,ghz_n18,cell-974377b6e0b575bfb01c88ef185c05125e105579ca31cf6ddcfbfbd83274110b,job_to_state_cached_path_s,1.8874047510325909,0.022238190984353423,5,
calibration,ghz_n18,cell-974377b6e0b575bfb01c88ef185c05125e105579ca31cf6ddcfbfbd83274110b,kernel_s,0.731477243,0.0012746030000001518,5,
calibration,ghz_n18,cell-dbc48b65b71404b635b39ba35b98730c2ad0fe3c29482b2e3a921211cc890f87,prepared_call_s,1.2349798429640941,0.005081231938675046,5,
calibration,ghz_n18,cell-dbc48b65b71404b635b39ba35b98730c2ad0fe3c29482b2e3a921211cc890f87,job_to_state_s,1.3190364689799026,0.005804609972983599,5,
calibration,ghz_n18,cell-dbc48b65b71404b635b39ba35b98730c2ad0fe3c29482b2e3a921211cc890f87,job_to_state_cached_path_s,1.3190369100193493,0.005804603977594525,5,
calibration,ghz_n18,cell-dbc48b65b71404b635b39ba35b98730c2ad0fe3c29482b2e3a921211cc890f87,kernel_s,0.018197995,7.65399999999583e-06,5,
calibration,hs_n18,cell-9a14090b1e44ab1f8b365506e8b1712564db88300eaa4242aa9b84f1280e5ebf,prepared_call_s,2.04915684601292,0.021597240993287414,5,
calibration,hs_n18,cell-9a14090b1e44ab1f8b365506e8b1712564db88300eaa4242aa9b84f1280e5ebf,job_to_state_s,2.3148342600325122,0.020826785068493336,5,
calibration,hs_n18,cell-9a14090b1e44ab1f8b365506e8b1712564db88300eaa4242aa9b84f1280e5ebf,job_to_state_cached_path_s,2.3148345290101133,0.02082659601001069,5,
calibration,hs_n18,cell-9a14090b1e44ab1f8b365506e8b1712564db88300eaa4242aa9b84f1280e5ebf,kernel_s,0.4464327829999999,0.0025485839999999094,5,
calibration,ghz_n18,cell-6b0ad9a82bdf6c8a6b12164fbea6b8b1047f3e799ed25f352243da021f9a45bb,prepared_call_s,1.3021295409998856,0.0218923719949089,5,
calibration,ghz_n18,cell-6b0ad9a82bdf6c8a6b12164fbea6b8b1047f3e799ed25f352243da021f9a45bb,job_to_state_s,1.3860497489804402,0.020994942053221166,5,
calibration,ghz_n18,cell-6b0ad9a82bdf6c8a6b12164fbea6b8b1047f3e799ed25f352243da021f9a45bb,job_to_state_cached_path_s,1.3860501120216213,0.020995024009607732,5,
calibration,ghz_n18,cell-6b0ad9a82bdf6c8a6b12164fbea6b8b1047f3e799ed25f352243da021f9a45bb,kernel_s,0.216294831,0.0005073280000000013,5,
calibration,stress_n16_l2,cell-05673e17d0b831dbc1ab6ae6dcd2b400d572e3f7bf3d6318d6b4ac8b04461d2a,prepared_call_s,3.992260018014349,0.012699307990260422,5,
calibration,stress_n16_l2,cell-05673e17d0b831dbc1ab6ae6dcd2b400d572e3f7bf3d6318d6b4ac8b04461d2a,job_to_state_s,4.230133844015654,0.009476629958953708,5,
calibration,stress_n16_l2,cell-05673e17d0b831dbc1ab6ae6dcd2b400d572e3f7bf3d6318d6b4ac8b04461d2a,job_to_state_cached_path_s,4.230134222016204,0.009476560982875526,5,
calibration,stress_n16_l2,cell-05673e17d0b831dbc1ab6ae6dcd2b400d572e3f7bf3d6318d6b4ac8b04461d2a,kernel_s,2.555302536,0.004066391999999919,5,
calibration,ghz_n18,cell-3e3caf145c10f8352b728600b1501ceb0ce6d3cfe0f69bbdac2b0ce8d499f771,prepared_call_s,1.2275621769949794,0.007727232004981488,5,
calibration,ghz_n18,cell-3e3caf145c10f8352b728600b1501ceb0ce6d3cfe0f69bbdac2b0ce8d499f771,job_to_state_s,1.3128059179871343,0.00578720000339672,5,
calibration,ghz_n18,cell-3e3caf145c10f8352b728600b1501ceb0ce6d3cfe0f69bbdac2b0ce8d499f771,job_to_state_cached_path_s,1.3128065849887207,0.0057869260199368,5,
calibration,ghz_n18,cell-3e3caf145c10f8352b728600b1501ceb0ce6d3cfe0f69bbdac2b0ce8d499f771,kernel_s,0.013284493999999999,4.245700000000095e-05,5,
calibration,bb84_n18,cell-fd6bba306ed29882718b56479ae3b672dda900f422bfc4e198ad55c4bac3e8c2,prepared_call_s,0.8034486640244722,0.004971583955921233,5,
calibration,bb84_n18,cell-fd6bba306ed29882718b56479ae3b672dda900f422bfc4e198ad55c4bac3e8c2,job_to_state_s,0.8281284730182961,0.004827942932024598,5,
calibration,bb84_n18,cell-fd6bba306ed29882718b56479ae3b672dda900f422bfc4e198ad55c4bac3e8c2,job_to_state_cached_path_s,0.82812894199742,0.004827925004065037,5,
calibration,bb84_n18,cell-fd6bba306ed29882718b56479ae3b672dda900f422bfc4e198ad55c4bac3e8c2,kernel_s,0.270011508,0.00034143000000003143,5,
calibration,hs_n18,cell-8c65b49e992f9c4a1ee34d28760697233bbd0c00ce6caa55a02ddb8935d9da39,prepared_call_s,1.1935759060434066,0.0060400329530239105,7,
calibration,hs_n18,cell-8c65b49e992f9c4a1ee34d28760697233bbd0c00ce6caa55a02ddb8935d9da39,job_to_state_s,1.4591755650471896,0.01295973191736266,7,
calibration,hs_n18,cell-8c65b49e992f9c4a1ee34d28760697233bbd0c00ce6caa55a02ddb8935d9da39,job_to_state_cached_path_s,1.4591758369933814,0.01295993896201253,7,
calibration,hs_n18,cell-8c65b49e992f9c4a1ee34d28760697233bbd0c00ce6caa55a02ddb8935d9da39,kernel_s,0.11582935999999999,0.00028753599999997714,7,
calibration,bb84_n18,cell-59eb5e9936993775a5d0932f73104e6ef6671f3418a37a2e307d345eccdea3ac,prepared_call_s,0.5446170209906995,0.009953366010449827,5,
calibration,bb84_n18,cell-59eb5e9936993775a5d0932f73104e6ef6671f3418a37a2e307d345eccdea3ac,job_to_state_s,0.580732923001051,0.01017715100897476,5,
calibration,bb84_n18,cell-59eb5e9936993775a5d0932f73104e6ef6671f3418a37a2e307d345eccdea3ac,job_to_state_cached_path_s,0.5807332980330102,0.010177108983043581,5,
calibration,bb84_n18,cell-59eb5e9936993775a5d0932f73104e6ef6671f3418a37a2e307d345eccdea3ac,kernel_s,0.148613954,4.6253999999995576e-05,5,
calibration,bb84_n18,cell-46206faa4fb7b34d3920fcce63a9d4d960a8a3f9182f527ad74f7e6259b9f0ec,prepared_call_s,0.6168877349700779,0.01347831601742655,5,
calibration,bb84_n18,cell-46206faa4fb7b34d3920fcce63a9d4d960a8a3f9182f527ad74f7e6259b9f0ec,job_to_state_s,0.6527941519743763,0.01319538604002446,5,
calibration,bb84_n18,cell-46206faa4fb7b34d3920fcce63a9d4d960a8a3f9182f527ad74f7e6259b9f0ec,job_to_state_cached_path_s,0.6527948139701039,0.013195424049627036,5,
calibration,bb84_n18,cell-46206faa4fb7b34d3920fcce63a9d4d960a8a3f9182f527ad74f7e6259b9f0ec,kernel_s,0.022032660000000003,2.0845999999997977e-05,5,
calibration,ghz_n18,cell-2a1ca6d365084adabe0fe9a5d2f9fa470c805956fbecf0a89be0825f6ff8a6f3,prepared_call_s,1.3249241459998302,0.018707139999605715,5,
calibration,ghz_n18,cell-2a1ca6d365084adabe0fe9a5d2f9fa470c805956fbecf0a89be0825f6ff8a6f3,job_to_state_s,1.407957413000986,0.017731239029671997,5,
calibration,ghz_n18,cell-2a1ca6d365084adabe0fe9a5d2f9fa470c805956fbecf0a89be0825f6ff8a6f3,job_to_state_cached_path_s,1.4079579070094042,0.017731363011989743,5,
calibration,ghz_n18,cell-2a1ca6d365084adabe0fe9a5d2f9fa470c805956fbecf0a89be0825f6ff8a6f3,kernel_s,0.207987868,0.0002426620000000046,5,
calibration,bv_n18,cell-c18ef2d61753bcc8eb94479539b24357057e44a9f2276fa5122655b55dfa310f,prepared_call_s,1.1156387620139867,0.0015205390518531203,5,
calibration,bv_n18,cell-c18ef2d61753bcc8eb94479539b24357057e44a9f2276fa5122655b55dfa310f,job_to_state_s,1.190536001988221,0.0011086189770139754,5,
calibration,bv_n18,cell-c18ef2d61753bcc8eb94479539b24357057e44a9f2276fa5122655b55dfa310f,job_to_state_cached_path_s,1.1905366189894266,0.0011088360333815217,5,
calibration,bv_n18,cell-c18ef2d61753bcc8eb94479539b24357057e44a9f2276fa5122655b55dfa310f,kernel_s,0.313911918,0.0008438210000000224,5,
calibration,stress_n16_l2,cell-e97ab843be1324734017071ffb89c236660febe79140cbaabfe1ed68c370beb8,prepared_call_s,2.5919503159821033,0.04635941400192678,5,
calibration,stress_n16_l2,cell-e97ab843be1324734017071ffb89c236660febe79140cbaabfe1ed68c370beb8,job_to_state_s,2.827446373994462,0.05209906701929867,5,
calibration,stress_n16_l2,cell-e97ab843be1324734017071ffb89c236660febe79140cbaabfe1ed68c370beb8,job_to_state_cached_path_s,2.827446740004234,0.05209916998865083,5,
calibration,stress_n16_l2,cell-e97ab843be1324734017071ffb89c236660febe79140cbaabfe1ed68c370beb8,kernel_s,1.1210526840000001,0.003918598999999912,5,
calibration,edc_n17,cell-d1b27576ee4a7662c868c012f0c0c7ff62d8b5c92623b9d12331b8c45c299466,prepared_call_s,1.9074049009941518,0.0030449129990302026,5,
calibration,edc_n17,cell-d1b27576ee4a7662c868c012f0c0c7ff62d8b5c92623b9d12331b8c45c299466,job_to_state_s,2.0903523410088383,0.003806278051342815,5,
calibration,edc_n17,cell-d1b27576ee4a7662c868c012f0c0c7ff62d8b5c92623b9d12331b8c45c299466,job_to_state_cached_path_s,2.090352808998432,0.0038061540108174086,5,
calibration,edc_n17,cell-d1b27576ee4a7662c868c012f0c0c7ff62d8b5c92623b9d12331b8c45c299466,kernel_s,0.8298796970000001,0.00017881699999999778,5,
calibration,edc_n17,cell-61e27e4784b0028b4d7911231caf06972873c473197261743479061c10eef60d,prepared_call_s,3.958011673996225,0.007027188024949282,5,
calibration,edc_n17,cell-61e27e4784b0028b4d7911231caf06972873c473197261743479061c10eef60d,job_to_state_s,4.079789809999056,0.00972191704204306,5,
calibration,edc_n17,cell-61e27e4784b0028b4d7911231caf06972873c473197261743479061c10eef60d,job_to_state_cached_path_s,4.0797904069768265,0.009722110058646649,5,
calibration,edc_n17,cell-61e27e4784b0028b4d7911231caf06972873c473197261743479061c10eef60d,kernel_s,2.2947403609999997,0.005212095000000083,5,
calibration,bb84_n18,cell-4a674d2fddf2a980db2eed43be47ecbc4a0db3059b6caf4e101c55356822e4fc,prepared_call_s,0.5108007930102758,0.005875426984857768,5,
calibration,bb84_n18,cell-4a674d2fddf2a980db2eed43be47ecbc4a0db3059b6caf4e101c55356822e4fc,job_to_state_s,0.5465284700039774,0.00612989702494815,5,
calibration,bb84_n18,cell-4a674d2fddf2a980db2eed43be47ecbc4a0db3059b6caf4e101c55356822e4fc,job_to_state_cached_path_s,0.5465288999839686,0.006129799003247172,5,
calibration,bb84_n18,cell-4a674d2fddf2a980db2eed43be47ecbc4a0db3059b6caf4e101c55356822e4fc,kernel_s,0.017578594,8.357999999999977e-06,5,
calibration,bv_n18,cell-1a19043061dc35ee3cd230d9d588503c5ef5cef2ed58abaca8ac06d711465bda,prepared_call_s,0.6984873170149513,0.010335481027141213,5,
calibration,bv_n18,cell-1a19043061dc35ee3cd230d9d588503c5ef5cef2ed58abaca8ac06d711465bda,job_to_state_s,0.8069883710122667,0.01048864604672417,5,
calibration,bv_n18,cell-1a19043061dc35ee3cd230d9d588503c5ef5cef2ed58abaca8ac06d711465bda,job_to_state_cached_path_s,0.8069889079779387,0.010488702973816544,5,
calibration,bv_n18,cell-1a19043061dc35ee3cd230d9d588503c5ef5cef2ed58abaca8ac06d711465bda,kernel_s,0.019259504,5.9040000000010195e-06,5,
calibration,edc_n17,cell-b43b2af7ab592c01b655180c6e6571ede857847470bcf8c54101e7b6c5eac72e,prepared_call_s,1.5507052050088532,0.010078204970341176,7,
calibration,edc_n17,cell-b43b2af7ab592c01b655180c6e6571ede857847470bcf8c54101e7b6c5eac72e,job_to_state_s,1.6740447640186176,0.010467386979144067,7,
calibration,edc_n17,cell-b43b2af7ab592c01b655180c6e6571ede857847470bcf8c54101e7b6c5eac72e,job_to_state_cached_path_s,1.6740450829965994,0.010467601008713245,7,
calibration,edc_n17,cell-b43b2af7ab592c01b655180c6e6571ede857847470bcf8c54101e7b6c5eac72e,kernel_s,0.530917671,0.00037150699999999315,7,
calibration,stress_n16_l2,cell-a3b9126c9a86bf24825a8dc887a9cf5a6703ca755c915bc31d62f92dc136a06c,prepared_call_s,2.464873156044632,0.022852669935673475,5,
calibration,stress_n16_l2,cell-a3b9126c9a86bf24825a8dc887a9cf5a6703ca755c915bc31d62f92dc136a06c,job_to_state_s,2.7022559929755516,0.020676387997809798,5,
calibration,stress_n16_l2,cell-a3b9126c9a86bf24825a8dc887a9cf5a6703ca755c915bc31d62f92dc136a06c,job_to_state_cached_path_s,2.7022562379715964,0.020676604006439447,5,
calibration,stress_n16_l2,cell-a3b9126c9a86bf24825a8dc887a9cf5a6703ca755c915bc31d62f92dc136a06c,kernel_s,0.997466564,0.0008224629999999955,5,
calibration,bb84_n18,cell-5a0d55996c90e4b5adc824c1861e7bbfe0133ee4ec1944e6c65a3c023b99d88b,prepared_call_s,2.818342334998306,0.005354591005016118,7,
calibration,bb84_n18,cell-5a0d55996c90e4b5adc824c1861e7bbfe0133ee4ec1944e6c65a3c023b99d88b,job_to_state_s,2.8434823140269145,0.004911920928861946,7,
calibration,bb84_n18,cell-5a0d55996c90e4b5adc824c1861e7bbfe0133ee4ec1944e6c65a3c023b99d88b,job_to_state_cached_path_s,2.843482905009296,0.004911695956252515,7,
calibration,bb84_n18,cell-5a0d55996c90e4b5adc824c1861e7bbfe0133ee4ec1944e6c65a3c023b99d88b,kernel_s,2.293487883,0.0006527029999996437,7,
calibration,xor_n18,cell-7a3fdf41530e9175fb1a2f2bec3510675b27863b9ec01cbe8dcd90056bcb0228,prepared_call_s,1.282999173970893,0.006034779013134539,5,
calibration,xor_n18,cell-7a3fdf41530e9175fb1a2f2bec3510675b27863b9ec01cbe8dcd90056bcb0228,job_to_state_s,1.4302558790077455,0.0073708779527805746,5,
calibration,xor_n18,cell-7a3fdf41530e9175fb1a2f2bec3510675b27863b9ec01cbe8dcd90056bcb0228,job_to_state_cached_path_s,1.4302562450175174,0.007370965962763876,5,
calibration,xor_n18,cell-7a3fdf41530e9175fb1a2f2bec3510675b27863b9ec01cbe8dcd90056bcb0228,kernel_s,0.12382749900000001,1.982700000000004e-05,5,
calibration,xor_n18,cell-47f864c98fd048d1e8956940db4ef5e388733ac1baca805b96f1eb9ea2524bd0,prepared_call_s,4.67856428300729,0.04763085301965475,5,
calibration,xor_n18,cell-47f864c98fd048d1e8956940db4ef5e388733ac1baca805b96f1eb9ea2524bd0,job_to_state_s,4.778008816996589,0.04833466198761016,5,
calibration,xor_n18,cell-47f864c98fd048d1e8956940db4ef5e388733ac1baca805b96f1eb9ea2524bd0,job_to_state_cached_path_s,4.778009150002617,0.04833441600203514,5,
calibration,xor_n18,cell-47f864c98fd048d1e8956940db4ef5e388733ac1baca805b96f1eb9ea2524bd0,kernel_s,2.424891083,0.015222843000000097,5,
calibration,bv_n18,cell-41d0160c90f4b398c9f714b29aebac0ec7cae76ca1fb939ae993068d0e9d58b5,prepared_call_s,0.6547780439723283,0.015782449976541102,7,
calibration,bv_n18,cell-41d0160c90f4b398c9f714b29aebac0ec7cae76ca1fb939ae993068d0e9d58b5,job_to_state_s,0.7290575149818324,0.014107330003753304,7,
calibration,bv_n18,cell-41d0160c90f4b398c9f714b29aebac0ec7cae76ca1fb939ae993068d0e9d58b5,job_to_state_cached_path_s,0.7290579529944807,0.014107467024587095,7,
calibration,bv_n18,cell-41d0160c90f4b398c9f714b29aebac0ec7cae76ca1fb939ae993068d0e9d58b5,kernel_s,0.091092167,9.254500000001331e-05,7,
calibration,hs_n18,cell-25c8679e2877c487b94936b4e02ed2a920d6f4732513b5c9daea95e30c2fa469,prepared_call_s,2.0453835479565896,0.02224544098135084,5,
calibration,hs_n18,cell-25c8679e2877c487b94936b4e02ed2a920d6f4732513b5c9daea95e30c2fa469,job_to_state_s,2.3139074679929763,0.023812823987100273,5,
calibration,hs_n18,cell-25c8679e2877c487b94936b4e02ed2a920d6f4732513b5c9daea95e30c2fa469,job_to_state_cached_path_s,2.3139078749809414,0.023812541970983148,5,
calibration,hs_n18,cell-25c8679e2877c487b94936b4e02ed2a920d6f4732513b5c9daea95e30c2fa469,kernel_s,0.43668350599999994,0.001768772000000085,5,
calibration,edc_n17,cell-80ff103fe974788386d5ac93701495ae466d82afac13069f32f0942da82e683e,prepared_call_s,3.872639707988128,0.056980970955919474,7,
calibration,edc_n17,cell-80ff103fe974788386d5ac93701495ae466d82afac13069f32f0942da82e683e,job_to_state_s,3.9941445099539123,0.05504675692645833,7,
calibration,edc_n17,cell-80ff103fe974788386d5ac93701495ae466d82afac13069f32f0942da82e683e,job_to_state_cached_path_s,3.994144915952347,0.055046706926077604,7,
calibration,edc_n17,cell-80ff103fe974788386d5ac93701495ae466d82afac13069f32f0942da82e683e,kernel_s,2.2579251850000004,0.0027957349999994108,7,
calibration,stress_n16_l2,cell-bef8fcceaeff1d83b6048aaaa46291e21e21e55d55be5ec858b2f5c168c3af69,prepared_call_s,2.452536577999126,0.02192486502462998,5,
calibration,stress_n16_l2,cell-bef8fcceaeff1d83b6048aaaa46291e21e21e55d55be5ec858b2f5c168c3af69,job_to_state_s,2.689344286976848,0.02352721698116511,5,
calibration,stress_n16_l2,cell-bef8fcceaeff1d83b6048aaaa46291e21e21e55d55be5ec858b2f5c168c3af69,job_to_state_cached_path_s,2.689344791986514,0.023527434968855232,5,
calibration,stress_n16_l2,cell-bef8fcceaeff1d83b6048aaaa46291e21e21e55d55be5ec858b2f5c168c3af69,kernel_s,1.026751615,0.003948824999999934,5,
calibration,qrng_n18,cell-a39dda06fd897ef1e62fbd86715cd3d602acb47adda6dca277993184c81ed0e3,prepared_call_s,0.9349789079860784,0.007838645949959755,5,
calibration,qrng_n18,cell-a39dda06fd897ef1e62fbd86715cd3d602acb47adda6dca277993184c81ed0e3,job_to_state_s,0.960287399997469,0.007794208999257535,5,
calibration,qrng_n18,cell-a39dda06fd897ef1e62fbd86715cd3d602acb47adda6dca277993184c81ed0e3,job_to_state_cached_path_s,0.9602879519807175,0.007794322969857603,5,
calibration,qrng_n18,cell-a39dda06fd897ef1e62fbd86715cd3d602acb47adda6dca277993184c81ed0e3,kernel_s,0.409707347,0.0011957309999999777,5,
calibration,qrng_n18,cell-ca15984a0a023e77e6c7556e74e2c6d6dd69ec7642ed1add6fdcffdbb28c340d,prepared_call_s,0.39732753299176693,0.020620025985408574,5,
calibration,qrng_n18,cell-ca15984a0a023e77e6c7556e74e2c6d6dd69ec7642ed1add6fdcffdbb28c340d,job_to_state_s,0.4340635440312326,0.02063538698712364,5,
calibration,qrng_n18,cell-ca15984a0a023e77e6c7556e74e2c6d6dd69ec7642ed1add6fdcffdbb28c340d,job_to_state_cached_path_s,0.43406394100748,0.020635357999708503,5,
calibration,qrng_n18,cell-ca15984a0a023e77e6c7556e74e2c6d6dd69ec7642ed1add6fdcffdbb28c340d,kernel_s,0.018869165,3.6117000000002175e-05,5,
calibration,xor_n18,cell-c9f0a0a9819a3b101d9c17834fe34d358ab1dcbf5b0a6c95f35d9951484f38d2,prepared_call_s,1.5101377720129676,0.005804435000754893,5,
calibration,xor_n18,cell-c9f0a0a9819a3b101d9c17834fe34d358ab1dcbf5b0a6c95f35d9951484f38d2,job_to_state_s,1.6570693620014936,0.00627276097657159,5,
calibration,xor_n18,cell-c9f0a0a9819a3b101d9c17834fe34d358ab1dcbf5b0a6c95f35d9951484f38d2,job_to_state_cached_path_s,1.6570698210271075,0.006272690952755511,5,
calibration,xor_n18,cell-c9f0a0a9819a3b101d9c17834fe34d358ab1dcbf5b0a6c95f35d9951484f38d2,kernel_s,0.30758464799999996,0.0005118379999999312,5,
calibration,bv_n18,cell-27c43433d1fab118e59bb8d097a5deceb038b527be9258cfe7c268c398a5a247,prepared_call_s,1.423078986001201,0.004558740998618305,5,
calibration,bv_n18,cell-27c43433d1fab118e59bb8d097a5deceb038b527be9258cfe7c268c398a5a247,job_to_state_s,1.5047951050219126,0.006166480015963316,5,
calibration,bv_n18,cell-27c43433d1fab118e59bb8d097a5deceb038b527be9258cfe7c268c398a5a247,job_to_state_cached_path_s,1.5047954610199668,0.0061666229739785194,5,
calibration,bv_n18,cell-27c43433d1fab118e59bb8d097a5deceb038b527be9258cfe7c268c398a5a247,kernel_s,0.655568732,0.0004622129999999336,5,
calibration,qrng_n18,cell-c9c4b3dc79e5f5c92ae7a58a0ac1f4fed0341f936166f5f0f9f3c1aec9b7cc7b,prepared_call_s,0.9219192169839516,0.002366189961321652,5,
calibration,qrng_n18,cell-c9c4b3dc79e5f5c92ae7a58a0ac1f4fed0341f936166f5f0f9f3c1aec9b7cc7b,job_to_state_s,0.9471296970150433,0.0023447420680895448,5,
calibration,qrng_n18,cell-c9c4b3dc79e5f5c92ae7a58a0ac1f4fed0341f936166f5f0f9f3c1aec9b7cc7b,job_to_state_cached_path_s,0.9471300800214522,0.002344793058000505,5,
calibration,qrng_n18,cell-c9c4b3dc79e5f5c92ae7a58a0ac1f4fed0341f936166f5f0f9f3c1aec9b7cc7b,kernel_s,0.37684755600000003,0.0009820759999999984,5,
calibration,ghz_n18,cell-65154e2e1016b92d2da27aabf61a6fdeca87300340749bacd2e643251fe3577a,prepared_call_s,1.411534623010084,0.008413268951699138,5,
calibration,ghz_n18,cell-65154e2e1016b92d2da27aabf61a6fdeca87300340749bacd2e643251fe3577a,job_to_state_s,1.4965796199976467,0.0077674040221609175,5,
calibration,ghz_n18,cell-65154e2e1016b92d2da27aabf61a6fdeca87300340749bacd2e643251fe3577a,job_to_state_cached_path_s,1.4965799169731326,0.007767542032524943,5,
calibration,ghz_n18,cell-65154e2e1016b92d2da27aabf61a6fdeca87300340749bacd2e643251fe3577a,kernel_s,0.305177968,0.0003759550000000389,5,
calibration,ghz_n18,cell-0b86a2da7220eb78201bd1f0527b6e2320e7e9ebd6da708169790c13d8ba91d4,prepared_call_s,1.3224047890398651,0.008242087962571532,5,
calibration,ghz_n18,cell-0b86a2da7220eb78201bd1f0527b6e2320e7e9ebd6da708169790c13d8ba91d4,job_to_state_s,1.4065240659983829,0.007171486970037222,5,
calibration,ghz_n18,cell-0b86a2da7220eb78201bd1f0527b6e2320e7e9ebd6da708169790c13d8ba91d4,job_to_state_cached_path_s,1.4065245570382103,0.007171428936999291,5,
calibration,ghz_n18,cell-0b86a2da7220eb78201bd1f0527b6e2320e7e9ebd6da708169790c13d8ba91d4,kernel_s,0.232638504,0.0007415169999999971,5,
calibration,bv_n18,cell-07694497fda7e6dab6611be194a86e2b5e090332bddf012d0dd798176ba2ab03,prepared_call_s,0.5750083799939603,0.005126414995174855,5,
calibration,bv_n18,cell-07694497fda7e6dab6611be194a86e2b5e090332bddf012d0dd798176ba2ab03,job_to_state_s,0.6833770120283589,0.006710704998113215,5,
calibration,bv_n18,cell-07694497fda7e6dab6611be194a86e2b5e090332bddf012d0dd798176ba2ab03,job_to_state_cached_path_s,0.6833776549901813,0.006710501038469374,5,
calibration,bv_n18,cell-07694497fda7e6dab6611be194a86e2b5e090332bddf012d0dd798176ba2ab03,kernel_s,0.019100758,4.209299999999999e-05,5,
calibration,ghz_n18,cell-f73602bdec8adfcf380ce957139b4a08216b191f0681b6f5d60cdeb2a670b2f0,prepared_call_s,1.118612683028914,0.0047394969733431935,5,
calibration,ghz_n18,cell-f73602bdec8adfcf380ce957139b4a08216b191f0681b6f5d60cdeb2a670b2f0,job_to_state_s,1.2054028999991715,0.0031847080099396408,5,
calibration,ghz_n18,cell-f73602bdec8adfcf380ce957139b4a08216b191f0681b6f5d60cdeb2a670b2f0,job_to_state_cached_path_s,1.2054033320164308,0.0031847700593061745,5,
calibration,ghz_n18,cell-f73602bdec8adfcf380ce957139b4a08216b191f0681b6f5d60cdeb2a670b2f0,kernel_s,0.08999556900000001,0.0001805950000000195,5,
calibration,bv_n18,cell-a7a09be8af69d4e20f52139fa5f496eae05492e1fef13030e2b052b376c6cc86,prepared_call_s,1.117749669996556,0.014184981002472341,5,
calibration,bv_n18,cell-a7a09be8af69d4e20f52139fa5f496eae05492e1fef13030e2b052b376c6cc86,job_to_state_s,1.1917980029829778,0.013594165968243033,5,
calibration,bv_n18,cell-a7a09be8af69d4e20f52139fa5f496eae05492e1fef13030e2b052b376c6cc86,job_to_state_cached_path_s,1.1917985589825548,0.013594350952189416,5,
calibration,bv_n18,cell-a7a09be8af69d4e20f52139fa5f496eae05492e1fef13030e2b052b376c6cc86,kernel_s,0.311254769,0.0006273439999999741,5,
calibration,bv_n18,cell-38accdca86baa5b4f95d04d80769333aa352eae0ddb7e9b6708b5582be9f8b4d,prepared_call_s,0.5979120589909144,0.0033326090197078884,5,
calibration,bv_n18,cell-38accdca86baa5b4f95d04d80769333aa352eae0ddb7e9b6708b5582be9f8b4d,job_to_state_s,0.7077333109918982,0.004381741979159415,5,
calibration,bv_n18,cell-38accdca86baa5b4f95d04d80769333aa352eae0ddb7e9b6708b5582be9f8b4d,job_to_state_cached_path_s,0.7077337049995549,0.0043816829565912485,5,
calibration,bv_n18,cell-38accdca86baa5b4f95d04d80769333aa352eae0ddb7e9b6708b5582be9f8b4d,kernel_s,0.04884648799999999,6.364700000000695e-05,5,
calibration,stress_n18_l2,cell-a10ad9eed4a9d27041fcbb771a027ad4a08425d84f4bae1caa46194a9f63e160,prepared_call_s,1.4844650860177353,0.01708104304270819,5,
calibration,stress_n18_l2,cell-a10ad9eed4a9d27041fcbb771a027ad4a08425d84f4bae1caa46194a9f63e160,job_to_state_s,1.9977793229627423,0.04419870494166389,5,
calibration,stress_n18_l2,cell-a10ad9eed4a9d27041fcbb771a027ad4a08425d84f4bae1caa46194a9f63e160,job_to_state_cached_path_s,1.997779676981736,0.044198609015438706,5,
calibration,stress_n18_l2,cell-a10ad9eed4a9d27041fcbb771a027ad4a08425d84f4bae1caa46194a9f63e160,kernel_s,0.146754519,0.0002144889999999844,5,
calibration,stress_n18_l2,cell-aac781613e102fddfbe08dd29ff0242360935be7790914a9a1a592c9e188d66f,prepared_call_s,1.5062509450362995,0.012280086986720562,5,
calibration,stress_n18_l2,cell-aac781613e102fddfbe08dd29ff0242360935be7790914a9a1a592c9e188d66f,job_to_state_s,2.024113962019328,0.0023562299902550876,5,
calibration,stress_n18_l2,cell-aac781613e102fddfbe08dd29ff0242360935be7790914a9a1a592c9e188d66f,job_to_state_cached_path_s,2.024114516971167,0.0023562920396216214,5,
calibration,stress_n18_l2,cell-aac781613e102fddfbe08dd29ff0242360935be7790914a9a1a592c9e188d66f,kernel_s,0.01802531,5.5433000000000565e-05,5,
calibration,stress_n16_l2,cell-ba6d45393fc510097c3def0ebc74bb605e76bc8a91870c7f1c3f298214ad0fc6,prepared_call_s,0.9347017069812864,0.0012579699978232384,5,
calibration,stress_n16_l2,cell-ba6d45393fc510097c3def0ebc74bb605e76bc8a91870c7f1c3f298214ad0fc6,job_to_state_s,1.2860378350014798,0.004326020949520171,5,
calibration,stress_n16_l2,cell-ba6d45393fc510097c3def0ebc74bb605e76bc8a91870c7f1c3f298214ad0fc6,job_to_state_cached_path_s,1.2860383039806038,0.00432604894740507,5,
calibration,stress_n16_l2,cell-ba6d45393fc510097c3def0ebc74bb605e76bc8a91870c7f1c3f298214ad0fc6,kernel_s,0.015030936,2.7482999999998287e-05,5,
calibration,edc_n17,cell-952ef1d31d16e88be7ac3b01d0dc6d8e1279e6803b4ebf96be064a193b3fcb0a,prepared_call_s,9.540238839981612,0.04925388202536851,5,
calibration,edc_n17,cell-952ef1d31d16e88be7ac3b01d0dc6d8e1279e6803b4ebf96be064a193b3fcb0a,job_to_state_s,9.662427759962156,0.051291518029756844,5,
calibration,edc_n17,cell-952ef1d31d16e88be7ac3b01d0dc6d8e1279e6803b4ebf96be064a193b3fcb0a,job_to_state_cached_path_s,9.662428062001709,0.05129163002129644,5,
calibration,edc_n17,cell-952ef1d31d16e88be7ac3b01d0dc6d8e1279e6803b4ebf96be064a193b3fcb0a,kernel_s,7.879312484,0.0014184400000001318,5,
calibration,bb84_n18,cell-119537c0c1d2f47cd180a6aace4f45e741f69ae190e1b91840444837d4ff4882,prepared_call_s,0.44207079196348786,0.0008775639580562711,5,
calibration,bb84_n18,cell-119537c0c1d2f47cd180a6aace4f45e741f69ae190e1b91840444837d4ff4882,job_to_state_s,0.47736987698590383,0.00038990896428003907,5,
calibration,bb84_n18,cell-119537c0c1d2f47cd180a6aace4f45e741f69ae190e1b91840444837d4ff4882,job_to_state_cached_path_s,0.4773702740203589,0.0003899279981851578,5,
calibration,bb84_n18,cell-119537c0c1d2f47cd180a6aace4f45e741f69ae190e1b91840444837d4ff4882,kernel_s,0.074628081,1.094599999999779e-05,5,
calibration,qrng_n18,cell-209d6ee29d91f68e6e901b5ce6c153418585520ff9cd7e56837b77916c76cfcf,prepared_call_s,0.5086045649950393,0.0028040509787388146,5,
calibration,qrng_n18,cell-209d6ee29d91f68e6e901b5ce6c153418585520ff9cd7e56837b77916c76cfcf,job_to_state_s,0.5448321949806996,0.0034907510271295905,5,
calibration,qrng_n18,cell-209d6ee29d91f68e6e901b5ce6c153418585520ff9cd7e56837b77916c76cfcf,job_to_state_cached_path_s,0.5448324650060385,0.003490745963063091,5,
calibration,qrng_n18,cell-209d6ee29d91f68e6e901b5ce6c153418585520ff9cd7e56837b77916c76cfcf,kernel_s,0.112101351,7.809899999999814e-05,5,
calibration,edc_n17,cell-025e3b8204291c6c9cf418d39686cfedd7a3f2f53ae40fc22c867809ec2b93e1,prepared_call_s,1.032450558966957,0.017185882956255227,5,
calibration,edc_n17,cell-025e3b8204291c6c9cf418d39686cfedd7a3f2f53ae40fc22c867809ec2b93e1,job_to_state_s,1.2122720779734664,0.016190557973459363,5,
calibration,edc_n17,cell-025e3b8204291c6c9cf418d39686cfedd7a3f2f53ae40fc22c867809ec2b93e1,job_to_state_cached_path_s,1.212272482982371,0.016190271941013634,5,
calibration,edc_n17,cell-025e3b8204291c6c9cf418d39686cfedd7a3f2f53ae40fc22c867809ec2b93e1,kernel_s,0.024889709,9.183999999999928e-05,5,
calibration,bv_n18,cell-e769c5e9cb1ac7f08989850c74fd29b6521a343220d2a37e2b531578ee4592a1,prepared_call_s,1.1020004180027172,0.0029421239742077887,5,
calibration,bv_n18,cell-e769c5e9cb1ac7f08989850c74fd29b6521a343220d2a37e2b531578ee4592a1,job_to_state_s,1.1763211620273069,0.011655410984531045,5,
calibration,bv_n18,cell-e769c5e9cb1ac7f08989850c74fd29b6521a343220d2a37e2b531578ee4592a1,job_to_state_cached_path_s,1.1763215960236266,0.011655251029878855,5,
calibration,bv_n18,cell-e769c5e9cb1ac7f08989850c74fd29b6521a343220d2a37e2b531578ee4592a1,kernel_s,0.311644505,0.0006679230000000147,5,
calibration,edc_n17,cell-51348aecf24e3d60a41c23fcf38ebf9168b1d70ec24c2c1c2c52e8d63009a1cd,prepared_call_s,1.8562375549809076,0.006225571036338806,7,
calibration,edc_n17,cell-51348aecf24e3d60a41c23fcf38ebf9168b1d70ec24c2c1c2c52e8d63009a1cd,job_to_state_s,2.038328888011165,0.006424581981264055,7,
calibration,edc_n17,cell-51348aecf24e3d60a41c23fcf38ebf9168b1d70ec24c2c1c2c52e8d63009a1cd,job_to_state_cached_path_s,2.038329565024469,0.006424179999157786,7,
calibration,edc_n17,cell-51348aecf24e3d60a41c23fcf38ebf9168b1d70ec24c2c1c2c52e8d63009a1cd,kernel_s,0.797871366,0.00026198299999991015,7,
calibration,bb84_n18,cell-cb589ea8bd5bd33dffaacd6f8d1c83e4174a5e284032721064cd90efb4ed4a4f,prepared_call_s,0.4487660519662313,0.009683238982688636,5,
calibration,bb84_n18,cell-cb589ea8bd5bd33dffaacd6f8d1c83e4174a5e284032721064cd90efb4ed4a4f,job_to_state_s,0.48466191097395495,0.009546993998810649,5,
calibration,bb84_n18,cell-cb589ea8bd5bd33dffaacd6f8d1c83e4174a5e284032721064cd90efb4ed4a4f,job_to_state_cached_path_s,0.48466275399550796,0.00954739301232621,5,
calibration,bb84_n18,cell-cb589ea8bd5bd33dffaacd6f8d1c83e4174a5e284032721064cd90efb4ed4a4f,kernel_s,0.044859274,4.731399999999969e-05,5,
calibration,stress_n16_l2,cell-79fab29436b8d54d51fd0c499f67159fa06637101fb6e9b3f76847b42f9cdcbb,prepared_call_s,1.6175819399650209,0.007004847924690694,5,
calibration,stress_n16_l2,cell-79fab29436b8d54d51fd0c499f67159fa06637101fb6e9b3f76847b42f9cdcbb,job_to_state_s,1.9715388920158148,0.005747638992033899,5,
calibration,stress_n16_l2,cell-79fab29436b8d54d51fd0c499f67159fa06637101fb6e9b3f76847b42f9cdcbb,job_to_state_cached_path_s,1.9715392740326934,0.005747732997406274,5,
calibration,stress_n16_l2,cell-79fab29436b8d54d51fd0c499f67159fa06637101fb6e9b3f76847b42f9cdcbb,kernel_s,0.6697307220000001,0.0005478249999998352,5,
calibration,bv_n18,cell-72921fb54f8859a27d6ab1c50bb318525b1c5cced9b206ef512b014aa5bc2f51,prepared_call_s,1.1407726180041209,0.004289907985366881,5,
calibration,bv_n18,cell-72921fb54f8859a27d6ab1c50bb318525b1c5cced9b206ef512b014aa5bc2f51,job_to_state_s,1.2157457509892993,0.003919686016160995,5,
calibration,bv_n18,cell-72921fb54f8859a27d6ab1c50bb318525b1c5cced9b206ef512b014aa5bc2f51,job_to_state_cached_path_s,1.2157461459864862,0.003919732989743352,5,
calibration,bv_n18,cell-72921fb54f8859a27d6ab1c50bb318525b1c5cced9b206ef512b014aa5bc2f51,kernel_s,0.3519117580000001,0.0013594890000001025,5,
calibration,qrng_n18,cell-766d68b696d6272f358c8592843b663b2878a861fb20a7c35d6b05e4caa911d9,prepared_call_s,0.9067484309780411,0.002406882995273918,5,
calibration,qrng_n18,cell-766d68b696d6272f358c8592843b663b2878a861fb20a7c35d6b05e4caa911d9,job_to_state_s,0.9325366849661805,0.002287738025188446,5,
calibration,qrng_n18,cell-766d68b696d6272f358c8592843b663b2878a861fb20a7c35d6b05e4caa911d9,job_to_state_cached_path_s,0.9325372710009106,0.0022875419817864895,5,
calibration,qrng_n18,cell-766d68b696d6272f358c8592843b663b2878a861fb20a7c35d6b05e4caa911d9,kernel_s,0.37696279,0.0005711340000000287,5,
calibration,edc_n17,cell-f3942793967b18a75b0fed6480dd6587f117eeb2156242af3b11849e9bf9dd3b,prepared_call_s,1.1700853909715079,0.007627921004313976,5,
calibration,edc_n17,cell-f3942793967b18a75b0fed6480dd6587f117eeb2156242af3b11849e9bf9dd3b,job_to_state_s,1.350782421999611,0.015674788039177656,5,
calibration,edc_n17,cell-f3942793967b18a75b0fed6480dd6587f117eeb2156242af3b11849e9bf9dd3b,job_to_state_cached_path_s,1.350782773050014,0.01567491196328774,5,
calibration,edc_n17,cell-f3942793967b18a75b0fed6480dd6587f117eeb2156242af3b11849e9bf9dd3b,kernel_s,0.021245404000000002,2.075700000000319e-05,5,
calibration,bb84_n18,cell-c8ffd1cd9119868f092bb2e3b00022f2a5d458ee491c328a50fc0ce21fbb2400,prepared_call_s,0.842289283988066,0.011653726978693157,5,
calibration,bb84_n18,cell-c8ffd1cd9119868f092bb2e3b00022f2a5d458ee491c328a50fc0ce21fbb2400,job_to_state_s,0.8669220890151337,0.011526643997058272,5,
calibration,bb84_n18,cell-c8ffd1cd9119868f092bb2e3b00022f2a5d458ee491c328a50fc0ce21fbb2400,job_to_state_cached_path_s,0.8669227260397747,0.011526854010298848,5,
calibration,bb84_n18,cell-c8ffd1cd9119868f092bb2e3b00022f2a5d458ee491c328a50fc0ce21fbb2400,kernel_s,0.30891678,0.00024318600000000634,5,
calibration,bb84_n18,cell-213d0e5f374fbd219806c2a749d4ddfc4dc9c9048b219e774996de590325196b,prepared_call_s,0.8055220640380867,0.006114441028330475,5,
calibration,bb84_n18,cell-213d0e5f374fbd219806c2a749d4ddfc4dc9c9048b219e774996de590325196b,job_to_state_s,0.8300815770053305,0.005933315958827734,5,
calibration,bb84_n18,cell-213d0e5f374fbd219806c2a749d4ddfc4dc9c9048b219e774996de590325196b,job_to_state_cached_path_s,0.8300822830060497,0.00593354000011459,5,
calibration,bb84_n18,cell-213d0e5f374fbd219806c2a749d4ddfc4dc9c9048b219e774996de590325196b,kernel_s,0.26835688,0.0005023720000000287,5,
calibration,hs_n18,cell-627c2470c16b7c87b091e36c1c827ec3999dedeb89daf885b9b0bd44ddc2de3c,prepared_call_s,2.0493465479812585,0.02281911694444716,5,
calibration,hs_n18,cell-627c2470c16b7c87b091e36c1c827ec3999dedeb89daf885b9b0bd44ddc2de3c,job_to_state_s,2.3139574140077457,0.020831431029364467,5,
calibration,hs_n18,cell-627c2470c16b7c87b091e36c1c827ec3999dedeb89daf885b9b0bd44ddc2de3c,job_to_state_cached_path_s,2.313957767037209,0.020831288071349263,5,
calibration,hs_n18,cell-627c2470c16b7c87b091e36c1c827ec3999dedeb89daf885b9b0bd44ddc2de3c,kernel_s,0.4421255799999998,0.0016718059999998314,5,
calibration,xor_n18,cell-5935e4a952bbb58f3d7df836141f2fd8afbc862813a18f155d20b812bffcbceb,prepared_call_s,3.220195068977773,0.019665111030917615,5,
calibration,xor_n18,cell-5935e4a952bbb58f3d7df836141f2fd8afbc862813a18f155d20b812bffcbceb,job_to_state_s,3.3690315110143274,0.020275997987482697,5,
calibration,xor_n18,cell-5935e4a952bbb58f3d7df836141f2fd8afbc862813a18f155d20b812bffcbceb,job_to_state_cached_path_s,3.369031911017373,0.020275957009289414,5,
calibration,xor_n18,cell-5935e4a952bbb58f3d7df836141f2fd8afbc862813a18f155d20b812bffcbceb,kernel_s,2.027900376,0.0011455929999995007,5,
calibration,xor_n18,cell-677c469af47cb615cf1d571954340be9a23375169f0b1cd46bf1e31ea198654d,prepared_call_s,4.566813836048823,0.018416286970023066,5,
calibration,xor_n18,cell-677c469af47cb615cf1d571954340be9a23375169f0b1cd46bf1e31ea198654d,job_to_state_s,4.666007657011505,0.018502879014704376,5,
calibration,xor_n18,cell-677c469af47cb615cf1d571954340be9a23375169f0b1cd46bf1e31ea198654d,job_to_state_cached_path_s,4.666008130996488,0.018502751016058028,5,
calibration,xor_n18,cell-677c469af47cb615cf1d571954340be9a23375169f0b1cd46bf1e31ea198654d,kernel_s,2.316145464,0.002300639999999632,5,
calibration,qrng_n18,cell-36bdafe3cf20080652efe1c0112ba180558ae65c9dc10ed38d8d4f68763481b5,prepared_call_s,0.5307466730009764,0.002211090992204845,5,
calibration,qrng_n18,cell-36bdafe3cf20080652efe1c0112ba180558ae65c9dc10ed38d8d4f68763481b5,job_to_state_s,0.5678675430244766,0.002760599018074572,5,
calibration,qrng_n18,cell-36bdafe3cf20080652efe1c0112ba180558ae65c9dc10ed38d8d4f68763481b5,job_to_state_cached_path_s,0.5678679420379922,0.002760541974566877,5,
calibration,qrng_n18,cell-36bdafe3cf20080652efe1c0112ba180558ae65c9dc10ed38d8d4f68763481b5,kernel_s,0.097625964,0.0001331770000000121,5,
calibration,bv_n18,cell-6c36126037028e7dd09737cda5cb44974b937144c0e34e08d59b27e053a42e70,prepared_call_s,0.8679110640077852,0.009053793037310243,5,
calibration,bv_n18,cell-6c36126037028e7dd09737cda5cb44974b937144c0e34e08d59b27e053a42e70,job_to_state_s,0.9763781140209176,0.009039647004101425,5,
calibration,bv_n18,cell-6c36126037028e7dd09737cda5cb44974b937144c0e34e08d59b27e053a42e70,job_to_state_cached_path_s,0.9763788400450721,0.00903925095917657,5,
calibration,bv_n18,cell-6c36126037028e7dd09737cda5cb44974b937144c0e34e08d59b27e053a42e70,kernel_s,0.019258134,5.526900000000015e-05,5,
calibration,hs_n18,cell-1502b09b7a622b362b18ba19df114efe94cb66c73a73e13ea9baa97d91ba9aa0,prepared_call_s,1.1430328860296868,0.005421767011284828,5,
calibration,hs_n18,cell-1502b09b7a622b362b18ba19df114efe94cb66c73a73e13ea9baa97d91ba9aa0,job_to_state_s,1.5442031439743005,0.007497077982407063,5,
calibration,hs_n18,cell-1502b09b7a622b362b18ba19df114efe94cb66c73a73e13ea9baa97d91ba9aa0,job_to_state_cached_path_s,1.5442035339656286,0.00749700196320191,5,
calibration,hs_n18,cell-1502b09b7a622b362b18ba19df114efe94cb66c73a73e13ea9baa97d91ba9aa0,kernel_s,0.135045104,4.7986999999999336e-05,5,
calibration,edc_n17,cell-19e801741b6d9478a56f5e7948f34c149a48258ab4445b2d2b5dbb7dcefd72e9,prepared_call_s,5.77153458003886,0.04219191602896899,5,
calibration,edc_n17,cell-19e801741b6d9478a56f5e7948f34c149a48258ab4445b2d2b5dbb7dcefd72e9,job_to_state_s,5.896233765990473,0.034563312015961856,5,
calibration,edc_n17,cell-19e801741b6d9478a56f5e7948f34c149a48258ab4445b2d2b5dbb7dcefd72e9,job_to_state_cached_path_s,5.896234261977952,0.034563289023935795,5,
calibration,edc_n17,cell-19e801741b6d9478a56f5e7948f34c149a48258ab4445b2d2b5dbb7dcefd72e9,kernel_s,4.114444986,0.010359623000000262,5,
calibration,stress_n18_l2,cell-8ed82b69f49d5c3072b285a43821076c5bc48c6c762e8c44c74ddf8eb2a0bd94,prepared_call_s,1.6085110559943132,0.0059942270163446665,5,
calibration,stress_n18_l2,cell-8ed82b69f49d5c3072b285a43821076c5bc48c6c762e8c44c74ddf8eb2a0bd94,job_to_state_s,2.1106350760092027,0.016854478046298027,5,
calibration,stress_n18_l2,cell-8ed82b69f49d5c3072b285a43821076c5bc48c6c762e8c44c74ddf8eb2a0bd94,job_to_state_cached_path_s,2.110635460005142,0.016854221001267433,5,
calibration,stress_n18_l2,cell-8ed82b69f49d5c3072b285a43821076c5bc48c6c762e8c44c74ddf8eb2a0bd94,kernel_s,0.21116997800000004,3.620599999995533e-05,5,
calibration,bb84_n18,cell-7b56a0c037bcdb07d7dfa346f9b5d4e9335993de804bafd1677d99bf810518f9,prepared_call_s,0.7982606870355085,0.014786162064410746,5,
calibration,bb84_n18,cell-7b56a0c037bcdb07d7dfa346f9b5d4e9335993de804bafd1677d99bf810518f9,job_to_state_s,0.8228062679991126,0.014351409045048058,5,
calibration,bb84_n18,cell-7b56a0c037bcdb07d7dfa346f9b5d4e9335993de804bafd1677d99bf810518f9,job_to_state_cached_path_s,0.8228067430318333,0.01435154804494232,5,
calibration,bb84_n18,cell-7b56a0c037bcdb07d7dfa346f9b5d4e9335993de804bafd1677d99bf810518f9,kernel_s,0.263499175,0.0009396869999999669,5,
calibration,hs_n18,cell-0a6e26f550cbb721b583b567cc6f79d55469a701ede674715014d157863e4754,prepared_call_s,2.9136753320344724,0.027098045975435525,5,
calibration,hs_n18,cell-0a6e26f550cbb721b583b567cc6f79d55469a701ede674715014d157863e4754,job_to_state_s,3.1844348129816353,0.020509205001872033,5,
calibration,hs_n18,cell-0a6e26f550cbb721b583b567cc6f79d55469a701ede674715014d157863e4754,job_to_state_cached_path_s,3.1844351689796895,0.020509286026936024,5,
calibration,hs_n18,cell-0a6e26f550cbb721b583b567cc6f79d55469a701ede674715014d157863e4754,kernel_s,1.340586149,0.005763284000000146,5,
calibration,edc_n17,cell-75fdee8355aa8a8de282b8e4d06bf8c742e7ec158f18ddd5fa2f48d31b084676,prepared_call_s,1.3313596780062653,0.005080319999251515,5,
calibration,edc_n17,cell-75fdee8355aa8a8de282b8e4d06bf8c742e7ec158f18ddd5fa2f48d31b084676,job_to_state_s,1.5121952240006067,0.0030682809883728623,5,
calibration,edc_n17,cell-75fdee8355aa8a8de282b8e4d06bf8c742e7ec158f18ddd5fa2f48d31b084676,job_to_state_cached_path_s,1.5121957319788635,0.003068238031119108,5,
calibration,edc_n17,cell-75fdee8355aa8a8de282b8e4d06bf8c742e7ec158f18ddd5fa2f48d31b084676,kernel_s,0.072526323,8.644499999999056e-05,5,
calibration,bb84_n18,cell-92f7bcbd0e0c2d03cf57dd62e29c2179e781fc148071c5685dff7ae0203965b0,prepared_call_s,0.5452880969969556,0.006332081975415349,5,
calibration,bb84_n18,cell-92f7bcbd0e0c2d03cf57dd62e29c2179e781fc148071c5685dff7ae0203965b0,job_to_state_s,0.5811327800038271,0.00704604503698647,5,
calibration,bb84_n18,cell-92f7bcbd0e0c2d03cf57dd62e29c2179e781fc148071c5685dff7ae0203965b0,job_to_state_cached_path_s,0.5811334449681453,0.007046187995001674,5,
calibration,bb84_n18,cell-92f7bcbd0e0c2d03cf57dd62e29c2179e781fc148071c5685dff7ae0203965b0,kernel_s,0.074299149,6.469999999994536e-06,5,
calibration,xor_n18,cell-2ce0c4817e19940a52e00706d16d8a3c848fda43d2b9b46d984414e64415ed6c,prepared_call_s,1.4349375549936667,0.0024335479829460382,5,
calibration,xor_n18,cell-2ce0c4817e19940a52e00706d16d8a3c848fda43d2b9b46d984414e64415ed6c,job_to_state_s,1.5822671350324526,0.0050456239259801805,5,
calibration,xor_n18,cell-2ce0c4817e19940a52e00706d16d8a3c848fda43d2b9b46d984414e64415ed6c,job_to_state_cached_path_s,1.5822675109957345,0.0050457019824534655,5,
calibration,xor_n18,cell-2ce0c4817e19940a52e00706d16d8a3c848fda43d2b9b46d984414e64415ed6c,kernel_s,0.234009904,0.0002853199999999778,5,
calibration,bv_n18,cell-128a03d27a53e2ef477447e22d2b9c56f6d950db52099597f69373743fc9f90a,prepared_call_s,1.1143946470110677,0.008392039977479726,5,
calibration,bv_n18,cell-128a03d27a53e2ef477447e22d2b9c56f6d950db52099597f69373743fc9f90a,job_to_state_s,1.1889028489822522,0.008425697044003755,5,
calibration,bv_n18,cell-128a03d27a53e2ef477447e22d2b9c56f6d950db52099597f69373743fc9f90a,job_to_state_cached_path_s,1.1889032539911568,0.008425783016718924,5,
calibration,bv_n18,cell-128a03d27a53e2ef477447e22d2b9c56f6d950db52099597f69373743fc9f90a,kernel_s,0.314427618,0.0011373599999999762,5,
calibration,edc_n17,cell-c12b269a154b94bac91bb66592e5f1e873a416f6034b8da42e97bdde61c8ef81,prepared_call_s,3.904263182019349,0.043217287049628794,5,
calibration,edc_n17,cell-c12b269a154b94bac91bb66592e5f1e873a416f6034b8da42e97bdde61c8ef81,job_to_state_s,4.028203819994815,0.045112858002539724,5,
calibration,edc_n17,cell-c12b269a154b94bac91bb66592e5f1e873a416f6034b8da42e97bdde61c8ef81,job_to_state_cached_path_s,4.028204119997099,0.04511271900264546,5,
calibration,edc_n17,cell-c12b269a154b94bac91bb66592e5f1e873a416f6034b8da42e97bdde61c8ef81,kernel_s,2.2709549559999997,0.0037367460000004016,5,
calibration,hs_n18,cell-b1054bf169f966ab46527680c9f2857407627fdce192e67589e484bf3994f589,prepared_call_s,1.050681687949691,0.004815239051822573,5,
calibration,hs_n18,cell-b1054bf169f966ab46527680c9f2857407627fdce192e67589e484bf3994f589,job_to_state_s,1.4473417440312915,0.004242997034452856,5,
calibration,hs_n18,cell-b1054bf169f966ab46527680c9f2857407627fdce192e67589e484bf3994f589,job_to_state_cached_path_s,1.4473425900214352,0.00424352299887687,5,
calibration,hs_n18,cell-b1054bf169f966ab46527680c9f2857407627fdce192e67589e484bf3994f589,kernel_s,0.07999640899999999,2.082899999998611e-05,5,
calibration,edc_n17,cell-6613a8a1d3d0699b41f4bf88712908b24abdf9c0735646af512cad2c54669d13,prepared_call_s,5.74774838599842,0.04921561700757593,5,
calibration,edc_n17,cell-6613a8a1d3d0699b41f4bf88712908b24abdf9c0735646af512cad2c54669d13,job_to_state_s,5.87302371498663,0.04593580000801012,5,
calibration,edc_n17,cell-6613a8a1d3d0699b41f4bf88712908b24abdf9c0735646af512cad2c54669d13,job_to_state_cached_path_s,5.873024125001393,0.045935845002532005,5,
calibration,edc_n17,cell-6613a8a1d3d0699b41f4bf88712908b24abdf9c0735646af512cad2c54669d13,kernel_s,4.104826958,0.0036645480000006003,5,
calibration,xor_n18,cell-b2e8823b6fe1e501f2ec4c0413756af518ca92277967d89a739090ba0297c536,prepared_call_s,4.88093053502962,0.012363788962829858,5,
calibration,xor_n18,cell-b2e8823b6fe1e501f2ec4c0413756af518ca92277967d89a739090ba0297c536,job_to_state_s,4.980630592966918,0.011915257025975734,5,
calibration,xor_n18,cell-b2e8823b6fe1e501f2ec4c0413756af518ca92277967d89a739090ba0297c536,job_to_state_cached_path_s,4.9806310889543965,0.011915024020709097,5,
calibration,xor_n18,cell-b2e8823b6fe1e501f2ec4c0413756af518ca92277967d89a739090ba0297c536,kernel_s,2.664096602,0.004466550000000069,5,
calibration,bv_n18,cell-ed3cc79ef9e813684d9bf7f0749a9d59f3044b78e6a33be6a9428d7e04291e06,prepared_call_s,1.1026560940081254,0.0035450090072117746,5,
calibration,bv_n18,cell-ed3cc79ef9e813684d9bf7f0749a9d59f3044b78e6a33be6a9428d7e04291e06,job_to_state_s,1.177444106026087,0.0034865650231949985,5,
calibration,bv_n18,cell-ed3cc79ef9e813684d9bf7f0749a9d59f3044b78e6a33be6a9428d7e04291e06,job_to_state_cached_path_s,1.177444634027779,0.0034860200248658657,5,
calibration,bv_n18,cell-ed3cc79ef9e813684d9bf7f0749a9d59f3044b78e6a33be6a9428d7e04291e06,kernel_s,0.306619785,0.0015822279999999633,5,
calibration,bb84_n18,cell-23e31d9ff523bb2574b3574466dde4969f4ec92777c4d6c32e1bfca4aefb8f4f,prepared_call_s,0.45336486800806597,0.004282790003344417,5,
calibration,bb84_n18,cell-23e31d9ff523bb2574b3574466dde4969f4ec92777c4d6c32e1bfca4aefb8f4f,job_to_state_s,0.4886581109603867,0.004174604022409767,5,
calibration,bb84_n18,cell-23e31d9ff523bb2574b3574466dde4969f4ec92777c4d6c32e1bfca4aefb8f4f,job_to_state_cached_path_s,0.48865849600406364,0.004174553963821381,5,
calibration,bb84_n18,cell-23e31d9ff523bb2574b3574466dde4969f4ec92777c4d6c32e1bfca4aefb8f4f,kernel_s,0.055293952,5.101299999999559e-05,5,
calibration,stress_n16_l2,cell-2b5fdbd97c92fc51ada24f773e4e62fa7f16bd5e12cde7cd82778a6aac9575ca,prepared_call_s,2.335007616027724,0.01849688997026533,5,
calibration,stress_n16_l2,cell-2b5fdbd97c92fc51ada24f773e4e62fa7f16bd5e12cde7cd82778a6aac9575ca,job_to_state_s,2.5701589730451815,0.022405037947464734,5,
calibration,stress_n16_l2,cell-2b5fdbd97c92fc51ada24f773e4e62fa7f16bd5e12cde7cd82778a6aac9575ca,job_to_state_cached_path_s,2.5701595580321737,0.02240477898158133,5,
calibration,stress_n16_l2,cell-2b5fdbd97c92fc51ada24f773e4e62fa7f16bd5e12cde7cd82778a6aac9575ca,kernel_s,0.8173682820000001,0.0017282969999998787,5,
calibration,hs_n18,cell-419cbac8b2c4692cf7447bc547334f5889f48b2d324ac69d021fd0cb0915c9d9,prepared_call_s,1.0744637490133755,0.010962962987832725,5,
calibration,hs_n18,cell-419cbac8b2c4692cf7447bc547334f5889f48b2d324ac69d021fd0cb0915c9d9,job_to_state_s,1.4716832209960558,0.019911717041395605,5,
calibration,hs_n18,cell-419cbac8b2c4692cf7447bc547334f5889f48b2d324ac69d021fd0cb0915c9d9,job_to_state_cached_path_s,1.4716839650063775,0.019911326991859823,5,
calibration,hs_n18,cell-419cbac8b2c4692cf7447bc547334f5889f48b2d324ac69d021fd0cb0915c9d9,kernel_s,0.021189595,4.113199999999928e-05,5,
calibration,qrng_n18,cell-28474e4369716b868c0ce368e3dacfa6cfc8782e4f77f7c44e307b2854683f39,prepared_call_s,1.2802837369963527,0.011728821031283587,5,
calibration,qrng_n18,cell-28474e4369716b868c0ce368e3dacfa6cfc8782e4f77f7c44e307b2854683f39,job_to_state_s,1.3058250379981473,0.011484408983960748,5,
calibration,qrng_n18,cell-28474e4369716b868c0ce368e3dacfa6cfc8782e4f77f7c44e307b2854683f39,job_to_state_cached_path_s,1.305825499992352,0.01148440397810191,5,
calibration,qrng_n18,cell-28474e4369716b868c0ce368e3dacfa6cfc8782e4f77f7c44e307b2854683f39,kernel_s,0.7585057550000001,0.0009303550000001604,5,
calibration,hs_n18,cell-dc0a5cd48d8aa77156b662aa6ba12aea2cbb401895e92fe6227654deebfd835f,prepared_call_s,2.0583244810113683,0.027783433033619076,5,
calibration,hs_n18,cell-dc0a5cd48d8aa77156b662aa6ba12aea2cbb401895e92fe6227654deebfd835f,job_to_state_s,2.3345381370163523,0.03285202995175496,5,
calibration,hs_n18,cell-dc0a5cd48d8aa77156b662aa6ba12aea2cbb401895e92fe6227654deebfd835f,job_to_state_cached_path_s,2.334538502036594,0.03285216394579038,5,
calibration,hs_n18,cell-dc0a5cd48d8aa77156b662aa6ba12aea2cbb401895e92fe6227654deebfd835f,kernel_s,0.4338211569999999,0.0007664279999998191,5,
calibration,stress_n16_l2,cell-b4aee059b59b4324af2aca639936dcc8b0e7e031c75ade18bd6542347c7ab992,prepared_call_s,2.8681693029939197,0.03453530604019761,5,
calibration,stress_n16_l2,cell-b4aee059b59b4324af2aca639936dcc8b0e7e031c75ade18bd6542347c7ab992,job_to_state_s,3.107979228021577,0.030090924992691725,5,
calibration,stress_n16_l2,cell-b4aee059b59b4324af2aca639936dcc8b0e7e031c75ade18bd6542347c7ab992,job_to_state_cached_path_s,3.1079795540426858,0.030091036984231323,5,
calibration,stress_n16_l2,cell-b4aee059b59b4324af2aca639936dcc8b0e7e031c75ade18bd6542347c7ab992,kernel_s,1.4015477610000002,0.0015177599999998126,5,
calibration,qrng_n18,cell-141b07ecf76db8a6dac851920dc983a7acaad215ae9a7cdc3b3cbbf7f72db881,prepared_call_s,0.9216850340017118,0.01731957698939368,5,
calibration,qrng_n18,cell-141b07ecf76db8a6dac851920dc983a7acaad215ae9a7cdc3b3cbbf7f72db881,job_to_state_s,0.947038930025883,0.017596582998521626,5,
calibration,qrng_n18,cell-141b07ecf76db8a6dac851920dc983a7acaad215ae9a7cdc3b3cbbf7f72db881,job_to_state_cached_path_s,0.9470393950468861,0.017596340971067548,5,
calibration,qrng_n18,cell-141b07ecf76db8a6dac851920dc983a7acaad215ae9a7cdc3b3cbbf7f72db881,kernel_s,0.380177557,0.0007993640000000246,5,
calibration,stress_n18_l2,cell-df9f63aebbbe2611ebf3b8a19affbc7b3e8edcdf50bf833d19de949887b6a3ab,prepared_call_s,1.8005457279505208,0.0029542389092966914,5,
calibration,stress_n18_l2,cell-df9f63aebbbe2611ebf3b8a19affbc7b3e8edcdf50bf833d19de949887b6a3ab,job_to_state_s,2.3036787430173717,0.009999412985052913,5,
calibration,stress_n18_l2,cell-df9f63aebbbe2611ebf3b8a19affbc7b3e8edcdf50bf833d19de949887b6a3ab,job_to_state_cached_path_s,2.303679183998611,0.00999936502194032,5,
calibration,stress_n18_l2,cell-df9f63aebbbe2611ebf3b8a19affbc7b3e8edcdf50bf833d19de949887b6a3ab,kernel_s,0.384930957,0.001223198000000092,5,
calibration,ghz_n18,cell-1aa2c1c34aa6e272efaed3c4e6b382baaad2f787e5a72a795e06bf1bfd591fa1,prepared_call_s,2.9532560789957643,0.06067371100652963,5,
calibration,ghz_n18,cell-1aa2c1c34aa6e272efaed3c4e6b382baaad2f787e5a72a795e06bf1bfd591fa1,job_to_state_s,3.038262168003712,0.06051934196148068,5,
calibration,ghz_n18,cell-1aa2c1c34aa6e272efaed3c4e6b382baaad2f787e5a72a795e06bf1bfd591fa1,job_to_state_cached_path_s,3.038262749032583,0.06051931792171672,5,
calibration,ghz_n18,cell-1aa2c1c34aa6e272efaed3c4e6b382baaad2f787e5a72a795e06bf1bfd591fa1,kernel_s,1.828186672,0.00479462900000005,5,
calibration,stress_n16_l2,cell-41f13a45d5993229bac5ab553d0bfdbfcdb134ad08781875447ce1f73f3f6c79,prepared_call_s,1.0274521179962903,0.011099802039097995,5,
calibration,stress_n16_l2,cell-41f13a45d5993229bac5ab553d0bfdbfcdb134ad08781875447ce1f73f3f6c79,job_to_state_s,1.3785651989746839,0.010548665013629943,5,
calibration,stress_n16_l2,cell-41f13a45d5993229bac5ab553d0bfdbfcdb134ad08781875447ce1f73f3f6c79,job_to_state_cached_path_s,1.3785656999680214,0.010548717982601374,5,
calibration,stress_n16_l2,cell-41f13a45d5993229bac5ab553d0bfdbfcdb134ad08781875447ce1f73f3f6c79,kernel_s,0.09001055599999999,2.752300000000152e-05,5,
calibration,hs_n18,cell-81e3e536bbbb3ab49a1f200dba64f59701a59f9246128a9fba4fe63dc4c0a65a,prepared_call_s,1.1435559960082173,0.006051431002561003,5,
calibration,hs_n18,cell-81e3e536bbbb3ab49a1f200dba64f59701a59f9246128a9fba4fe63dc4c0a65a,job_to_state_s,1.5402080899802968,0.007671970990486443,5,
calibration,hs_n18,cell-81e3e536bbbb3ab49a1f200dba64f59701a59f9246128a9fba4fe63dc4c0a65a,job_to_state_cached_path_s,1.5402083919616416,0.007671953993849456,5,
calibration,hs_n18,cell-81e3e536bbbb3ab49a1f200dba64f59701a59f9246128a9fba4fe63dc4c0a65a,kernel_s,0.05796881,7.762199999999941e-05,5,
calibration,ghz_n18,cell-ae0c6245f1ec408707838bf5fd5ac25cc0a4c442ed3ee0352f5b262d92bec102,prepared_call_s,1.1430968379718252,0.005853237002156675,5,
calibration,ghz_n18,cell-ae0c6245f1ec408707838bf5fd5ac25cc0a4c442ed3ee0352f5b262d92bec102,job_to_state_s,1.2272133199730888,0.006547353987116367,5,
calibration,ghz_n18,cell-ae0c6245f1ec408707838bf5fd5ac25cc0a4c442ed3ee0352f5b262d92bec102,job_to_state_cached_path_s,1.2272138859843835,0.006547107012011111,5,
calibration,ghz_n18,cell-ae0c6245f1ec408707838bf5fd5ac25cc0a4c442ed3ee0352f5b262d92bec102,kernel_s,0.020692844000000002,4.564499999999694e-05,5,
calibration,ghz_n18,cell-40d3d07e707ada7579034721b24f858fa3503cbc410d2cedc5a6506af7a15ee8,prepared_call_s,1.7038096739561297,0.005095420987345278,5,
calibration,ghz_n18,cell-40d3d07e707ada7579034721b24f858fa3503cbc410d2cedc5a6506af7a15ee8,job_to_state_s,1.787183701992035,0.004711523011792451,5,
calibration,ghz_n18,cell-40d3d07e707ada7579034721b24f858fa3503cbc410d2cedc5a6506af7a15ee8,job_to_state_cached_path_s,1.7871841940213926,0.0047116250498220325,5,
calibration,ghz_n18,cell-40d3d07e707ada7579034721b24f858fa3503cbc410d2cedc5a6506af7a15ee8,kernel_s,0.568743828,0.0014143070000000035,5,
calibration,stress_n18_l2,cell-7a2c8c24c84991bfa459b9c2d691105eea8e9f911bd0da07f359e2abc566f267,prepared_call_s,1.419549593992997,0.010427211003843695,5,
calibration,stress_n18_l2,cell-7a2c8c24c84991bfa459b9c2d691105eea8e9f911bd0da07f359e2abc566f267,job_to_state_s,1.9366362679866143,0.010363815061282367,5,
calibration,stress_n18_l2,cell-7a2c8c24c84991bfa459b9c2d691105eea8e9f911bd0da07f359e2abc566f267,job_to_state_cached_path_s,1.9366367590264417,0.01036361197475344,5,
calibration,stress_n18_l2,cell-7a2c8c24c84991bfa459b9c2d691105eea8e9f911bd0da07f359e2abc566f267,kernel_s,0.022197743,4.5560000000000045e-05,5,
calibration,qrng_n18,cell-c08c63fe9014617c818cafc9bd0a6def86e725902567926c949c865a9d2e8e66,prepared_call_s,1.0940365149872378,0.00467793399002403,5,
calibration,qrng_n18,cell-c08c63fe9014617c818cafc9bd0a6def86e725902567926c949c865a9d2e8e66,job_to_state_s,1.12126895703841,0.003460554056800902,5,
calibration,qrng_n18,cell-c08c63fe9014617c818cafc9bd0a6def86e725902567926c949c865a9d2e8e66,job_to_state_cached_path_s,1.1212694690329954,0.0034605940454639494,5,
calibration,qrng_n18,cell-c08c63fe9014617c818cafc9bd0a6def86e725902567926c949c865a9d2e8e66,kernel_s,0.5561234580000001,0.0016610299999999523,5,
calibration,ghz_n18,cell-316b7bdab59d087f9928d04d7643472e7bca57e149a88124971d1ac3b589cdf9,prepared_call_s,2.2400507620186545,0.012581022048834711,5,
calibration,ghz_n18,cell-316b7bdab59d087f9928d04d7643472e7bca57e149a88124971d1ac3b589cdf9,job_to_state_s,2.326539767032955,0.01499708101619035,5,
calibration,ghz_n18,cell-316b7bdab59d087f9928d04d7643472e7bca57e149a88124971d1ac3b589cdf9,job_to_state_cached_path_s,2.3265401539974846,0.014996737008914351,5,
calibration,ghz_n18,cell-316b7bdab59d087f9928d04d7643472e7bca57e149a88124971d1ac3b589cdf9,kernel_s,1.106219632,0.0012138390000000499,5,
calibration,bv_n18,cell-5d78dce6dc84dc97491aadb67fbec76c54db114bde1d375e073564e93a3b3a89,prepared_call_s,0.8774159949971363,0.0009020009892992675,5,
calibration,bv_n18,cell-5d78dce6dc84dc97491aadb67fbec76c54db114bde1d375e073564e93a3b3a89,job_to_state_s,0.986007425992284,0.0017184479511342943,5,
calibration,bv_n18,cell-5d78dce6dc84dc97491aadb67fbec76c54db114bde1d375e073564e93a3b3a89,job_to_state_cached_path_s,0.9860081989900209,0.0017187049961648881,5,
calibration,bv_n18,cell-5d78dce6dc84dc97491aadb67fbec76c54db114bde1d375e073564e93a3b3a89,kernel_s,0.07679615499999999,4.6230999999993805e-05,5,
calibration,xor_n18,cell-de788082ffb06bde872fa9eedd408693934d23caf525703ecaa40f5484672934,prepared_call_s,2.3039266699925065,0.013409223989583552,5,
calibration,xor_n18,cell-de788082ffb06bde872fa9eedd408693934d23caf525703ecaa40f5484672934,job_to_state_s,2.451567226962652,0.013070015062112361,5,
calibration,xor_n18,cell-de788082ffb06bde872fa9eedd408693934d23caf525703ecaa40f5484672934,job_to_state_cached_path_s,2.45156766299624,0.013070120010524988,5,
calibration,xor_n18,cell-de788082ffb06bde872fa9eedd408693934d23caf525703ecaa40f5484672934,kernel_s,1.109701102,0.00017100000000014326,5,
calibration,hs_n18,cell-d1be78175025142c0fb69523f7d8717701fde70eb06ae0aed7a4ca09a1f933df,prepared_call_s,1.2743247160105966,0.015543779009021819,5,
calibration,hs_n18,cell-d1be78175025142c0fb69523f7d8717701fde70eb06ae0aed7a4ca09a1f933df,job_to_state_s,1.6771429299842566,0.01952030003303662,5,
calibration,hs_n18,cell-d1be78175025142c0fb69523f7d8717701fde70eb06ae0aed7a4ca09a1f933df,job_to_state_cached_path_s,1.677143317006994,0.019520349975209683,5,
calibration,hs_n18,cell-d1be78175025142c0fb69523f7d8717701fde70eb06ae0aed7a4ca09a1f933df,kernel_s,0.019139806,7.516700000000098e-05,5,
calibration,qrng_n18,cell-6c6e51e89af5c2994c66db9a3a97462447fdd322e8a3ecebab9cd28415e42b4b,prepared_call_s,0.5519158500246704,0.006233608990442008,5,
calibration,qrng_n18,cell-6c6e51e89af5c2994c66db9a3a97462447fdd322e8a3ecebab9cd28415e42b4b,job_to_state_s,0.5885044620372355,0.0057993619702756405,5,
calibration,qrng_n18,cell-6c6e51e89af5c2994c66db9a3a97462447fdd322e8a3ecebab9cd28415e42b4b,job_to_state_cached_path_s,0.5885050719953142,0.0057991300127469,5,
calibration,qrng_n18,cell-6c6e51e89af5c2994c66db9a3a97462447fdd322e8a3ecebab9cd28415e42b4b,kernel_s,0.08326885199999999,1.4782999999990443e-05,5,
calibration,bv_n18,cell-810266a2b99f8f7a9536e84d7b7b8ec53aeb914e06177bfd28718f78f6492224,prepared_call_s,0.7102388449711725,0.012080756016075611,5,
calibration,bv_n18,cell-810266a2b99f8f7a9536e84d7b7b8ec53aeb914e06177bfd28718f78f6492224,job_to_state_s,0.8223029099754058,0.026870498026255518,5,
calibration,bv_n18,cell-810266a2b99f8f7a9536e84d7b7b8ec53aeb914e06177bfd28718f78f6492224,job_to_state_cached_path_s,0.8223033269750886,0.0268705950002186,5,
calibration,bv_n18,cell-810266a2b99f8f7a9536e84d7b7b8ec53aeb914e06177bfd28718f78f6492224,kernel_s,0.10933689199999999,0.00022703100000000254,5,
calibration,bb84_n18,cell-8604a39ea79fba46dcf1edf711888073df4ed40b3f381b6b29f134af1d2871dd,prepared_call_s,0.5299795499886386,0.0020629200153052807,5,
calibration,bb84_n18,cell-8604a39ea79fba46dcf1edf711888073df4ed40b3f381b6b29f134af1d2871dd,job_to_state_s,0.566346028004773,0.0011846410343423486,5,
calibration,bb84_n18,cell-8604a39ea79fba46dcf1edf711888073df4ed40b3f381b6b29f134af1d2871dd,job_to_state_cached_path_s,0.5663463029777631,0.0011848590220324695,5,
calibration,bb84_n18,cell-8604a39ea79fba46dcf1edf711888073df4ed40b3f381b6b29f134af1d2871dd,kernel_s,0.055295468,1.3728999999997049e-05,5,
calibration,bv_n18,cell-73f31fce30700c1888dafc217ecc873d59a066bc4b8edd2d0e3b1a2a728aca69,prepared_call_s,0.5680277289939113,0.006439691002015024,5,
calibration,bv_n18,cell-73f31fce30700c1888dafc217ecc873d59a066bc4b8edd2d0e3b1a2a728aca69,job_to_state_s,0.677769272995647,0.005580076016485691,5,
calibration,bv_n18,cell-73f31fce30700c1888dafc217ecc873d59a066bc4b8edd2d0e3b1a2a728aca69,job_to_state_cached_path_s,0.6777697309735231,0.0055800339905545115,5,
calibration,bv_n18,cell-73f31fce30700c1888dafc217ecc873d59a066bc4b8edd2d0e3b1a2a728aca69,kernel_s,0.060690742,4.141600000000245e-05,5,
calibration,edc_n17,cell-76781096237628321ecf6a1eb06c75ea9421d8a1a28bf02ffa1433f95d96a76e,prepared_call_s,0.945288177987095,0.025154321978334337,5,
calibration,edc_n17,cell-76781096237628321ecf6a1eb06c75ea9421d8a1a28bf02ffa1433f95d96a76e,job_to_state_s,1.1261118809925392,0.021924478991422802,5,
calibration,edc_n17,cell-76781096237628321ecf6a1eb06c75ea9421d8a1a28bf02ffa1433f95d96a76e,job_to_state_cached_path_s,1.1261123360018246,0.021924611006397754,5,
calibration,edc_n17,cell-76781096237628321ecf6a1eb06c75ea9421d8a1a28bf02ffa1433f95d96a76e,kernel_s,0.06611689200000001,1.54759999999865e-05,5,
calibration,qrng_n18,cell-574905e25a7ca0f14a8163a03985d7cf394c2ce9590b7d7b647ed971076bc0dc,prepared_call_s,0.5354959079995751,0.00473244400927797,7,
calibration,qrng_n18,cell-574905e25a7ca0f14a8163a03985d7cf394c2ce9590b7d7b647ed971076bc0dc,job_to_state_s,0.5609847430023365,0.0051413970068097115,7,
calibration,qrng_n18,cell-574905e25a7ca0f14a8163a03985d7cf394c2ce9590b7d7b647ed971076bc0dc,job_to_state_cached_path_s,0.5609851879999042,0.005141410976648331,7,
calibration,qrng_n18,cell-574905e25a7ca0f14a8163a03985d7cf394c2ce9590b7d7b647ed971076bc0dc,kernel_s,0.120169854,8.404800000000323e-05,7,
calibration,bb84_n18,cell-2ba5433672891faa7e058961bb03b593c6d0a4a6d893dc5d98072c5de9137cca,prepared_call_s,1.699740246986039,0.0017790929996408522,5,
calibration,bb84_n18,cell-2ba5433672891faa7e058961bb03b593c6d0a4a6d893dc5d98072c5de9137cca,job_to_state_s,1.724404559994582,0.001731137977913022,5,
calibration,bb84_n18,cell-2ba5433672891faa7e058961bb03b593c6d0a4a6d893dc5d98072c5de9137cca,job_to_state_cached_path_s,1.7244049599976279,0.0017306560184806585,5,
calibration,bb84_n18,cell-2ba5433672891faa7e058961bb03b593c6d0a4a6d893dc5d98072c5de9137cca,kernel_s,1.175661117,0.0009677430000001319,5,
calibration,bb84_n18,cell-2eb35c4c6bfa7e6aeec2e5359af7eedd818c72e7a5ef1ae2074ebc76f265ae42,prepared_call_s,0.4351339300046675,0.008165100996848196,5,
calibration,bb84_n18,cell-2eb35c4c6bfa7e6aeec2e5359af7eedd818c72e7a5ef1ae2074ebc76f265ae42,job_to_state_s,0.47151202900568023,0.00893889699364081,5,
calibration,bb84_n18,cell-2eb35c4c6bfa7e6aeec2e5359af7eedd818c72e7a5ef1ae2074ebc76f265ae42,job_to_state_cached_path_s,0.4715123900095932,0.008938545011915267,5,
calibration,bb84_n18,cell-2eb35c4c6bfa7e6aeec2e5359af7eedd818c72e7a5ef1ae2074ebc76f265ae42,kernel_s,0.055752833,0.00017630799999999308,5,
calibration,stress_n16_l2,cell-e37e2cb8a73bdaa895334c8676e52c7bd37a95c2fba62ff8381361a48d780211,prepared_call_s,4.736826584034134,0.001319186994805932,5,
calibration,stress_n16_l2,cell-e37e2cb8a73bdaa895334c8676e52c7bd37a95c2fba62ff8381361a48d780211,job_to_state_s,4.972954127006233,0.004634784010704607,5,
calibration,stress_n16_l2,cell-e37e2cb8a73bdaa895334c8676e52c7bd37a95c2fba62ff8381361a48d780211,job_to_state_cached_path_s,4.972954499011394,0.004634691984392703,5,
calibration,stress_n16_l2,cell-e37e2cb8a73bdaa895334c8676e52c7bd37a95c2fba62ff8381361a48d780211,kernel_s,3.260553231,0.002589562999999906,5,
calibration,xor_n18,cell-83751819c45cc5c2ae79b50bff8ca19afde9eb65eb85f14f3fadd22e2f55ab96,prepared_call_s,1.3320821179659106,0.006114172050729394,5,
calibration,xor_n18,cell-83751819c45cc5c2ae79b50bff8ca19afde9eb65eb85f14f3fadd22e2f55ab96,job_to_state_s,1.4798411679803394,0.004797518020495772,5,
calibration,xor_n18,cell-83751819c45cc5c2ae79b50bff8ca19afde9eb65eb85f14f3fadd22e2f55ab96,job_to_state_cached_path_s,1.4798415440018289,0.004797872970812023,5,
calibration,xor_n18,cell-83751819c45cc5c2ae79b50bff8ca19afde9eb65eb85f14f3fadd22e2f55ab96,kernel_s,0.013595914,2.1459999999999188e-05,5,
calibration,bv_n18,cell-37afb89a81a4a33c7dfb15a56cd7251527eed1cf68194c2af96b958eb8f69310,prepared_call_s,1.1063882439630106,0.006099443940911442,5,
calibration,bv_n18,cell-37afb89a81a4a33c7dfb15a56cd7251527eed1cf68194c2af96b958eb8f69310,job_to_state_s,1.1808911450207233,0.005612313048914075,5,
calibration,bv_n18,cell-37afb89a81a4a33c7dfb15a56cd7251527eed1cf68194c2af96b958eb8f69310,job_to_state_cached_path_s,1.180891469004564,0.005612237029708922,5,
calibration,bv_n18,cell-37afb89a81a4a33c7dfb15a56cd7251527eed1cf68194c2af96b958eb8f69310,kernel_s,0.31320527600000003,0.0015833020000000086,5,
calibration,edc_n17,cell-a123e888827b900a6d7ae821b36f989e630f53ed8a860a3e49d63945a4f562d0,prepared_call_s,1.1972304049995728,0.02518731902819127,5,
calibration,edc_n17,cell-a123e888827b900a6d7ae821b36f989e630f53ed8a860a3e49d63945a4f562d0,job_to_state_s,1.3810349240084179,0.026483350957278162,5,
calibration,edc_n17,cell-a123e888827b900a6d7ae821b36f989e630f53ed8a860a3e49d63945a4f562d0,job_to_state_cached_path_s,1.38103523402242,0.02648351195966825,5,
calibration,edc_n17,cell-a123e888827b900a6d7ae821b36f989e630f53ed8a860a3e49d63945a4f562d0,kernel_s,0.09829522100000002,0.00022814799999999746,5,
calibration,bv_n18,cell-9d400f02c2b4f0251cc5e5e5a8bddf4a37d725a3c0e1cb27466527799aeadb6d,prepared_call_s,0.8599600329762325,0.01155675103655085,5,
calibration,bv_n18,cell-9d400f02c2b4f0251cc5e5e5a8bddf4a37d725a3c0e1cb27466527799aeadb6d,job_to_state_s,0.9685121460352093,0.01174420292954892,5,
calibration,bv_n18,cell-9d400f02c2b4f0251cc5e5e5a8bddf4a37d725a3c0e1cb27466527799aeadb6d,job_to_state_cached_path_s,0.9685127260163426,0.011744041985366493,5,
calibration,bv_n18,cell-9d400f02c2b4f0251cc5e5e5a8bddf4a37d725a3c0e1cb27466527799aeadb6d,kernel_s,0.058392614999999995,4.611499999999935e-05,5,
calibration,stress_n16_l2,cell-359abf3ac2c8c831a45a8044bfd06558552ab0cfde08ec264f6b9811ed2f27f2,prepared_call_s,1.1657231810386293,0.003758391074370593,5,
calibration,stress_n16_l2,cell-359abf3ac2c8c831a45a8044bfd06558552ab0cfde08ec264f6b9811ed2f27f2,job_to_state_s,1.5261491340352222,0.007165150949731469,5,
calibration,stress_n16_l2,cell-359abf3ac2c8c831a45a8044bfd06558552ab0cfde08ec264f6b9811ed2f27f2,job_to_state_cached_path_s,1.5261494150036015,0.0071651830221526325,5,
calibration,stress_n16_l2,cell-359abf3ac2c8c831a45a8044bfd06558552ab0cfde08ec264f6b9811ed2f27f2,kernel_s,0.294916678,1.9247999999971732e-05,5,
calibration,qrng_n18,cell-556abfde748f9e524dea400db51afa8719344c212ebbaca7ad4af97766c3bf23,prepared_call_s,0.9848788270028308,0.0036572450189851224,5,
calibration,qrng_n18,cell-556abfde748f9e524dea400db51afa8719344c212ebbaca7ad4af97766c3bf23,job_to_state_s,1.0104053250397556,0.0035807800595648587,5,
calibration,qrng_n18,cell-556abfde748f9e524dea400db51afa8719344c212ebbaca7ad4af97766c3bf23,job_to_state_cached_path_s,1.0104056810378097,0.003580730059184134,5,
calibration,qrng_n18,cell-556abfde748f9e524dea400db51afa8719344c212ebbaca7ad4af97766c3bf23,kernel_s,0.45015728899999996,0.0006004769999999882,5,
calibration,stress_n16_l2,cell-44422dd983dbaf4f161e3a61760d1ad905530ae29f9b3b33be065846d16efc16,prepared_call_s,2.3247540530283004,0.059710553963668644,5,
calibration,stress_n16_l2,cell-44422dd983dbaf4f161e3a61760d1ad905530ae29f9b3b33be065846d16efc16,job_to_state_s,2.560713956016116,0.06602074595866725,5,
calibration,stress_n16_l2,cell-44422dd983dbaf4f161e3a61760d1ad905530ae29f9b3b33be065846d16efc16,job_to_state_cached_path_s,2.5607142410008237,0.06602084799669683,5,
calibration,stress_n16_l2,cell-44422dd983dbaf4f161e3a61760d1ad905530ae29f9b3b33be065846d16efc16,kernel_s,0.828773964,0.005480735999999986,5,
calibration,ghz_n18,cell-408fb591720c4f40a85f869de89a5eb15005fd55abf339fe3c91faa7c20ee017,prepared_call_s,2.1253720319946297,0.020372587954625487,5,
calibration,ghz_n18,cell-408fb591720c4f40a85f869de89a5eb15005fd55abf339fe3c91faa7c20ee017,job_to_state_s,2.2088983290013857,0.018052987987175584,5,
calibration,ghz_n18,cell-408fb591720c4f40a85f869de89a5eb15005fd55abf339fe3c91faa7c20ee017,job_to_state_cached_path_s,2.2088987439638004,0.01805343508021906,5,
calibration,ghz_n18,cell-408fb591720c4f40a85f869de89a5eb15005fd55abf339fe3c91faa7c20ee017,kernel_s,0.983876541,0.0005136980000001179,5,
calibration,edc_n17,cell-6b065fbf5b2b3b1b5665d3894aac247f70cc302ffc1abbdf287f12522cd19bb9,prepared_call_s,3.8917175909737125,0.05844072002219036,5,
calibration,edc_n17,cell-6b065fbf5b2b3b1b5665d3894aac247f70cc302ffc1abbdf287f12522cd19bb9,job_to_state_s,4.013504400034435,0.06171583494869992,5,
calibration,edc_n17,cell-6b065fbf5b2b3b1b5665d3894aac247f70cc302ffc1abbdf287f12522cd19bb9,job_to_state_cached_path_s,4.013504653004929,0.0617159929824993,5,
calibration,edc_n17,cell-6b065fbf5b2b3b1b5665d3894aac247f70cc302ffc1abbdf287f12522cd19bb9,kernel_s,2.2594988540000003,0.0031166630000001305,5,
calibration,hs_n18,cell-faaef68fa7ed87038916e35764fdf4680cfad4f7b06409bce8e93024c09d3a67,prepared_call_s,1.08935331099201,0.0028689770260825753,5,
calibration,hs_n18,cell-faaef68fa7ed87038916e35764fdf4680cfad4f7b06409bce8e93024c09d3a67,job_to_state_s,1.4816356269875541,0.005457149993162602,5,
calibration,hs_n18,cell-faaef68fa7ed87038916e35764fdf4680cfad4f7b06409bce8e93024c09d3a67,job_to_state_cached_path_s,1.481636289972812,0.005456885031890124,5,
calibration,hs_n18,cell-faaef68fa7ed87038916e35764fdf4680cfad4f7b06409bce8e93024c09d3a67,kernel_s,0.07764731700000001,8.936299999998121e-05,5,
calibration,xor_n18,cell-b55b798f67f6dbccd36ebbef87d64247a4c24253619242b7f83ceb4506f5e24f,prepared_call_s,1.4468186849844642,0.009932292974554002,5,
calibration,xor_n18,cell-b55b798f67f6dbccd36ebbef87d64247a4c24253619242b7f83ceb4506f5e24f,job_to_state_s,1.5926518790074624,0.011257303005550057,5,
calibration,xor_n18,cell-b55b798f67f6dbccd36ebbef87d64247a4c24253619242b7f83ceb4506f5e24f,job_to_state_cached_path_s,1.5926522390218452,0.011257414997089654,5,
calibration,xor_n18,cell-b55b798f67f6dbccd36ebbef87d64247a4c24253619242b7f83ceb4506f5e24f,kernel_s,0.234036359,0.0001438579999999967,5,
calibration,bb84_n18,cell-2ba4aca7c0a99130160da155db333eb22b92bdb107b36e45b6cfa4dcae105b63,prepared_call_s,0.643931383965537,0.0123991520376876,5,
calibration,bb84_n18,cell-2ba4aca7c0a99130160da155db333eb22b92bdb107b36e45b6cfa4dcae105b63,job_to_state_s,0.6795764170237817,0.013170335965696722,5,
calibration,bb84_n18,cell-2ba4aca7c0a99130160da155db333eb22b92bdb107b36e45b6cfa4dcae105b63,job_to_state_cached_path_s,0.6795767470030114,0.013170398015063256,5,
calibration,bb84_n18,cell-2ba4aca7c0a99130160da155db333eb22b92bdb107b36e45b6cfa4dcae105b63,kernel_s,0.07431404300000001,1.226599999999689e-05,5,
calibration,ghz_n18,cell-899956312ae474d607797c2146993476afd0a10be0f746b3e3c091e0459acffc,prepared_call_s,1.3335077610099688,0.01534702000208199,5,
calibration,ghz_n18,cell-899956312ae474d607797c2146993476afd0a10be0f746b3e3c091e0459acffc,job_to_state_s,1.417959904007148,0.01436007599113509,5,
calibration,ghz_n18,cell-899956312ae474d607797c2146993476afd0a10be0f746b3e3c091e0459acffc,job_to_state_cached_path_s,1.4179604729870334,0.014360091998241842,5,
calibration,ghz_n18,cell-899956312ae474d607797c2146993476afd0a10be0f746b3e3c091e0459acffc,kernel_s,0.040335736000000004,8.057999999998289e-06,5,
calibration,xor_n18,cell-984e1a7ae27c8ee52a268c925030329104ffe713dddbb00e7e81aad6a3f8e4e8,prepared_call_s,1.1112542179762386,0.03432598797371611,5,
calibration,xor_n18,cell-984e1a7ae27c8ee52a268c925030329104ffe713dddbb00e7e81aad6a3f8e4e8,job_to_state_s,1.258180184988305,0.03532716998597607,5,
calibration,xor_n18,cell-984e1a7ae27c8ee52a268c925030329104ffe713dddbb00e7e81aad6a3f8e4e8,job_to_state_cached_path_s,1.2581805759691633,0.03532715898472816,5,
calibration,xor_n18,cell-984e1a7ae27c8ee52a268c925030329104ffe713dddbb00e7e81aad6a3f8e4e8,kernel_s,0.035300964000000004,4.519100000000692e-05,5,
calibration,stress_n16_l2,cell-147d732ef83723f0563fe6520b8d743d477f72bbbd09029550b06bdffa9b5b4e,prepared_call_s,2.4180803999770433,0.03579139697831124,5,
calibration,stress_n16_l2,cell-147d732ef83723f0563fe6520b8d743d477f72bbbd09029550b06bdffa9b5b4e,job_to_state_s,2.65784475998953,0.036606613954063505,5,
calibration,stress_n16_l2,cell-147d732ef83723f0563fe6520b8d743d477f72bbbd09029550b06bdffa9b5b4e,job_to_state_cached_path_s,2.657845234964043,0.036606594920158386,5,
calibration,stress_n16_l2,cell-147d732ef83723f0563fe6520b8d743d477f72bbbd09029550b06bdffa9b5b4e,kernel_s,0.994509115,0.001688792000000161,5,
calibration,bb84_n18,cell-b51765e033afc591eefd5d0fa0685e8a9c5a58c9941a1754bac203a171ed63c6,prepared_call_s,0.4937009770073928,0.002702259982470423,5,
calibration,bb84_n18,cell-b51765e033afc591eefd5d0fa0685e8a9c5a58c9941a1754bac203a171ed63c6,job_to_state_s,0.5294421050348319,0.002834989980328828,5,
calibration,bb84_n18,cell-b51765e033afc591eefd5d0fa0685e8a9c5a58c9941a1754bac203a171ed63c6,job_to_state_cached_path_s,0.5294424919993617,0.002835103019606322,5,
calibration,bb84_n18,cell-b51765e033afc591eefd5d0fa0685e8a9c5a58c9941a1754bac203a171ed63c6,kernel_s,0.111659191,0.00012500600000001083,5,
calibration,qrng_n18,cell-e320b0b54a34b53939e3504090ef94cc1183518d91889b6fd24bacfe8a763bab,prepared_call_s,0.6215395989711396,0.019578009960241616,5,
calibration,qrng_n18,cell-e320b0b54a34b53939e3504090ef94cc1183518d91889b6fd24bacfe8a763bab,job_to_state_s,0.6579951549647376,0.01947896892670542,5,
calibration,qrng_n18,cell-e320b0b54a34b53939e3504090ef94cc1183518d91889b6fd24bacfe8a763bab,job_to_state_cached_path_s,0.6579955789493397,0.019478855945635587,5,
calibration,qrng_n18,cell-e320b0b54a34b53939e3504090ef94cc1183518d91889b6fd24bacfe8a763bab,kernel_s,0.02205862,0.00011221600000000179,5,
calibration,xor_n18,cell-b23a23b0c683b5a7d6a03256e7435ef6e7595b2c95190dbec3f734bffc5be45c,prepared_call_s,1.474041095993016,0.023163248028140515,5,
calibration,xor_n18,cell-b23a23b0c683b5a7d6a03256e7435ef6e7595b2c95190dbec3f734bffc5be45c,job_to_state_s,1.621410998981446,0.024199316976591945,5,
calibration,xor_n18,cell-b23a23b0c683b5a7d6a03256e7435ef6e7595b2c95190dbec3f734bffc5be45c,job_to_state_cached_path_s,1.621411681000609,0.02419951098272577,5,
calibration,xor_n18,cell-b23a23b0c683b5a7d6a03256e7435ef6e7595b2c95190dbec3f734bffc5be45c,kernel_s,0.259515777,0.000930480999999983,5,
calibration,hs_n18,cell-a81fcf1c11705e95b0da6a63b421d3f2b56b61f855696f95486be34223cfefd0,prepared_call_s,2.092951158992946,0.018531575973611325,7,
calibration,hs_n18,cell-a81fcf1c11705e95b0da6a63b421d3f2b56b61f855696f95486be34223cfefd0,job_to_state_s,2.3640309820184484,0.023052213015034795,7,
calibration,hs_n18,cell-a81fcf1c11705e95b0da6a63b421d3f2b56b61f855696f95486be34223cfefd0,job_to_state_cached_path_s,2.364031339006033,0.02305230899946764,7,
calibration,hs_n18,cell-a81fcf1c11705e95b0da6a63b421d3f2b56b61f855696f95486be34223cfefd0,kernel_s,0.504010153,0.00044212299999990545,7,
calibration,xor_n18,cell-3092e28c57f8d8caad554dc0281d7a246a0382f2535cf996b08853b4f661fdb9,prepared_call_s,1.4530677529983222,0.0019794530235230923,5,
calibration,xor_n18,cell-3092e28c57f8d8caad554dc0281d7a246a0382f2535cf996b08853b4f661fdb9,job_to_state_s,1.6000186299788766,0.0012421249994076788,5,
calibration,xor_n18,cell-3092e28c57f8d8caad554dc0281d7a246a0382f2535cf996b08853b4f661fdb9,job_to_state_cached_path_s,1.6000190149643458,0.0012421970604918897,5,
calibration,xor_n18,cell-3092e28c57f8d8caad554dc0281d7a246a0382f2535cf996b08853b4f661fdb9,kernel_s,0.050735912,2.6612000000002245e-05,5,
calibration,stress_n18_l2,cell-5327094d7b5882a10c8e128ba98e0ffb567c76be485598d332f3dd9e902ef527,prepared_call_s,1.6101392350392416,0.006812881969381124,5,
calibration,stress_n18_l2,cell-5327094d7b5882a10c8e128ba98e0ffb567c76be485598d332f3dd9e902ef527,job_to_state_s,2.123015890014358,0.011585888976696879,5,
calibration,stress_n18_l2,cell-5327094d7b5882a10c8e128ba98e0ffb567c76be485598d332f3dd9e902ef527,job_to_state_cached_path_s,2.1230165120214224,0.011585991946049035,5,
calibration,stress_n18_l2,cell-5327094d7b5882a10c8e128ba98e0ffb567c76be485598d332f3dd9e902ef527,kernel_s,0.11187586199999999,2.032500000001547e-05,5,
calibration,stress_n16_l2,cell-dee98901746541a5fc3f8f21837efde8fc9c5c8e1d0883fe59ea06dac2ce395f,prepared_call_s,0.8659284990280867,0.017072429007384926,5,
calibration,stress_n16_l2,cell-dee98901746541a5fc3f8f21837efde8fc9c5c8e1d0883fe59ea06dac2ce395f,job_to_state_s,1.21478699502768,0.006653125048615038,5,
calibration,stress_n16_l2,cell-dee98901746541a5fc3f8f21837efde8fc9c5c8e1d0883fe59ea06dac2ce395f,job_to_state_cached_path_s,1.21478726004716,0.006652880052570254,5,
calibration,stress_n16_l2,cell-dee98901746541a5fc3f8f21837efde8fc9c5c8e1d0883fe59ea06dac2ce395f,kernel_s,0.015818556,1.6278999999997518e-05,5,
calibration,ghz_n18,cell-855e1d343118f007936603c517816d3dbf9c47c8f9486ed9e3cf082c522334c1,prepared_call_s,1.264559532981366,0.010858351015485823,5,
calibration,ghz_n18,cell-855e1d343118f007936603c517816d3dbf9c47c8f9486ed9e3cf082c522334c1,job_to_state_s,1.3490422230097465,0.009715588996186852,5,
calibration,ghz_n18,cell-855e1d343118f007936603c517816d3dbf9c47c8f9486ed9e3cf082c522334c1,job_to_state_cached_path_s,1.3490425070049241,0.00971578701864928,5,
calibration,ghz_n18,cell-855e1d343118f007936603c517816d3dbf9c47c8f9486ed9e3cf082c522334c1,kernel_s,0.071656809,6.82179999999949e-05,5,
calibration,stress_n16_l2,cell-7060fe51fb130b16fa0f359cc73cdacec7ac5f36ab289c64ffb2c69159a9bd8d,prepared_call_s,2.4669256979832426,0.012786723964381963,7,
calibration,stress_n16_l2,cell-7060fe51fb130b16fa0f359cc73cdacec7ac5f36ab289c64ffb2c69159a9bd8d,job_to_state_s,2.7042190049542114,0.012293245934415609,7,
calibration,stress_n16_l2,cell-7060fe51fb130b16fa0f359cc73cdacec7ac5f36ab289c64ffb2c69159a9bd8d,job_to_state_cached_path_s,2.7042194009991363,0.012293387961108238,7,
calibration,stress_n16_l2,cell-7060fe51fb130b16fa0f359cc73cdacec7ac5f36ab289c64ffb2c69159a9bd8d,kernel_s,1.050078168,0.0023771850000000594,7,
calibration,qrng_n18,cell-71781e0b6c066445fc2a7afacf81277be52d02a4cf02f3757a6b10f1aa972235,prepared_call_s,0.9047271760064177,0.009729099983815104,5,
calibration,qrng_n18,cell-71781e0b6c066445fc2a7afacf81277be52d02a4cf02f3757a6b10f1aa972235,job_to_state_s,0.9299603000399657,0.009987773024477065,5,
calibration,qrng_n18,cell-71781e0b6c066445fc2a7afacf81277be52d02a4cf02f3757a6b10f1aa972235,job_to_state_cached_path_s,0.9299607599969022,0.00998778297798708,5,
calibration,qrng_n18,cell-71781e0b6c066445fc2a7afacf81277be52d02a4cf02f3757a6b10f1aa972235,kernel_s,0.375797094,0.0002555419999999975,5,
calibration,stress_n16_l2,cell-d6619904fc52524926e6984ad0c44f8cffee0959f7414d7910b169739d461b26,prepared_call_s,1.1182279519853182,0.0015588760143145919,5,
calibration,stress_n16_l2,cell-d6619904fc52524926e6984ad0c44f8cffee0959f7414d7910b169739d461b26,job_to_state_s,1.4667111220187508,0.004857661027926952,5,
calibration,stress_n16_l2,cell-d6619904fc52524926e6984ad0c44f8cffee0959f7414d7910b169739d461b26,job_to_state_cached_path_s,1.4667117460048757,0.004857909050770104,5,
calibration,stress_n16_l2,cell-d6619904fc52524926e6984ad0c44f8cffee0959f7414d7910b169739d461b26,kernel_s,0.132483031,3.182799999998376e-05,5,
calibration,bv_n18,cell-27c18d2412712834791e7c0cc0829ed090f136a3a5edb97626f5fecf79847894,prepared_call_s,1.1618855069973506,0.016473124036565423,7,
calibration,bv_n18,cell-27c18d2412712834791e7c0cc0829ed090f136a3a5edb97626f5fecf79847894,job_to_state_s,1.2366023299982771,0.01591233495855704,7,
calibration,bv_n18,cell-27c18d2412712834791e7c0cc0829ed090f136a3a5edb97626f5fecf79847894,job_to_state_cached_path_s,1.236602775985375,0.01591235102387145,7,
calibration,bv_n18,cell-27c18d2412712834791e7c0cc0829ed090f136a3a5edb97626f5fecf79847894,kernel_s,0.12290154400000002,0.0004215690000000244,7,
calibration,xor_n18,cell-b3bf999e049eb1415ba17fcd1dce9e224d71fdb744366e613680708b8cd6fc66,prepared_call_s,1.4412108510150574,0.007321433979086578,5,
calibration,xor_n18,cell-b3bf999e049eb1415ba17fcd1dce9e224d71fdb744366e613680708b8cd6fc66,job_to_state_s,1.5881989039480686,0.009136856067925692,5,
calibration,xor_n18,cell-b3bf999e049eb1415ba17fcd1dce9e224d71fdb744366e613680708b8cd6fc66,job_to_state_cached_path_s,1.5881992319482379,0.009136863052845001,5,
calibration,xor_n18,cell-b3bf999e049eb1415ba17fcd1dce9e224d71fdb744366e613680708b8cd6fc66,kernel_s,0.045565612000000005,0.00012347199999999253,5,
calibration,stress_n16_l2,cell-d5352eb09b2f248b087bf407ec80aa3ae312f1383d1581420f65c30fd7fcaf6c,prepared_call_s,7.779855905973818,0.019352971052285284,7,
calibration,stress_n16_l2,cell-d5352eb09b2f248b087bf407ec80aa3ae312f1383d1581420f65c30fd7fcaf6c,job_to_state_s,8.018523491045926,0.018291152955498546,7,
calibration,stress_n16_l2,cell-d5352eb09b2f248b087bf407ec80aa3ae312f1383d1581420f65c30fd7fcaf6c,job_to_state_cached_path_s,8.018523870036006,0.01829142397036776,7,
calibration,stress_n16_l2,cell-d5352eb09b2f248b087bf407ec80aa3ae312f1383d1581420f65c30fd7fcaf6c,kernel_s,6.304655485,0.0017618219999997464,7,
calibration,ghz_n18,cell-19d87aaf3f61443d06f0c24e1c2013ee83dab3239030593eabbf66d4df4fcfa0,prepared_call_s,1.0302148789633065,0.018897941044997424,5,
calibration,ghz_n18,cell-19d87aaf3f61443d06f0c24e1c2013ee83dab3239030593eabbf66d4df4fcfa0,job_to_state_s,1.1131475510192104,0.02008603297872469,5,
calibration,ghz_n18,cell-19d87aaf3f61443d06f0c24e1c2013ee83dab3239030593eabbf66d4df4fcfa0,job_to_state_cached_path_s,1.113148036005441,0.020085797004867345,5,
calibration,ghz_n18,cell-19d87aaf3f61443d06f0c24e1c2013ee83dab3239030593eabbf66d4df4fcfa0,kernel_s,0.047997291,8.102999999999583e-05,5,
calibration,qrng_n18,cell-988fb81ea048da9b93c3018384c9721613957a393797ba15a01f77df3d8a2842,prepared_call_s,0.47748271201271564,0.005680881964508444,5,
calibration,qrng_n18,cell-988fb81ea048da9b93c3018384c9721613957a393797ba15a01f77df3d8a2842,job_to_state_s,0.5154362139874138,0.004239058995153755,5,
calibration,qrng_n18,cell-988fb81ea048da9b93c3018384c9721613957a393797ba15a01f77df3d8a2842,job_to_state_cached_path_s,0.5154365809867159,0.0042391830356791615,5,
calibration,qrng_n18,cell-988fb81ea048da9b93c3018384c9721613957a393797ba15a01f77df3d8a2842,kernel_s,0.083239209,4.459199999999608e-05,5,
calibration,bb84_n18,cell-3e51cfb3e1f72db850747c1313cf9e53f51a7d319f70d6370eddf641cabf1c71,prepared_call_s,0.4830709510133602,0.008433319046162069,7,
calibration,bb84_n18,cell-3e51cfb3e1f72db850747c1313cf9e53f51a7d319f70d6370eddf641cabf1c71,job_to_state_s,0.5078407649998553,0.008479443029500544,7,
calibration,bb84_n18,cell-3e51cfb3e1f72db850747c1313cf9e53f51a7d319f70d6370eddf641cabf1c71,job_to_state_cached_path_s,0.5078411430004053,0.008479172014631331,7,
calibration,bb84_n18,cell-3e51cfb3e1f72db850747c1313cf9e53f51a7d319f70d6370eddf641cabf1c71,kernel_s,0.081589591,3.865799999999697e-05,7,
calibration,edc_n17,cell-e49bde6e9a0bcc032c457dd9a5401ac10c8c0fb74880980b9c5fea3cdc3174b4,prepared_call_s,1.1443105299840681,0.011205028975382447,5,
calibration,edc_n17,cell-e49bde6e9a0bcc032c457dd9a5401ac10c8c0fb74880980b9c5fea3cdc3174b4,job_to_state_s,1.3248091569985263,0.010606020980048925,5,
calibration,edc_n17,cell-e49bde6e9a0bcc032c457dd9a5401ac10c8c0fb74880980b9c5fea3cdc3174b4,job_to_state_cached_path_s,1.3248095689923503,0.010606059979181737,5,
calibration,edc_n17,cell-e49bde6e9a0bcc032c457dd9a5401ac10c8c0fb74880980b9c5fea3cdc3174b4,kernel_s,0.158845831,0.00013705899999999493,5,
calibration,bv_n18,cell-df6d73f1d629cbf673b3bdaf67a8d6c3c87167bf0b5f0958808c051f3693bbfc,prepared_call_s,0.5817654310376383,0.005951571045443416,7,
calibration,bv_n18,cell-df6d73f1d629cbf673b3bdaf67a8d6c3c87167bf0b5f0958808c051f3693bbfc,job_to_state_s,0.6922549789887853,0.0072057630168274045,7,
calibration,bv_n18,cell-df6d73f1d629cbf673b3bdaf67a8d6c3c87167bf0b5f0958808c051f3693bbfc,job_to_state_cached_path_s,0.692255429981742,0.007205775007605553,7,
calibration,bv_n18,cell-df6d73f1d629cbf673b3bdaf67a8d6c3c87167bf0b5f0958808c051f3693bbfc,kernel_s,0.078437642,3.319599999998535e-05,7,
calibration,bv_n18,cell-8f125914e5e90bda2ddcbc79e9d7ebd200c5226e5b19694368c08208b9c2c058,prepared_call_s,1.1098428769619204,0.030869495996739715,5,
calibration,bv_n18,cell-8f125914e5e90bda2ddcbc79e9d7ebd200c5226e5b19694368c08208b9c2c058,job_to_state_s,1.1848251710180193,0.03332131396746263,5,
calibration,bv_n18,cell-8f125914e5e90bda2ddcbc79e9d7ebd200c5226e5b19694368c08208b9c2c058,job_to_state_cached_path_s,1.1848255450022407,0.03332142002182081,5,
calibration,bv_n18,cell-8f125914e5e90bda2ddcbc79e9d7ebd200c5226e5b19694368c08208b9c2c058,kernel_s,0.30883019700000003,0.001015118000000037,5,
calibration,bv_n18,cell-883a761865c6b564adb419ac2692bdcc773aa306f2390852b8b8a6a881a11d46,prepared_call_s,1.1222217630129308,0.004550223995465785,5,
calibration,bv_n18,cell-883a761865c6b564adb419ac2692bdcc773aa306f2390852b8b8a6a881a11d46,job_to_state_s,1.1968107379507273,0.004533196974080056,5,
calibration,bv_n18,cell-883a761865c6b564adb419ac2692bdcc773aa306f2390852b8b8a6a881a11d46,job_to_state_cached_path_s,1.1968112220056355,0.004533296043518931,5,
calibration,bv_n18,cell-883a761865c6b564adb419ac2692bdcc773aa306f2390852b8b8a6a881a11d46,kernel_s,0.317804605,0.0018649369999999554,5,
calibration,stress_n18_l2,cell-2f3c0b57073c3ccb74fc354c7f0dc87455051647a7338190fadde5bda3200935,prepared_call_s,4.833473640028387,0.01391876203706488,5,
calibration,stress_n18_l2,cell-2f3c0b57073c3ccb74fc354c7f0dc87455051647a7338190fadde5bda3200935,job_to_state_s,5.342862171004526,0.007433460035827011,5,
calibration,stress_n18_l2,cell-2f3c0b57073c3ccb74fc354c7f0dc87455051647a7338190fadde5bda3200935,job_to_state_cached_path_s,5.342862626013812,0.007433478021994233,5,
calibration,stress_n18_l2,cell-2f3c0b57073c3ccb74fc354c7f0dc87455051647a7338190fadde5bda3200935,kernel_s,3.402221535,0.001573878000000306,5,
calibration,edc_n17,cell-9f3cf3f445117aae658620fad86429c6bcf2402cf13a083e31b2ffaf37554b7c,prepared_call_s,3.9203036360559054,0.03934193204622716,5,
calibration,edc_n17,cell-9f3cf3f445117aae658620fad86429c6bcf2402cf13a083e31b2ffaf37554b7c,job_to_state_s,4.042231858999003,0.039218995021656156,5,
calibration,edc_n17,cell-9f3cf3f445117aae658620fad86429c6bcf2402cf13a083e31b2ffaf37554b7c,job_to_state_cached_path_s,4.042232338048052,0.039218984078615904,5,
calibration,edc_n17,cell-9f3cf3f445117aae658620fad86429c6bcf2402cf13a083e31b2ffaf37554b7c,kernel_s,2.315513719,0.008536825000000192,5,
calibration,qrng_n18,cell-2a1c4806dac4030490a3e1b1862f1cc00337e987991e6a4cea142681eeeeff16,prepared_call_s,0.4492400700110011,0.013188826967962086,5,
calibration,qrng_n18,cell-2a1c4806dac4030490a3e1b1862f1cc00337e987991e6a4cea142681eeeeff16,job_to_state_s,0.48594604700338095,0.013159777969121933,5,
calibration,qrng_n18,cell-2a1c4806dac4030490a3e1b1862f1cc00337e987991e6a4cea142681eeeeff16,job_to_state_cached_path_s,0.48594642302487046,0.013159414986148477,5,
calibration,qrng_n18,cell-2a1c4806dac4030490a3e1b1862f1cc00337e987991e6a4cea142681eeeeff16,kernel_s,0.044980406,8.330600000000521e-05,5,
calibration,bb84_n18,cell-7fb47bedd2337966dde77650cd8deea2123ab323a2b7af42874c8cd8fa38ddf2,prepared_call_s,0.42368005198659375,0.005205799010582268,5,
calibration,bb84_n18,cell-7fb47bedd2337966dde77650cd8deea2123ab323a2b7af42874c8cd8fa38ddf2,job_to_state_s,0.459554799948819,0.004901199077721685,5,
calibration,bb84_n18,cell-7fb47bedd2337966dde77650cd8deea2123ab323a2b7af42874c8cd8fa38ddf2,job_to_state_cached_path_s,0.4595553589751944,0.004901125037577003,5,
calibration,bb84_n18,cell-7fb47bedd2337966dde77650cd8deea2123ab323a2b7af42874c8cd8fa38ddf2,kernel_s,0.017400462,2.39840000000012e-05,5,
calibration,edc_n17,cell-f8fa0889123480f3d77ad9f4ed845143563cae1553538f6bb760eb20d872b95f,prepared_call_s,3.9841214700136334,0.040019376028794795,5,
calibration,edc_n17,cell-f8fa0889123480f3d77ad9f4ed845143563cae1553538f6bb760eb20d872b95f,job_to_state_s,4.107799022982363,0.03607501997612417,5,
calibration,edc_n17,cell-f8fa0889123480f3d77ad9f4ed845143563cae1553538f6bb760eb20d872b95f,job_to_state_cached_path_s,4.107799493998755,0.036075061943847686,5,
calibration,edc_n17,cell-f8fa0889123480f3d77ad9f4ed845143563cae1553538f6bb760eb20d872b95f,kernel_s,2.359511739,0.014459701999999908,5,
calibration,qrng_n18,cell-1a1c668a42a425e92f9bc474f5e55ed9ff7d390415bd647dde80de191a25cea5,prepared_call_s,1.0112536890082993,0.0060696310247294605,7,
calibration,qrng_n18,cell-1a1c668a42a425e92f9bc474f5e55ed9ff7d390415bd647dde80de191a25cea5,job_to_state_s,1.036576039972715,0.00616322603309527,7,
calibration,qrng_n18,cell-1a1c668a42a425e92f9bc474f5e55ed9ff7d390415bd647dde80de191a25cea5,job_to_state_cached_path_s,1.036576405982487,0.00616321200504899,7,
calibration,qrng_n18,cell-1a1c668a42a425e92f9bc474f5e55ed9ff7d390415bd647dde80de191a25cea5,kernel_s,0.487647443,0.0012385249999999903,7,
calibration,stress_n16_l2,cell-c18b1624729d82b22dc3c8d501351b37fb51783b40467ca9971440973bd0dd8e,prepared_call_s,1.1042609279975295,0.0025754449889063835,5,
calibration,stress_n16_l2,cell-c18b1624729d82b22dc3c8d501351b37fb51783b40467ca9971440973bd0dd8e,job_to_state_s,1.4486152570461854,0.009589338034857064,5,
calibration,stress_n16_l2,cell-c18b1624729d82b22dc3c8d501351b37fb51783b40467ca9971440973bd0dd8e,job_to_state_cached_path_s,1.4486157670035027,0.009589443972799927,5,
calibration,stress_n16_l2,cell-c18b1624729d82b22dc3c8d501351b37fb51783b40467ca9971440973bd0dd8e,kernel_s,0.088009804,1.0517000000001553e-05,5,
calibration,xor_n18,cell-fc591b7ecdc0f1dd2442944ade23d08fc0eba0ba2f65f3d75e1d00a5b4b4d53b,prepared_call_s,4.872147777990904,0.1032367620500736,5,
calibration,xor_n18,cell-fc591b7ecdc0f1dd2442944ade23d08fc0eba0ba2f65f3d75e1d00a5b4b4d53b,job_to_state_s,4.97128951898776,0.10330004099523649,5,
calibration,xor_n18,cell-fc591b7ecdc0f1dd2442944ade23d08fc0eba0ba2f65f3d75e1d00a5b4b4d53b,job_to_state_cached_path_s,4.971289924986195,0.1033001090399921,5,
calibration,xor_n18,cell-fc591b7ecdc0f1dd2442944ade23d08fc0eba0ba2f65f3d75e1d00a5b4b4d53b,kernel_s,2.6735879980000004,0.014334815999999861,5,
calibration,stress_n16_l2,cell-7a0c178b9e5bac3810c1aa5540ef6f3e47eb5351ef6a2525ec5a7e26e7722c64,prepared_call_s,0.8741625610273331,0.009463660011533648,5,
calibration,stress_n16_l2,cell-7a0c178b9e5bac3810c1aa5540ef6f3e47eb5351ef6a2525ec5a7e26e7722c64,job_to_state_s,1.2311673310468905,0.010103155975230038,5,
calibration,stress_n16_l2,cell-7a0c178b9e5bac3810c1aa5540ef6f3e47eb5351ef6a2525ec5a7e26e7722c64,job_to_state_cached_path_s,1.2311676420504227,0.010103196953423321,5,
calibration,stress_n16_l2,cell-7a0c178b9e5bac3810c1aa5540ef6f3e47eb5351ef6a2525ec5a7e26e7722c64,kernel_s,0.032611108,6.97769999999931e-05,5,
calibration,xor_n18,cell-b2387aab2db08137cebaa2f5e6e544e21cfc982fa894676c0621b37db3bd6aae,prepared_call_s,4.607764435000718,0.0719567850464955,5,
calibration,xor_n18,cell-b2387aab2db08137cebaa2f5e6e544e21cfc982fa894676c0621b37db3bd6aae,job_to_state_s,4.708081730990671,0.0708272410556674,5,
calibration,xor_n18,cell-b2387aab2db08137cebaa2f5e6e544e21cfc982fa894676c0621b37db3bd6aae,job_to_state_cached_path_s,4.708082375989761,0.07082711503608152,5,
calibration,xor_n18,cell-b2387aab2db08137cebaa2f5e6e544e21cfc982fa894676c0621b37db3bd6aae,kernel_s,2.325217739,0.024431689000000034,5,
calibration,stress_n16_l2,cell-25da55ec0f89442321592b48e6ec495f92535f80cec5f608a26c5809728072d6,prepared_call_s,1.0597980479942635,0.007912266999483109,5,
calibration,stress_n16_l2,cell-25da55ec0f89442321592b48e6ec495f92535f80cec5f608a26c5809728072d6,job_to_state_s,1.4090819630073383,0.012366648006718606,5,
calibration,stress_n16_l2,cell-25da55ec0f89442321592b48e6ec495f92535f80cec5f608a26c5809728072d6,job_to_state_cached_path_s,1.4090823869919404,0.012366778973955661,5,
calibration,stress_n16_l2,cell-25da55ec0f89442321592b48e6ec495f92535f80cec5f608a26c5809728072d6,kernel_s,0.134223406,1.200500000000937e-05,5,
calibration,ghz_n18,cell-15e53a1bc79558087639bbb1e781f9019af28c76305e279401e7e1be33b746f3,prepared_call_s,1.6431304370053113,0.005190522002521902,5,
calibration,ghz_n18,cell-15e53a1bc79558087639bbb1e781f9019af28c76305e279401e7e1be33b746f3,job_to_state_s,1.7263883120031096,0.004716983996331692,5,
calibration,ghz_n18,cell-15e53a1bc79558087639bbb1e781f9019af28c76305e279401e7e1be33b746f3,job_to_state_cached_path_s,1.726388688024599,0.004716776020359248,5,
calibration,ghz_n18,cell-15e53a1bc79558087639bbb1e781f9019af28c76305e279401e7e1be33b746f3,kernel_s,0.50956893,0.0011793109999999052,5,
calibration,ghz_n18,cell-599ad393dcec58699b19b19e25a7b1d216065da88e9e356126c39b00a5923a2c,prepared_call_s,0.9909892319701612,0.009285181004088372,5,
calibration,ghz_n18,cell-599ad393dcec58699b19b19e25a7b1d216065da88e9e356126c39b00a5923a2c,job_to_state_s,1.0740903959958814,0.00846555398311466,5,
calibration,ghz_n18,cell-599ad393dcec58699b19b19e25a7b1d216065da88e9e356126c39b00a5923a2c,job_to_state_cached_path_s,1.0740909430314787,0.008465759980026633,5,
calibration,ghz_n18,cell-599ad393dcec58699b19b19e25a7b1d216065da88e9e356126c39b00a5923a2c,kernel_s,0.03495747,4.9658000000001035e-05,5,
calibration,ghz_n18,cell-6b9fcf2aedfc87ad0678c7c70af12b49904118b385829b1eda2da8577fd4983f,prepared_call_s,1.6231619819882326,0.020249744004104286,5,
calibration,ghz_n18,cell-6b9fcf2aedfc87ad0678c7c70af12b49904118b385829b1eda2da8577fd4983f,job_to_state_s,1.707598853041418,0.020413051010109484,5,
calibration,ghz_n18,cell-6b9fcf2aedfc87ad0678c7c70af12b49904118b385829b1eda2da8577fd4983f,job_to_state_cached_path_s,1.7075992470490746,0.020412998041138053,5,
calibration,ghz_n18,cell-6b9fcf2aedfc87ad0678c7c70af12b49904118b385829b1eda2da8577fd4983f,kernel_s,0.54671526,0.002691843999999999,5,
calibration,qrng_n18,cell-5690d57216e38a5252527fdb3b9168ad0cf36741e84a4b7f468e5b7e17e8c3a1,prepared_call_s,0.4593282630085014,0.008881109999492764,5,
calibration,qrng_n18,cell-5690d57216e38a5252527fdb3b9168ad0cf36741e84a4b7f468e5b7e17e8c3a1,job_to_state_s,0.4956272140261717,0.008201323042158037,5,
calibration,qrng_n18,cell-5690d57216e38a5252527fdb3b9168ad0cf36741e84a4b7f468e5b7e17e8c3a1,job_to_state_cached_path_s,0.49562782602151856,0.008201597025617957,5,
calibration,qrng_n18,cell-5690d57216e38a5252527fdb3b9168ad0cf36741e84a4b7f468e5b7e17e8c3a1,kernel_s,0.08505623899999999,2.3294999999992627e-05,5,
calibration,qrng_n18,cell-56408f860207a25177995d3df59628d01b171ae4dbb547750cbbcf26f0375c25,prepared_call_s,0.9246812729979865,0.009406303986907005,5,
calibration,qrng_n18,cell-56408f860207a25177995d3df59628d01b171ae4dbb547750cbbcf26f0375c25,job_to_state_s,0.9500314239994623,0.009499396022874862,5,
calibration,qrng_n18,cell-56408f860207a25177995d3df59628d01b171ae4dbb547750cbbcf26f0375c25,job_to_state_cached_path_s,0.9500319890212268,0.009499195963144302,5,
calibration,qrng_n18,cell-56408f860207a25177995d3df59628d01b171ae4dbb547750cbbcf26f0375c25,kernel_s,0.384489977,0.002550238000000038,5,
calibration,stress_n18_l2,cell-a6420b7a3a77a7130913ceb6d1ab9f13f223e0142d710e2385dcc9d8c1ac4983,prepared_call_s,1.570079821976833,0.023978599987458438,5,
calibration,stress_n18_l2,cell-a6420b7a3a77a7130913ceb6d1ab9f13f223e0142d710e2385dcc9d8c1ac4983,job_to_state_s,2.072703161975369,0.038270450953859836,5,
calibration,stress_n18_l2,cell-a6420b7a3a77a7130913ceb6d1ab9f13f223e0142d710e2385dcc9d8c1ac4983,job_to_state_cached_path_s,2.072703974961769,0.0382705379743129,5,
calibration,stress_n18_l2,cell-a6420b7a3a77a7130913ceb6d1ab9f13f223e0142d710e2385dcc9d8c1ac4983,kernel_s,0.21413096399999998,0.00016842699999997102,5,
calibration,bb84_n18,cell-41a80064f42c608781d7a9f5e22255e489b7915bf59c559422ad7437423c116c,prepared_call_s,0.7992790949647315,0.00553233502432704,5,
calibration,bb84_n18,cell-41a80064f42c608781d7a9f5e22255e489b7915bf59c559422ad7437423c116c,job_to_state_s,0.8248234100174159,0.004938808968290687,5,
calibration,bb84_n18,cell-41a80064f42c608781d7a9f5e22255e489b7915bf59c559422ad7437423c116c,job_to_state_cached_path_s,0.8248238330124877,0.004938816011417657,5,
calibration,bb84_n18,cell-41a80064f42c608781d7a9f5e22255e489b7915bf59c559422ad7437423c116c,kernel_s,0.264789396,0.001281032999999987,5,
calibration,bv_n18,cell-1d597d23c15dd0551203e7f7820f9e792320b9fa8cbce3c03acd395043fe7804,prepared_call_s,1.1279990519979037,0.007219788036309183,5,
calibration,bv_n18,cell-1d597d23c15dd0551203e7f7820f9e792320b9fa8cbce3c03acd395043fe7804,job_to_state_s,1.2021053749485873,0.008096662058960646,5,
calibration,bv_n18,cell-1d597d23c15dd0551203e7f7820f9e792320b9fa8cbce3c03acd395043fe7804,job_to_state_cached_path_s,1.2021056999801658,0.008096695004496723,5,
calibration,bv_n18,cell-1d597d23c15dd0551203e7f7820f9e792320b9fa8cbce3c03acd395043fe7804,kernel_s,0.3274794,0.0016737000000000002,5,
calibration,stress_n18_l2,cell-3217a2a01e726849a796fb65d5425e1fec97656ba145de1def23fd4f8ecd9565,prepared_call_s,1.3138004899956286,0.014091380988247693,5,
calibration,stress_n18_l2,cell-3217a2a01e726849a796fb65d5425e1fec97656ba145de1def23fd4f8ecd9565,job_to_state_s,1.82482538203476,0.015427719976287335,5,
calibration,stress_n18_l2,cell-3217a2a01e726849a796fb65d5425e1fec97656ba145de1def23fd4f8ecd9565,job_to_state_cached_path_s,1.8248257990344428,0.015427767997607589,5,
calibration,stress_n18_l2,cell-3217a2a01e726849a796fb65d5425e1fec97656ba145de1def23fd4f8ecd9565,kernel_s,0.034428294,4.547499999999621e-05,5,
calibration,qrng_n18,cell-1918a1bb0f6a9228b5982f14a9983487e2f522e808760b3caa6f46182a4ebb67,prepared_call_s,0.9181360849761404,0.0034539520274847746,5,
calibration,qrng_n18,cell-1918a1bb0f6a9228b5982f14a9983487e2f522e808760b3caa6f46182a4ebb67,job_to_state_s,0.9433418759726919,0.003051399951800704,5,
calibration,qrng_n18,cell-1918a1bb0f6a9228b5982f14a9983487e2f522e808760b3caa6f46182a4ebb67,job_to_state_cached_path_s,0.9433424299932085,0.0030513620004057884,5,
calibration,qrng_n18,cell-1918a1bb0f6a9228b5982f14a9983487e2f522e808760b3caa6f46182a4ebb67,kernel_s,0.385280592,0.0006332700000000191,5,
calibration,stress_n18_l2,cell-b97244e35f5d6029e9361f43807b89673776acc0aa66537d7461c00fd308ca3b,prepared_call_s,1.4699020519619808,0.008379024977330118,5,
calibration,stress_n18_l2,cell-b97244e35f5d6029e9361f43807b89673776acc0aa66537d7461c00fd308ca3b,job_to_state_s,1.9829593129688874,0.01857222698163241,5,
calibration,stress_n18_l2,cell-b97244e35f5d6029e9361f43807b89673776acc0aa66537d7461c00fd308ca3b,job_to_state_cached_path_s,1.9829596880008467,0.018572135944850743,5,
calibration,stress_n18_l2,cell-b97244e35f5d6029e9361f43807b89673776acc0aa66537d7461c00fd308ca3b,kernel_s,0.114888086,4.9497999999995046e-05,5,
calibration,qrng_n18,cell-fa8b59872070d3d946562d96a6a7c2c1c3c445f2c6bfd30a5d84c6654be6ba0e,prepared_call_s,0.4400524119846523,0.010030378005467355,5,
calibration,qrng_n18,cell-fa8b59872070d3d946562d96a6a7c2c1c3c445f2c6bfd30a5d84c6654be6ba0e,job_to_state_s,0.47663638700032607,0.010081244981847703,5,
calibration,qrng_n18,cell-fa8b59872070d3d946562d96a6a7c2c1c3c445f2c6bfd30a5d84c6654be6ba0e,job_to_state_cached_path_s,0.4766370590077713,0.010081176005769521,5,
calibration,qrng_n18,cell-fa8b59872070d3d946562d96a6a7c2c1c3c445f2c6bfd30a5d84c6654be6ba0e,kernel_s,0.036941791,5.242299999999589e-05,5,
calibration,edc_n17,cell-ae151f7f49c1d4d0622a8f5239c8de5bdd9ab22d78bed9a2371f962fc471781d,prepared_call_s,1.309895073005464,0.014375417958945036,5,
calibration,edc_n17,cell-ae151f7f49c1d4d0622a8f5239c8de5bdd9ab22d78bed9a2371f962fc471781d,job_to_state_s,1.490777490020264,0.019944925035815686,5,
calibration,edc_n17,cell-ae151f7f49c1d4d0622a8f5239c8de5bdd9ab22d78bed9a2371f962fc471781d,job_to_state_cached_path_s,1.4907778360066004,0.019944892032071948,5,
calibration,edc_n17,cell-ae151f7f49c1d4d0622a8f5239c8de5bdd9ab22d78bed9a2371f962fc471781d,kernel_s,0.280670409,0.00017250699999998842,5,
calibration,xor_n18,cell-7fae30c68c086c3ab3bb57a81794559ef57cd561793ff47911df87ac6b7142a6,prepared_call_s,1.3705295859836042,0.008947052992880344,5,
calibration,xor_n18,cell-7fae30c68c086c3ab3bb57a81794559ef57cd561793ff47911df87ac6b7142a6,job_to_state_s,1.5173759759636596,0.010431715054437518,5,
calibration,xor_n18,cell-7fae30c68c086c3ab3bb57a81794559ef57cd561793ff47911df87ac6b7142a6,job_to_state_cached_path_s,1.5173764049541205,0.010431627044454217,5,
calibration,xor_n18,cell-7fae30c68c086c3ab3bb57a81794559ef57cd561793ff47911df87ac6b7142a6,kernel_s,0.07988057500000001,0.0002055090000000065,5,
calibration,stress_n16_l2,cell-b5c3ab3b30958ad195f455fd5224514baced5d03b712475dbc62961e4c7b77df,prepared_call_s,2.614021116984077,0.019127234059851617,5,
calibration,stress_n16_l2,cell-b5c3ab3b30958ad195f455fd5224514baced5d03b712475dbc62961e4c7b77df,job_to_state_s,2.8683765640016645,0.0032205269671976566,5,
calibration,stress_n16_l2,cell-b5c3ab3b30958ad195f455fd5224514baced5d03b712475dbc62961e4c7b77df,job_to_state_cached_path_s,2.868376861035358,0.0032205329625867307,5,
calibration,stress_n16_l2,cell-b5c3ab3b30958ad195f455fd5224514baced5d03b712475dbc62961e4c7b77df,kernel_s,1.153227263,0.0024552979999998836,5,
calibration,hs_n18,cell-c5908a50e8aa47fc49acbc9171c29237236f715c074c649718ae25ff2a4b3bc9,prepared_call_s,1.0340527209918946,0.006593035999685526,5,
calibration,hs_n18,cell-c5908a50e8aa47fc49acbc9171c29237236f715c074c649718ae25ff2a4b3bc9,job_to_state_s,1.43361416796688,0.008062104985583574,5,
calibration,hs_n18,cell-c5908a50e8aa47fc49acbc9171c29237236f715c074c649718ae25ff2a4b3bc9,job_to_state_cached_path_s,1.4336145429988392,0.00806215696502477,5,
calibration,hs_n18,cell-c5908a50e8aa47fc49acbc9171c29237236f715c074c649718ae25ff2a4b3bc9,kernel_s,0.023837397,6.614599999999957e-05,5,
calibration,edc_n17,cell-9b68f46bb151830cda6536d0ff0fa6b17f4b5990a4faa9446419f5fb94a05c73,prepared_call_s,2.6167995069990866,0.007112175051588565,5,
calibration,edc_n17,cell-9b68f46bb151830cda6536d0ff0fa6b17f4b5990a4faa9446419f5fb94a05c73,job_to_state_s,2.797272571013309,0.00407295796321705,5,
calibration,edc_n17,cell-9b68f46bb151830cda6536d0ff0fa6b17f4b5990a4faa9446419f5fb94a05c73,job_to_state_cached_path_s,2.797273064032197,0.004072903946507722,5,
calibration,edc_n17,cell-9b68f46bb151830cda6536d0ff0fa6b17f4b5990a4faa9446419f5fb94a05c73,kernel_s,1.536541592,0.00029662900000015924,5,
calibration,stress_n16_l2,cell-9e3816fa30baae08316b3127025615b0d2b994e53c07521c2d647522b86e0d9f,prepared_call_s,1.2526856850017793,0.0148272939841263,7,
calibration,stress_n16_l2,cell-9e3816fa30baae08316b3127025615b0d2b994e53c07521c2d647522b86e0d9f,job_to_state_s,1.5994601889979094,0.012528382998425514,7,
calibration,stress_n16_l2,cell-9e3816fa30baae08316b3127025615b0d2b994e53c07521c2d647522b86e0d9f,job_to_state_cached_path_s,1.5994610560010187,0.012527910992503166,7,
calibration,stress_n16_l2,cell-9e3816fa30baae08316b3127025615b0d2b994e53c07521c2d647522b86e0d9f,kernel_s,0.37763400699999994,8.394000000011559e-05,7,
calibration,stress_n18_l2,cell-8be19992e3de3fbc0efa67a6f76d98b2954063a7aad6ea9f39188d69701ae95f,prepared_call_s,2.8648993350216188,0.020722708955872804,5,
calibration,stress_n18_l2,cell-8be19992e3de3fbc0efa67a6f76d98b2954063a7aad6ea9f39188d69701ae95f,job_to_state_s,3.3892663319711573,0.028524703986477107,5,
calibration,stress_n18_l2,cell-8be19992e3de3fbc0efa67a6f76d98b2954063a7aad6ea9f39188d69701ae95f,job_to_state_cached_path_s,3.389266829006374,0.02852443401934579,5,
calibration,stress_n18_l2,cell-8be19992e3de3fbc0efa67a6f76d98b2954063a7aad6ea9f39188d69701ae95f,kernel_s,1.466951032,0.0001480300000000767,5,
calibration,ghz_n18,cell-ef1ee85b507c814bdf6abf03e8d955ab435441dcc06043b403391b276c3a5d66,prepared_call_s,1.196550754015334,0.02282987500075251,5,
calibration,ghz_n18,cell-ef1ee85b507c814bdf6abf03e8d955ab435441dcc06043b403391b276c3a5d66,job_to_state_s,1.2803386729792692,0.022909089049790055,5,
calibration,ghz_n18,cell-ef1ee85b507c814bdf6abf03e8d955ab435441dcc06043b403391b276c3a5d66,job_to_state_cached_path_s,1.2803390579647385,0.022909017046913505,5,
calibration,ghz_n18,cell-ef1ee85b507c814bdf6abf03e8d955ab435441dcc06043b403391b276c3a5d66,kernel_s,0.12328229600000001,0.00016776900000001205,5,
calibration,stress_n16_l2,cell-69f15fddff0a0eee653a5c19a6ae14e09b4b921278cf99449f873efd1f4d7373,prepared_call_s,1.0170641060103662,0.009623777004890144,5,
calibration,stress_n16_l2,cell-69f15fddff0a0eee653a5c19a6ae14e09b4b921278cf99449f873efd1f4d7373,job_to_state_s,1.3683313950314187,0.010085314977914095,5,
calibration,stress_n16_l2,cell-69f15fddff0a0eee653a5c19a6ae14e09b4b921278cf99449f873efd1f4d7373,job_to_state_cached_path_s,1.3683317340328358,0.010085379937663674,5,
calibration,stress_n16_l2,cell-69f15fddff0a0eee653a5c19a6ae14e09b4b921278cf99449f873efd1f4d7373,kernel_s,0.013795946,3.9017000000000565e-05,5,
calibration,bv_n18,cell-9f63a776690668364561605a31d19ffe43a2d4b1ae97e4d6dbc10f19102b9cb4,prepared_call_s,2.012297635024879,0.007082930998876691,5,
calibration,bv_n18,cell-9f63a776690668364561605a31d19ffe43a2d4b1ae97e4d6dbc10f19102b9cb4,job_to_state_s,2.088945932977367,0.0022816630080342293,5,
calibration,bv_n18,cell-9f63a776690668364561605a31d19ffe43a2d4b1ae97e4d6dbc10f19102b9cb4,job_to_state_cached_path_s,2.0889467239612713,0.0022820319863967597,5,
calibration,bv_n18,cell-9f63a776690668364561605a31d19ffe43a2d4b1ae97e4d6dbc10f19102b9cb4,kernel_s,1.2214020790000002,0.0006031549999998553,5,
calibration,bb84_n18,cell-80f18c66ae54e5b98dd1439d7aae6d5f0b65b9100f911f69d318749253855069,prepared_call_s,1.3175024850061163,0.018284073972608894,5,
calibration,bb84_n18,cell-80f18c66ae54e5b98dd1439d7aae6d5f0b65b9100f911f69d318749253855069,job_to_state_s,1.3421851110178977,0.018056048022117466,5,
calibration,bb84_n18,cell-80f18c66ae54e5b98dd1439d7aae6d5f0b65b9100f911f69d318749253855069,job_to_state_cached_path_s,1.3421856010099873,0.018056092027109116,5,
calibration,bb84_n18,cell-80f18c66ae54e5b98dd1439d7aae6d5f0b65b9100f911f69d318749253855069,kernel_s,0.806649487,0.0019426470000000196,5,
calibration,xor_n18,cell-34284688b80c47b55062fa1942dd12f58487e4ef12a9db56c89dffa2ecc6ac32,prepared_call_s,4.672113791981246,0.17113188200164586,5,
calibration,xor_n18,cell-34284688b80c47b55062fa1942dd12f58487e4ef12a9db56c89dffa2ecc6ac32,job_to_state_s,4.771905228961259,0.16781427594833076,5,
calibration,xor_n18,cell-34284688b80c47b55062fa1942dd12f58487e4ef12a9db56c89dffa2ecc6ac32,job_to_state_cached_path_s,4.771905793983024,0.16781439899932593,5,
calibration,xor_n18,cell-34284688b80c47b55062fa1942dd12f58487e4ef12a9db56c89dffa2ecc6ac32,kernel_s,2.46910221,0.040118257000000046,5,
calibration,qrng_n18,cell-8aa0a20a60faf0e26aa98d4c05c3381313d90255316f15ef0205ef33d21d9742,prepared_call_s,0.9272894549649209,0.0034396399278193712,5,
calibration,qrng_n18,cell-8aa0a20a60faf0e26aa98d4c05c3381313d90255316f15ef0205ef33d21d9742,job_to_state_s,0.9525366330053657,0.0034375370014458895,5,
calibration,qrng_n18,cell-8aa0a20a60faf0e26aa98d4c05c3381313d90255316f15ef0205ef33d21d9742,job_to_state_cached_path_s,0.9525369890034199,0.003437513019889593,5,
calibration,qrng_n18,cell-8aa0a20a60faf0e26aa98d4c05c3381313d90255316f15ef0205ef33d21d9742,kernel_s,0.380606124,0.00027721699999999627,5,
calibration,bv_n18,cell-612780dbe66573e44b023844c3c4d81faf85f5a53cbc5b9869ff63fec98d88ee,prepared_call_s,0.8694735610042699,0.004705857019871473,5,
calibration,bv_n18,cell-612780dbe66573e44b023844c3c4d81faf85f5a53cbc5b9869ff63fec98d88ee,job_to_state_s,0.9796783939818852,0.0055193459847941995,5,
calibration,bv_n18,cell-612780dbe66573e44b023844c3c4d81faf85f5a53cbc5b9869ff63fec98d88ee,job_to_state_cached_path_s,0.9796787899686024,0.00551933899987489,5,
calibration,bv_n18,cell-612780dbe66573e44b023844c3c4d81faf85f5a53cbc5b9869ff63fec98d88ee,kernel_s,0.3162354,0.0002697649999999774,5,
calibration,bv_n18,cell-246adeb90cc7ce87c09f36c5a8a75744f5bc9f1887bc44f24b60ebfb2077774b,prepared_call_s,1.0752056820201688,0.009856969001702964,5,
calibration,bv_n18,cell-246adeb90cc7ce87c09f36c5a8a75744f5bc9f1887bc44f24b60ebfb2077774b,job_to_state_s,1.154503197001759,0.015119820018298924,5,
calibration,bv_n18,cell-246adeb90cc7ce87c09f36c5a8a75744f5bc9f1887bc44f24b60ebfb2077774b,job_to_state_cached_path_s,1.154503702011425,0.015119810996111482,5,
calibration,bv_n18,cell-246adeb90cc7ce87c09f36c5a8a75744f5bc9f1887bc44f24b60ebfb2077774b,kernel_s,0.306766519,0.0007923209999999847,5,
calibration,qrng_n18,cell-45486ca01ba926c3df62b8165dc7bbd6e5298580d3f710b9f675f989b4ba4ee0,prepared_call_s,0.40310948103433475,0.02057982998667285,5,
calibration,qrng_n18,cell-45486ca01ba926c3df62b8165dc7bbd6e5298580d3f710b9f675f989b4ba4ee0,job_to_state_s,0.43948137998813763,0.020954866020474583,5,
calibration,qrng_n18,cell-45486ca01ba926c3df62b8165dc7bbd6e5298580d3f710b9f675f989b4ba4ee0,job_to_state_cached_path_s,0.439481770968996,0.020954889012500644,5,
calibration,qrng_n18,cell-45486ca01ba926c3df62b8165dc7bbd6e5298580d3f710b9f675f989b4ba4ee0,kernel_s,0.022853691000000002,1.1081999999999065e-05,5,
calibration,ghz_n18,cell-51adb34cdf080621c8a77eece8bf9b6e5c5acaec86c1864576d0eb674057e82f,prepared_call_s,1.173120915016625,0.014889273035805672,5,
calibration,ghz_n18,cell-51adb34cdf080621c8a77eece8bf9b6e5c5acaec86c1864576d0eb674057e82f,job_to_state_s,1.2569540299591608,0.014656085055321455,5,
calibration,ghz_n18,cell-51adb34cdf080621c8a77eece8bf9b6e5c5acaec86c1864576d0eb674057e82f,job_to_state_cached_path_s,1.256954362965189,0.014656287035904825,5,
calibration,ghz_n18,cell-51adb34cdf080621c8a77eece8bf9b6e5c5acaec86c1864576d0eb674057e82f,kernel_s,0.109862613,0.000146446999999994,5,
calibration,hs_n18,cell-62a9c7655ee325085d2d1e02a9b20a8693553526b571c7247fa97af5c2c2690a,prepared_call_s,2.15766186703695,0.021573565958533436,5,
calibration,hs_n18,cell-62a9c7655ee325085d2d1e02a9b20a8693553526b571c7247fa97af5c2c2690a,job_to_state_s,2.4307987630018033,0.015755482017993927,5,
calibration,hs_n18,cell-62a9c7655ee325085d2d1e02a9b20a8693553526b571c7247fa97af5c2c2690a,job_to_state_cached_path_s,2.4307994740083814,0.015755325031932443,5,
calibration,hs_n18,cell-62a9c7655ee325085d2d1e02a9b20a8693553526b571c7247fa97af5c2c2690a,kernel_s,0.46275707699999996,0.00036463500000000204,5,
calibration,xor_n18,cell-4a740177b0fb0309abecf9c9df81ab3e311fb73ea6359b413b9b1804a648a451,prepared_call_s,6.812812752032187,0.02880568994442001,5,
calibration,xor_n18,cell-4a740177b0fb0309abecf9c9df81ab3e311fb73ea6359b413b9b1804a648a451,job_to_state_s,6.912258210009895,0.028618287993595004,5,
calibration,xor_n18,cell-4a740177b0fb0309abecf9c9df81ab3e311fb73ea6359b413b9b1804a648a451,job_to_state_cached_path_s,6.9122588749742135,0.02861811500042677,5,
calibration,xor_n18,cell-4a740177b0fb0309abecf9c9df81ab3e311fb73ea6359b413b9b1804a648a451,kernel_s,4.621214403,0.008704525999999824,5,
calibration,xor_n18,cell-9f320a3355065687ae706ce443039b3f36c583df09f3e2d612e0466e132ba351,prepared_call_s,1.6670438149594702,0.01237600005697459,7,
calibration,xor_n18,cell-9f320a3355065687ae706ce443039b3f36c583df09f3e2d612e0466e132ba351,job_to_state_s,1.7665000699926168,0.0127750409883447,7,
calibration,xor_n18,cell-9f320a3355065687ae706ce443039b3f36c583df09f3e2d612e0466e132ba351,job_to_state_cached_path_s,1.7665004309965298,0.012775012000929564,7,
calibration,xor_n18,cell-9f320a3355065687ae706ce443039b3f36c583df09f3e2d612e0466e132ba351,kernel_s,0.46089487900000004,0.0007327099999999698,7,
calibration,bv_n18,cell-fb76a5b4b69f1de9eba08f4c3797392480fc94ad5146ddb88fce67c60b09faf0,prepared_call_s,0.7140787590178661,0.0034323810250498354,5,
calibration,bv_n18,cell-fb76a5b4b69f1de9eba08f4c3797392480fc94ad5146ddb88fce67c60b09faf0,job_to_state_s,0.8226989239919931,0.003919612965546548,5,
calibration,bv_n18,cell-fb76a5b4b69f1de9eba08f4c3797392480fc94ad5146ddb88fce67c60b09faf0,job_to_state_cached_path_s,0.8226994120050222,0.00391951494384557,5,
calibration,bv_n18,cell-fb76a5b4b69f1de9eba08f4c3797392480fc94ad5146ddb88fce67c60b09faf0,kernel_s,0.023579384000000002,8.503999999995987e-06,5,
calibration,bv_n18,cell-9d5681dfa3a394178d79792df4f946d54e52f60ba1ef3834f35941b0047fe06a,prepared_call_s,1.1087210240075365,0.023294248967431486,5,
calibration,bv_n18,cell-9d5681dfa3a394178d79792df4f946d54e52f60ba1ef3834f35941b0047fe06a,job_to_state_s,1.1834896189975552,0.023490592953749,5,
calibration,bv_n18,cell-9d5681dfa3a394178d79792df4f946d54e52f60ba1ef3834f35941b0047fe06a,job_to_state_cached_path_s,1.1834901059628464,0.023490600928198546,5,
calibration,bv_n18,cell-9d5681dfa3a394178d79792df4f946d54e52f60ba1ef3834f35941b0047fe06a,kernel_s,0.307778298,0.0004414600000000046,5,
calibration,edc_n17,cell-991290869be17d9b805a850eeb61a3cac3f081678b078b843f8e5dfcd5eef8f9,prepared_call_s,1.4457370149903,0.013667154998984188,5,
calibration,edc_n17,cell-991290869be17d9b805a850eeb61a3cac3f081678b078b843f8e5dfcd5eef8f9,job_to_state_s,1.6303121540113352,0.01453253603540361,5,
calibration,edc_n17,cell-991290869be17d9b805a850eeb61a3cac3f081678b078b843f8e5dfcd5eef8f9,job_to_state_cached_path_s,1.6303125509875827,0.014532508968841285,5,
calibration,edc_n17,cell-991290869be17d9b805a850eeb61a3cac3f081678b078b843f8e5dfcd5eef8f9,kernel_s,0.496632113,0.000597303000000049,5,
calibration,hs_n18,cell-d6f1c14d9bd3d51155fd6793a2656263657ce7de57d4b80d83920eaa890c49bb,prepared_call_s,1.2698139639687724,0.004490156949032098,5,
calibration,hs_n18,cell-d6f1c14d9bd3d51155fd6793a2656263657ce7de57d4b80d83920eaa890c49bb,job_to_state_s,1.660089646000415,0.005689338024239987,5,
calibration,hs_n18,cell-d6f1c14d9bd3d51155fd6793a2656263657ce7de57d4b80d83920eaa890c49bb,job_to_state_cached_path_s,1.660089967015665,0.005689012003131211,5,
calibration,hs_n18,cell-d6f1c14d9bd3d51155fd6793a2656263657ce7de57d4b80d83920eaa890c49bb,kernel_s,0.023285961,8.251000000000092e-05,5,
calibration,xor_n18,cell-48da389e9173532c2076b1f2046130fc25bdcd714c4b3cf0def21c705549a84e,prepared_call_s,4.618352425983176,0.0735751959728077,5,
calibration,xor_n18,cell-48da389e9173532c2076b1f2046130fc25bdcd714c4b3cf0def21c705549a84e,job_to_state_s,4.71766932803439,0.07371943100588396,5,
calibration,xor_n18,cell-48da389e9173532c2076b1f2046130fc25bdcd714c4b3cf0def21c705549a84e,job_to_state_cached_path_s,4.7176697450340725,0.07371936703566462,5,
calibration,xor_n18,cell-48da389e9173532c2076b1f2046130fc25bdcd714c4b3cf0def21c705549a84e,kernel_s,2.354725532,0.02745116999999997,5,
calibration,xor_n18,cell-f302781fdf4571abec6df36bfb82f589b4a03b8e1c4ad258fb62edab35058a5b,prepared_call_s,4.6303330779774114,0.08435412897961214,5,
calibration,xor_n18,cell-f302781fdf4571abec6df36bfb82f589b4a03b8e1c4ad258fb62edab35058a5b,job_to_state_s,4.729891017021146,0.08506655902601779,5,
calibration,xor_n18,cell-f302781fdf4571abec6df36bfb82f589b4a03b8e1c4ad258fb62edab35058a5b,job_to_state_cached_path_s,4.729891370050609,0.08506653807125986,5,
calibration,xor_n18,cell-f302781fdf4571abec6df36bfb82f589b4a03b8e1c4ad258fb62edab35058a5b,kernel_s,2.354012679,0.022620452999999596,5,
calibration,stress_n18_l2,cell-263050a833e74dd792b57c0a1fe80f9477ffc0e3e0cae9a04b01a62a30f4bfa5,prepared_call_s,1.559166354010813,0.0035914300242438912,5,
calibration,stress_n18_l2,cell-263050a833e74dd792b57c0a1fe80f9477ffc0e3e0cae9a04b01a62a30f4bfa5,job_to_state_s,2.0706293859984726,0.0034761499846354127,5,
calibration,stress_n18_l2,cell-263050a833e74dd792b57c0a1fe80f9477ffc0e3e0cae9a04b01a62a30f4bfa5,job_to_state_cached_path_s,2.0706298170262016,0.0034760819980874658,5,
calibration,stress_n18_l2,cell-263050a833e74dd792b57c0a1fe80f9477ffc0e3e0cae9a04b01a62a30f4bfa5,kernel_s,0.22592444,3.930200000001882e-05,5,
calibration,xor_n18,cell-cc1759162946af61d02263c2a43766259a53ebd02436113016075629600ed324,prepared_call_s,1.9308300589909777,0.015555332996882498,5,
calibration,xor_n18,cell-cc1759162946af61d02263c2a43766259a53ebd02436113016075629600ed324,job_to_state_s,2.0792439240030944,0.016301756957545877,5,
calibration,xor_n18,cell-cc1759162946af61d02263c2a43766259a53ebd02436113016075629600ed324,job_to_state_cached_path_s,2.079244394961279,0.016301529947668314,5,
calibration,xor_n18,cell-cc1759162946af61d02263c2a43766259a53ebd02436113016075629600ed324,kernel_s,0.741245771,0.00247826200000012,5,
calibration,ghz_n18,cell-bfcc10596c6aac899b930f1c42e2b9003aaa9e98d14f94fd366d4d197f9c2c4a,prepared_call_s,2.696800156030804,0.01009961502859369,5,
calibration,ghz_n18,cell-bfcc10596c6aac899b930f1c42e2b9003aaa9e98d14f94fd366d4d197f9c2c4a,job_to_state_s,2.7811003999668173,0.010403398948255926,5,
calibration,ghz_n18,cell-bfcc10596c6aac899b930f1c42e2b9003aaa9e98d14f94fd366d4d197f9c2c4a,job_to_state_cached_path_s,2.7811008949647658,0.010403359949123114,5,
calibration,ghz_n18,cell-bfcc10596c6aac899b930f1c42e2b9003aaa9e98d14f94fd366d4d197f9c2c4a,kernel_s,1.629861918,0.0029108129999999566,5,
calibration,edc_n17,cell-1dde1e724a2bdd2230f2f15ed21fefa8533c7ef7e4d450414f95801065033f3c,prepared_call_s,2.36802092398284,0.017254960956051946,7,
calibration,edc_n17,cell-1dde1e724a2bdd2230f2f15ed21fefa8533c7ef7e4d450414f95801065033f3c,job_to_state_s,2.492713081999682,0.018164140987209976,7,
calibration,edc_n17,cell-1dde1e724a2bdd2230f2f15ed21fefa8533c7ef7e4d450414f95801065033f3c,job_to_state_cached_path_s,2.4927133239689283,0.018163840984925628,7,
calibration,edc_n17,cell-1dde1e724a2bdd2230f2f15ed21fefa8533c7ef7e4d450414f95801065033f3c,kernel_s,0.579898795,0.0014143940000000965,7,
calibration,bb84_n18,cell-4d763bd3c222c55a34c4860bbe956a1dfe229c38fa4ba2afbca8a5136abd7d30,prepared_call_s,0.8011982070165686,0.00849547900725156,5,
calibration,bb84_n18,cell-4d763bd3c222c55a34c4860bbe956a1dfe229c38fa4ba2afbca8a5136abd7d30,job_to_state_s,0.8258827890385874,0.008477617986500263,5,
calibration,bb84_n18,cell-4d763bd3c222c55a34c4860bbe956a1dfe229c38fa4ba2afbca8a5136abd7d30,job_to_state_cached_path_s,0.825883153011091,0.0084777069860138,5,
calibration,bb84_n18,cell-4d763bd3c222c55a34c4860bbe956a1dfe229c38fa4ba2afbca8a5136abd7d30,kernel_s,0.265435294,0.00013734700000000988,5,
calibration,bv_n18,cell-67bc542f4af1bf62bbb366a159bc7adea10f351cb3daa85ed326e560d9d6cd6a,prepared_call_s,1.1213697689818218,0.00678591598989442,5,
calibration,bv_n18,cell-67bc542f4af1bf62bbb366a159bc7adea10f351cb3daa85ed326e560d9d6cd6a,job_to_state_s,1.1976612930302508,0.009070639032870531,5,
calibration,bv_n18,cell-67bc542f4af1bf62bbb366a159bc7adea10f351cb3daa85ed326e560d9d6cd6a,job_to_state_cached_path_s,1.1976616100291722,0.00907050899695605,5,
calibration,bv_n18,cell-67bc542f4af1bf62bbb366a159bc7adea10f351cb3daa85ed326e560d9d6cd6a,kernel_s,0.31816181600000004,0.0002699629999999287,5,
calibration,qrng_n18,cell-2fb630bbbd221e20ac93712a0f55442cc3e0c9c8df609c2ccc7813743b4816e2,prepared_call_s,0.42353987001115456,0.01643204700667411,5,
calibration,qrng_n18,cell-2fb630bbbd221e20ac93712a0f55442cc3e0c9c8df609c2ccc7813743b4816e2,job_to_state_s,0.4599562450312078,0.01689449296100065,5,
calibration,qrng_n18,cell-2fb630bbbd221e20ac93712a0f55442cc3e0c9c8df609c2ccc7813743b4816e2,job_to_state_cached_path_s,0.4599565720418468,0.016894524917006493,5,
calibration,qrng_n18,cell-2fb630bbbd221e20ac93712a0f55442cc3e0c9c8df609c2ccc7813743b4816e2,kernel_s,0.017413339,1.3784999999998798e-05,5,
calibration,stress_n18_l2,cell-19daf5042203b27f314452e5fc20225b0d2b36f132ca7e1e136c567ea37a7f6a,prepared_call_s,1.6439720330527052,0.009430543053895235,5,
calibration,stress_n18_l2,cell-19daf5042203b27f314452e5fc20225b0d2b36f132ca7e1e136c567ea37a7f6a,job_to_state_s,2.139056927000638,0.020051613042596728,5,
calibration,stress_n18_l2,cell-19daf5042203b27f314452e5fc20225b0d2b36f132ca7e1e136c567ea37a7f6a,job_to_state_cached_path_s,2.1390573640237562,0.02005158003885299,5,
calibration,stress_n18_l2,cell-19daf5042203b27f314452e5fc20225b0d2b36f132ca7e1e136c567ea37a7f6a,kernel_s,0.171319471,4.30739999999763e-05,5,
calibration,edc_n17,cell-8b0bf0df67ee9209e3fbbe069fce7ca2c00aa2f8f44a0e1ead1cc4b73d48173f,prepared_call_s,3.0895223800325766,0.004320975975133479,5,
calibration,edc_n17,cell-8b0bf0df67ee9209e3fbbe069fce7ca2c00aa2f8f44a0e1ead1cc4b73d48173f,job_to_state_s,3.278152024024166,0.00504244799958542,5,
calibration,edc_n17,cell-8b0bf0df67ee9209e3fbbe069fce7ca2c00aa2f8f44a0e1ead1cc4b73d48173f,job_to_state_cached_path_s,3.278152489976492,0.005042258941102773,5,
calibration,edc_n17,cell-8b0bf0df67ee9209e3fbbe069fce7ca2c00aa2f8f44a0e1ead1cc4b73d48173f,kernel_s,2.024383949,0.004330758000000046,5,
calibration,qrng_n18,cell-bb0ac96c905cee1ceeb423e63ee7a56014368a25ad0c94a00db17680b67954d4,prepared_call_s,0.6093556960113347,0.01320389099419117,5,
calibration,qrng_n18,cell-bb0ac96c905cee1ceeb423e63ee7a56014368a25ad0c94a00db17680b67954d4,job_to_state_s,0.6455100830062293,0.013865415996406227,5,
calibration,qrng_n18,cell-bb0ac96c905cee1ceeb423e63ee7a56014368a25ad0c94a00db17680b67954d4,job_to_state_cached_path_s,0.6455105200293474,0.013865473971236497,5,
calibration,qrng_n18,cell-bb0ac96c905cee1ceeb423e63ee7a56014368a25ad0c94a00db17680b67954d4,kernel_s,0.017447413,1.261700000000296e-05,5,
calibration,bb84_n18,cell-afaa87f8ccc6c7bc02bfee0c8969931ce5f4221366d4a8c65de49d00bc871084,prepared_call_s,0.7963691609911621,0.005272636015433818,5,
calibration,bb84_n18,cell-afaa87f8ccc6c7bc02bfee0c8969931ce5f4221366d4a8c65de49d00bc871084,job_to_state_s,0.8211302089621313,0.012286102981306612,5,
calibration,bb84_n18,cell-afaa87f8ccc6c7bc02bfee0c8969931ce5f4221366d4a8c65de49d00bc871084,job_to_state_cached_path_s,0.8211305949953385,0.012286095006857067,5,
calibration,bb84_n18,cell-afaa87f8ccc6c7bc02bfee0c8969931ce5f4221366d4a8c65de49d00bc871084,kernel_s,0.265729607,9.003700000004278e-05,5,
calibration,hs_n18,cell-f40d42fa83cb4d8b12b5893066b318ca3314fff1106a6dd3c014a249ad9a1b09,prepared_call_s,2.26305385195883,0.00757293397327885,5,
calibration,hs_n18,cell-f40d42fa83cb4d8b12b5893066b318ca3314fff1106a6dd3c014a249ad9a1b09,job_to_state_s,2.530435219989158,0.0038677959819324315,5,
calibration,hs_n18,cell-f40d42fa83cb4d8b12b5893066b318ca3314fff1106a6dd3c014a249ad9a1b09,job_to_state_cached_path_s,2.530435670982115,0.0038678119890391827,5,
calibration,hs_n18,cell-f40d42fa83cb4d8b12b5893066b318ca3314fff1106a6dd3c014a249ad9a1b09,kernel_s,0.6778622290000001,0.0007187599999999295,5,
calibration,stress_n16_l2,cell-e0e34728a6df02d7651cdc241cbc2b597a96dfff0bb74182a24d1ca9b0c5466d,prepared_call_s,1.0660436830366962,0.0021996619761921465,5,
calibration,stress_n16_l2,cell-e0e34728a6df02d7651cdc241cbc2b597a96dfff0bb74182a24d1ca9b0c5466d,job_to_state_s,1.4168624600279145,0.0013616150245070457,5,
calibration,stress_n16_l2,cell-e0e34728a6df02d7651cdc241cbc2b597a96dfff0bb74182a24d1ca9b0c5466d,job_to_state_cached_path_s,1.4168628450133838,0.0013615490170195699,5,
calibration,stress_n16_l2,cell-e0e34728a6df02d7651cdc241cbc2b597a96dfff0bb74182a24d1ca9b0c5466d,kernel_s,0.19620043899999995,0.00012691799999997588,5,
calibration,xor_n18,cell-2d6bc5bff719149330254b0203d97cd038a083f171eca87cb0ed8bb9e7340594,prepared_call_s,4.465910256956704,0.14507790404604748,5,
calibration,xor_n18,cell-2d6bc5bff719149330254b0203d97cd038a083f171eca87cb0ed8bb9e7340594,job_to_state_s,4.565439488971606,0.1446541940094903,5,
calibration,xor_n18,cell-2d6bc5bff719149330254b0203d97cd038a083f171eca87cb0ed8bb9e7340594,job_to_state_cached_path_s,4.565439936006442,0.1446542069897987,5,
calibration,xor_n18,cell-2d6bc5bff719149330254b0203d97cd038a083f171eca87cb0ed8bb9e7340594,kernel_s,2.295935209,0.014310258999999714,5,
calibration,qrng_n18,cell-d446a4982d3e75fdfd6d50464a025c10a97c889ccf8d395d343c589f51efaf65,prepared_call_s,0.5962806009920314,0.004017914994619787,5,
calibration,qrng_n18,cell-d446a4982d3e75fdfd6d50464a025c10a97c889ccf8d395d343c589f51efaf65,job_to_state_s,0.633504752011504,0.004552302067168057,5,
calibration,qrng_n18,cell-d446a4982d3e75fdfd6d50464a025c10a97c889ccf8d395d343c589f51efaf65,job_to_state_cached_path_s,0.6335052030044608,0.004552203055936843,5,
calibration,qrng_n18,cell-d446a4982d3e75fdfd6d50464a025c10a97c889ccf8d395d343c589f51efaf65,kernel_s,0.224587304,1.5252999999992856e-05,5,
calibration,stress_n16_l2,cell-bea10c267e9ebdc28400f166cf41eb84ddb5d828fac0f708ac9b5a67e4aa0ba2,prepared_call_s,1.0168419179972261,0.011986441968474537,5,
calibration,stress_n16_l2,cell-bea10c267e9ebdc28400f166cf41eb84ddb5d828fac0f708ac9b5a67e4aa0ba2,job_to_state_s,1.3629573549842462,0.011507301009260118,5,
calibration,stress_n16_l2,cell-bea10c267e9ebdc28400f166cf41eb84ddb5d828fac0f708ac9b5a67e4aa0ba2,job_to_state_cached_path_s,1.3629577169776894,0.011507270974107087,5,
calibration,stress_n16_l2,cell-bea10c267e9ebdc28400f166cf41eb84ddb5d828fac0f708ac9b5a67e4aa0ba2,kernel_s,0.014327313000000001,5.635900000000235e-05,5,
calibration,xor_n18,cell-31c9e561ae136a0d87bd98b5da345cd228dafdb78be08c6d607912636ac47fc9,prepared_call_s,2.901261291000992,0.02082738804165274,7,
calibration,xor_n18,cell-31c9e561ae136a0d87bd98b5da345cd228dafdb78be08c6d607912636ac47fc9,job_to_state_s,3.000725195975974,0.02009165904019028,7,
calibration,xor_n18,cell-31c9e561ae136a0d87bd98b5da345cd228dafdb78be08c6d607912636ac47fc9,job_to_state_cached_path_s,3.000725598016288,0.020092057005967945,7,
calibration,xor_n18,cell-31c9e561ae136a0d87bd98b5da345cd228dafdb78be08c6d607912636ac47fc9,kernel_s,0.533847929,0.002508766000000051,7,
calibration,bb84_n18,cell-9352091e95134448ae9c45f33b248cfbb5d12770dcad6516847a68e419c5aa57,prepared_call_s,0.6188422770355828,0.008631297969259322,5,
calibration,bb84_n18,cell-9352091e95134448ae9c45f33b248cfbb5d12770dcad6516847a68e419c5aa57,job_to_state_s,0.655039687990211,0.008285781019367278,5,
calibration,bb84_n18,cell-9352091e95134448ae9c45f33b248cfbb5d12770dcad6516847a68e419c5aa57,job_to_state_cached_path_s,0.6550400619744323,0.008285848016384989,5,
calibration,bb84_n18,cell-9352091e95134448ae9c45f33b248cfbb5d12770dcad6516847a68e419c5aa57,kernel_s,0.229674049,0.0002843969999999918,5,
calibration,qrng_n18,cell-36c8fd4afc7e4fcdcdf08895b63bbfd236e87b16ed5ae8d65d80bba739eb4356,prepared_call_s,1.1826143710059114,0.001951409038156271,5,
calibration,qrng_n18,cell-36c8fd4afc7e4fcdcdf08895b63bbfd236e87b16ed5ae8d65d80bba739eb4356,job_to_state_s,1.2078423959901556,0.0023574529914185405,5,
calibration,qrng_n18,cell-36c8fd4afc7e4fcdcdf08895b63bbfd236e87b16ed5ae8d65d80bba739eb4356,job_to_state_cached_path_s,1.2078428919776343,0.0023572820355184376,5,
calibration,qrng_n18,cell-36c8fd4afc7e4fcdcdf08895b63bbfd236e87b16ed5ae8d65d80bba739eb4356,kernel_s,0.6378284780000001,0.0006641279999999306,5,
calibration,hs_n18,cell-ce5d55b151031bcfa6652473f5829218de904c243dce3c6096229d39e6855fd2,prepared_call_s,2.069946206989698,0.0023393910378217697,5,
calibration,hs_n18,cell-ce5d55b151031bcfa6652473f5829218de904c243dce3c6096229d39e6855fd2,job_to_state_s,2.3386843490297906,0.0038418000331148505,5,
calibration,hs_n18,cell-ce5d55b151031bcfa6652473f5829218de904c243dce3c6096229d39e6855fd2,job_to_state_cached_path_s,2.3386847730143927,0.0038416319875977933,5,
calibration,hs_n18,cell-ce5d55b151031bcfa6652473f5829218de904c243dce3c6096229d39e6855fd2,kernel_s,0.454253543,0.001694828000000148,5,
calibration,xor_n18,cell-77a815727ddfb257582e794a5683f8e454452515337352271e05799f45bb0cdc,prepared_call_s,1.3479092569905333,0.005267095053568482,5,
calibration,xor_n18,cell-77a815727ddfb257582e794a5683f8e454452515337352271e05799f45bb0cdc,job_to_state_s,1.4944184549967758,0.0037953350110910833,5,
calibration,xor_n18,cell-77a815727ddfb257582e794a5683f8e454452515337352271e05799f45bb0cdc,job_to_state_cached_path_s,1.4944188719964586,0.003795314987655729,5,
calibration,xor_n18,cell-77a815727ddfb257582e794a5683f8e454452515337352271e05799f45bb0cdc,kernel_s,0.072006293,0.00011621400000000337,5,
calibration,stress_n16_l2,cell-1f71fc05f932f918f41d050686193138d3a155c428ac1aada388f506b5f28647,prepared_call_s,0.9967705850140192,0.008845144999213517,5,
calibration,stress_n16_l2,cell-1f71fc05f932f918f41d050686193138d3a155c428ac1aada388f506b5f28647,job_to_state_s,1.3444189320434816,0.009265892091207206,5,
calibration,stress_n16_l2,cell-1f71fc05f932f918f41d050686193138d3a155c428ac1aada388f506b5f28647,job_to_state_cached_path_s,1.3444193479954265,0.009265816013794392,5,
calibration,stress_n16_l2,cell-1f71fc05f932f918f41d050686193138d3a155c428ac1aada388f506b5f28647,kernel_s,0.135877258,2.0706000000009217e-05,5,
calibration,bb84_n18,cell-b837a3d7b276a4c1c0dfebec8acfb2ac2822214660406232db44199d44f4d260,prepared_call_s,0.7994907079846598,0.0028372639790177345,5,
calibration,bb84_n18,cell-b837a3d7b276a4c1c0dfebec8acfb2ac2822214660406232db44199d44f4d260,job_to_state_s,0.8259122179588303,0.0011038140510208905,5,
calibration,bb84_n18,cell-b837a3d7b276a4c1c0dfebec8acfb2ac2822214660406232db44199d44f4d260,job_to_state_cached_path_s,0.8259125609765761,0.00110437604598701,5,
calibration,bb84_n18,cell-b837a3d7b276a4c1c0dfebec8acfb2ac2822214660406232db44199d44f4d260,kernel_s,0.262025255,0.0002723960000000081,5,
calibration,qrng_n18,cell-97b43b3b9ec9668947567a030005b73fdd877d3fc958f08bd326f77a7d2e252d,prepared_call_s,0.4240001550060697,0.003961889015045017,5,
calibration,qrng_n18,cell-97b43b3b9ec9668947567a030005b73fdd877d3fc958f08bd326f77a7d2e252d,job_to_state_s,0.461033005034551,0.003200444974936545,5,
calibration,qrng_n18,cell-97b43b3b9ec9668947567a030005b73fdd877d3fc958f08bd326f77a7d2e252d,job_to_state_cached_path_s,0.4610333410091698,0.0032005939865484834,5,
calibration,qrng_n18,cell-97b43b3b9ec9668947567a030005b73fdd877d3fc958f08bd326f77a7d2e252d,kernel_s,0.021899003,1.4727999999998576e-05,5,
calibration,hs_n18,cell-5c3f99915a64b08a48f7b8439fb774119def11ff1daed501bacac26bd8462280,prepared_call_s,2.384596918011084,0.01641150302020833,5,
calibration,hs_n18,cell-5c3f99915a64b08a48f7b8439fb774119def11ff1daed501bacac26bd8462280,job_to_state_s,2.6484286949853413,0.022584137972444296,5,
calibration,hs_n18,cell-5c3f99915a64b08a48f7b8439fb774119def11ff1daed501bacac26bd8462280,job_to_state_cached_path_s,2.64842906803824,0.022584281919989735,5,
calibration,hs_n18,cell-5c3f99915a64b08a48f7b8439fb774119def11ff1daed501bacac26bd8462280,kernel_s,0.78463864,0.0018457970000000934,5,
calibration,bv_n18,cell-8319ff84a715b539a4b6080d00139da4330df8e26aae09514f3537559584eac8,prepared_call_s,0.583424225973431,0.002528411045204848,5,
calibration,bv_n18,cell-8319ff84a715b539a4b6080d00139da4330df8e26aae09514f3537559584eac8,job_to_state_s,0.6922613499918953,0.0015717329806648195,5,
calibration,bv_n18,cell-8319ff84a715b539a4b6080d00139da4330df8e26aae09514f3537559584eac8,job_to_state_cached_path_s,0.6922617370146327,0.0015716740163043141,5,
calibration,bv_n18,cell-8319ff84a715b539a4b6080d00139da4330df8e26aae09514f3537559584eac8,kernel_s,0.07698823399999999,3.3492999999981676e-05,5,
calibration,stress_n18_l2,cell-603b3c1aaeb264daad24ed742fa23780899f11097bf5bc1f2cadcb6f8d485419,prepared_call_s,1.7868618299835362,0.02228948601987213,5,
calibration,stress_n18_l2,cell-603b3c1aaeb264daad24ed742fa23780899f11097bf5bc1f2cadcb6f8d485419,job_to_state_s,2.2863620389834978,0.022912269982043654,5,
calibration,stress_n18_l2,cell-603b3c1aaeb264daad24ed742fa23780899f11097bf5bc1f2cadcb6f8d485419,job_to_state_cached_path_s,2.2863623169832863,0.022912137967068702,5,
calibration,stress_n18_l2,cell-603b3c1aaeb264daad24ed742fa23780899f11097bf5bc1f2cadcb6f8d485419,kernel_s,0.36985748799999996,0.0017328770000000215,5,
calibration,hs_n18,cell-b769d86a4617218ab819caacbb604a8ad35ea0debba72f546b845fe845f7416a,prepared_call_s,1.2674316620104946,0.008997476019430906,5,
calibration,hs_n18,cell-b769d86a4617218ab819caacbb604a8ad35ea0debba72f546b845fe845f7416a,job_to_state_s,1.659602417028509,0.00718482700176537,5,
calibration,hs_n18,cell-b769d86a4617218ab819caacbb604a8ad35ea0debba72f546b845fe845f7416a,job_to_state_cached_path_s,1.659602840023581,0.007184754009358585,5,
calibration,hs_n18,cell-b769d86a4617218ab819caacbb604a8ad35ea0debba72f546b845fe845f7416a,kernel_s,0.057289979,6.012999999999158e-06,5,
calibration,qrng_n18,cell-e0261505f60810f8ab0dc848ebedfedf5f509d00b72fd56aa5171f395e59876c,prepared_call_s,0.9176903550396673,0.0031472829286940396,5,
calibration,qrng_n18,cell-e0261505f60810f8ab0dc848ebedfedf5f509d00b72fd56aa5171f395e59876c,job_to_state_s,0.9430421150173061,0.003180771949701011,5,
calibration,qrng_n18,cell-e0261505f60810f8ab0dc848ebedfedf5f509d00b72fd56aa5171f395e59876c,job_to_state_cached_path_s,0.9430424959864467,0.0031808309722691774,5,
calibration,qrng_n18,cell-e0261505f60810f8ab0dc848ebedfedf5f509d00b72fd56aa5171f395e59876c,kernel_s,0.372408309,0.0010519989999999702,5,
calibration,stress_n18_l2,cell-ec8c35aff50b8a42be8f4626a83f0681ab3fd09fb33f0b1f836d0f62f636f4a2,prepared_call_s,1.484979229979217,0.028950942039955407,5,
calibration,stress_n18_l2,cell-ec8c35aff50b8a42be8f4626a83f0681ab3fd09fb33f0b1f836d0f62f636f4a2,job_to_state_s,1.9989847469842061,0.017597872007172555,5,
calibration,stress_n18_l2,cell-ec8c35aff50b8a42be8f4626a83f0681ab3fd09fb33f0b1f836d0f62f636f4a2,job_to_state_cached_path_s,1.998985203972552,0.017597906989976764,5,
calibration,stress_n18_l2,cell-ec8c35aff50b8a42be8f4626a83f0681ab3fd09fb33f0b1f836d0f62f636f4a2,kernel_s,0.137248141,0.00011104699999997525,5,
calibration,bv_n18,cell-9a3a84541e8c3e7e2ca6a64546271247e7cc4bdfbcd8a22b2ded019fd9a59a17,prepared_call_s,0.5613187449635006,0.01043324900092557,5,
calibration,bv_n18,cell-9a3a84541e8c3e7e2ca6a64546271247e7cc4bdfbcd8a22b2ded019fd9a59a17,job_to_state_s,0.6704557039774954,0.01099507394246757,5,
calibration,bv_n18,cell-9a3a84541e8c3e7e2ca6a64546271247e7cc4bdfbcd8a22b2ded019fd9a59a17,job_to_state_cached_path_s,0.6704561379738152,0.010995090939104557,5,
calibration,bv_n18,cell-9a3a84541e8c3e7e2ca6a64546271247e7cc4bdfbcd8a22b2ded019fd9a59a17,kernel_s,0.023767924000000003,1.959399999999778e-05,5,
calibration,xor_n18,cell-6a9c328154bc9e3c984c1946792d02b6e007a6be06059c86510817482a22c06f,prepared_call_s,10.905442563991528,0.04151305800769478,7,
calibration,xor_n18,cell-6a9c328154bc9e3c984c1946792d02b6e007a6be06059c86510817482a22c06f,job_to_state_s,11.005503138003405,0.04076238797279075,7,
calibration,xor_n18,cell-6a9c328154bc9e3c984c1946792d02b6e007a6be06059c86510817482a22c06f,job_to_state_cached_path_s,11.005503424035851,0.040762302989605814,7,
calibration,xor_n18,cell-6a9c328154bc9e3c984c1946792d02b6e007a6be06059c86510817482a22c06f,kernel_s,8.636493962,0.019457887000001506,7,
calibration,bb84_n18,cell-96e2d43a66b2751d33b0f580a36265e8a4c245ef116686461d5f90078bd8c4d6,prepared_call_s,0.46857628802536055,0.003660320013295859,5,
calibration,bb84_n18,cell-96e2d43a66b2751d33b0f580a36265e8a4c245ef116686461d5f90078bd8c4d6,job_to_state_s,0.5043217230122536,0.003997514024376869,5,
calibration,bb84_n18,cell-96e2d43a66b2751d33b0f580a36265e8a4c245ef116686461d5f90078bd8c4d6,job_to_state_cached_path_s,0.504322057007812,0.003997199994046241,5,
calibration,bb84_n18,cell-96e2d43a66b2751d33b0f580a36265e8a4c245ef116686461d5f90078bd8c4d6,kernel_s,0.074232874,3.352100000000857e-05,5,
calibration,ghz_n18,cell-d057c7ad8f639c1066db883eb3fc9b6a9460ae2163509efc8fce7ef4d426d568,prepared_call_s,1.2486711479723454,0.016438196995295584,5,
calibration,ghz_n18,cell-d057c7ad8f639c1066db883eb3fc9b6a9460ae2163509efc8fce7ef4d426d568,job_to_state_s,1.3324758580420166,0.01662019401555881,5,
calibration,ghz_n18,cell-d057c7ad8f639c1066db883eb3fc9b6a9460ae2163509efc8fce7ef4d426d568,job_to_state_cached_path_s,1.3324765860452317,0.016620532027445734,5,
calibration,ghz_n18,cell-d057c7ad8f639c1066db883eb3fc9b6a9460ae2163509efc8fce7ef4d426d568,kernel_s,0.063972102,0.0001363759999999936,5,
calibration,qrng_n18,cell-ada19a5f318838226e4aea2720fe8cbd47ec8b6e682d254cbf581883c14453af,prepared_call_s,0.7563020460074767,0.002742408018093556,5,
calibration,qrng_n18,cell-ada19a5f318838226e4aea2720fe8cbd47ec8b6e682d254cbf581883c14453af,job_to_state_s,0.7950148060335778,0.0018126150243915617,5,
calibration,qrng_n18,cell-ada19a5f318838226e4aea2720fe8cbd47ec8b6e682d254cbf581883c14453af,job_to_state_cached_path_s,0.7950155570288189,0.0018126990180462599,5,
calibration,qrng_n18,cell-ada19a5f318838226e4aea2720fe8cbd47ec8b6e682d254cbf581883c14453af,kernel_s,0.34152887099999996,0.0006169669999999683,5,
calibration,stress_n16_l2,cell-dc1b21329bc8d23f66b2ee5918017a799dfd22d3ce2dd68b1642027a24bfe90b,prepared_call_s,2.2439000529702753,0.010100012994371355,5,
calibration,stress_n16_l2,cell-dc1b21329bc8d23f66b2ee5918017a799dfd22d3ce2dd68b1642027a24bfe90b,job_to_state_s,2.4795586190302856,0.008705742075107992,5,
calibration,stress_n16_l2,cell-dc1b21329bc8d23f66b2ee5918017a799dfd22d3ce2dd68b1642027a24bfe90b,job_to_state_cached_path_s,2.479558967985213,0.008705700980499387,5,
calibration,stress_n16_l2,cell-dc1b21329bc8d23f66b2ee5918017a799dfd22d3ce2dd68b1642027a24bfe90b,kernel_s,0.8134494699999999,0.0007265330000001402,5,
calibration,stress_n16_l2,cell-88c06001712fe78ad29562e860728643bb7f7e1a5a327a3b80cfef31dcd0bcee,prepared_call_s,0.8951362179941498,0.007430874044075608,5,
calibration,stress_n16_l2,cell-88c06001712fe78ad29562e860728643bb7f7e1a5a327a3b80cfef31dcd0bcee,job_to_state_s,1.249883876007516,0.008090753050055355,5,
calibration,stress_n16_l2,cell-88c06001712fe78ad29562e860728643bb7f7e1a5a327a3b80cfef31dcd0bcee,job_to_state_cached_path_s,1.2498842690256424,0.008090911025647074,5,
calibration,stress_n16_l2,cell-88c06001712fe78ad29562e860728643bb7f7e1a5a327a3b80cfef31dcd0bcee,kernel_s,0.04209537999999999,2.3108000000014728e-05,5,
calibration,bb84_n18,cell-560dbf9ec78f4c4476f11c0ff16f999ab6255803caa7becee697ab3feb17c346,prepared_call_s,0.7979168540332466,0.002782569034025073,5,
calibration,bb84_n18,cell-560dbf9ec78f4c4476f11c0ff16f999ab6255803caa7becee697ab3feb17c346,job_to_state_s,0.8226211399887688,0.0028168660355731845,5,
calibration,bb84_n18,cell-560dbf9ec78f4c4476f11c0ff16f999ab6255803caa7becee697ab3feb17c346,job_to_state_cached_path_s,0.8226214799797162,0.0028168950229883194,5,
calibration,bb84_n18,cell-560dbf9ec78f4c4476f11c0ff16f999ab6255803caa7becee697ab3feb17c346,kernel_s,0.2674987,0.0005601750000000516,5,
calibration,edc_n17,cell-904ebdc712d340bcb710b7bfe9226aa0eca39ea6396e1120cafcc7ae7ef26e94,prepared_call_s,17.03320262604393,0.009381063049659133,7,
calibration,edc_n17,cell-904ebdc712d340bcb710b7bfe9226aa0eca39ea6396e1120cafcc7ae7ef26e94,job_to_state_s,17.157653535949066,0.011871490918565542,7,
calibration,edc_n17,cell-904ebdc712d340bcb710b7bfe9226aa0eca39ea6396e1120cafcc7ae7ef26e94,job_to_state_cached_path_s,17.15765388397267,0.011871288937982172,7,
calibration,edc_n17,cell-904ebdc712d340bcb710b7bfe9226aa0eca39ea6396e1120cafcc7ae7ef26e94,kernel_s,15.358764857,0.005247824999999651,7,
calibration,bb84_n18,cell-436dddfac75eac5516e7b2bdb7f7f694bff0d7ee1c090e52dc994ca391e492e4,prepared_call_s,0.4047285800334066,0.008057320024818182,5,
calibration,bb84_n18,cell-436dddfac75eac5516e7b2bdb7f7f694bff0d7ee1c090e52dc994ca391e492e4,job_to_state_s,0.440408306021709,0.0084539350355044,5,
calibration,bb84_n18,cell-436dddfac75eac5516e7b2bdb7f7f694bff0d7ee1c090e52dc994ca391e492e4,job_to_state_cached_path_s,0.44040868896991014,0.008453477988950908,5,
calibration,bb84_n18,cell-436dddfac75eac5516e7b2bdb7f7f694bff0d7ee1c090e52dc994ca391e492e4,kernel_s,0.022314075,2.7259999999997703e-05,5,
calibration,edc_n17,cell-cf1efffbdfc800cfc28fe60c39c43b9324a2c9c9fc8ea72f162e63dd04711227,prepared_call_s,1.3002022790024057,0.01106510596582666,5,
calibration,edc_n17,cell-cf1efffbdfc800cfc28fe60c39c43b9324a2c9c9fc8ea72f162e63dd04711227,job_to_state_s,1.4825566579820588,0.017632737988606095,5,
calibration,edc_n17,cell-cf1efffbdfc800cfc28fe60c39c43b9324a2c9c9fc8ea72f162e63dd04711227,job_to_state_cached_path_s,1.4825571999535896,0.01763268100330606,5,
calibration,edc_n17,cell-cf1efffbdfc800cfc28fe60c39c43b9324a2c9c9fc8ea72f162e63dd04711227,kernel_s,0.28522257900000003,0.00011627100000000112,5,
calibration,hs_n18,cell-7ac5a8840b81fc3a095623966795a618ca4d67ec6cd537fc206c80dd12069002,prepared_call_s,1.1526392219820991,0.012940622982569039,5,
calibration,hs_n18,cell-7ac5a8840b81fc3a095623966795a618ca4d67ec6cd537fc206c80dd12069002,job_to_state_s,1.5464787089731544,0.016229866014327854,5,
calibration,hs_n18,cell-7ac5a8840b81fc3a095623966795a618ca4d67ec6cd537fc206c80dd12069002,job_to_state_cached_path_s,1.5464790940168314,0.016230085981078446,5,
calibration,hs_n18,cell-7ac5a8840b81fc3a095623966795a618ca4d67ec6cd537fc206c80dd12069002,kernel_s,0.019559038,2.1531000000001715e-05,5,
calibration,bv_n18,cell-c9a6ea693d6f5cd234390a283df853426e26cf172ee9c48b65d36289c628a512,prepared_call_s,0.6525902680004947,0.0016981849912554026,5,
calibration,bv_n18,cell-c9a6ea693d6f5cd234390a283df853426e26cf172ee9c48b65d36289c628a512,job_to_state_s,0.7619125270284712,0.00160548702115193,5,
calibration,bv_n18,cell-c9a6ea693d6f5cd234390a283df853426e26cf172ee9c48b65d36289c628a512,job_to_state_cached_path_s,0.7619128139922395,0.0016052739811129868,5,
calibration,bv_n18,cell-c9a6ea693d6f5cd234390a283df853426e26cf172ee9c48b65d36289c628a512,kernel_s,0.118227088,0.00012192399999999548,5,
calibration,xor_n18,cell-0eefead232cd5c4e5e185ded57f69eae72ff746074ce1e7d92cd47c33db74851,prepared_call_s,1.1743158500175923,0.0025107889669016004,5,
calibration,xor_n18,cell-0eefead232cd5c4e5e185ded57f69eae72ff746074ce1e7d92cd47c33db74851,job_to_state_s,1.3214191020233557,0.0028433469706214964,5,
calibration,xor_n18,cell-0eefead232cd5c4e5e185ded57f69eae72ff746074ce1e7d92cd47c33db74851,job_to_state_cached_path_s,1.3214198399800807,0.002843148016836494,5,
calibration,xor_n18,cell-0eefead232cd5c4e5e185ded57f69eae72ff746074ce1e7d92cd47c33db74851,kernel_s,0.065739538,7.07139999999995e-05,5,
calibration,qrng_n18,cell-d91e3458b8c151188600720c3c6d8ef4e4a305637cbb8aeae21995f1a2a48fe7,prepared_call_s,0.40492931596236303,0.006244763964787126,5,
calibration,qrng_n18,cell-d91e3458b8c151188600720c3c6d8ef4e4a305637cbb8aeae21995f1a2a48fe7,job_to_state_s,0.4414674650179222,0.0065011230180971324,5,
calibration,qrng_n18,cell-d91e3458b8c151188600720c3c6d8ef4e4a305637cbb8aeae21995f1a2a48fe7,job_to_state_cached_path_s,0.4414678780012764,0.00650125095853582,5,
calibration,qrng_n18,cell-d91e3458b8c151188600720c3c6d8ef4e4a305637cbb8aeae21995f1a2a48fe7,kernel_s,0.022299246,6.753099999999568e-05,5,
calibration,edc_n17,cell-296cf180f42c5ea4c7d44e6f47193bb48076e1d2c6a7a015942b3ad2b5cc6791,prepared_call_s,1.160550026979763,0.009816098026931286,5,
calibration,edc_n17,cell-296cf180f42c5ea4c7d44e6f47193bb48076e1d2c6a7a015942b3ad2b5cc6791,job_to_state_s,1.344040347961709,0.010297240049112588,5,
calibration,edc_n17,cell-296cf180f42c5ea4c7d44e6f47193bb48076e1d2c6a7a015942b3ad2b5cc6791,job_to_state_cached_path_s,1.3440407259622589,0.010297337081283331,5,
calibration,edc_n17,cell-296cf180f42c5ea4c7d44e6f47193bb48076e1d2c6a7a015942b3ad2b5cc6791,kernel_s,0.192571543,0.00026663299999998835,5,
calibration,xor_n18,cell-4238d7189dbd0645690d481e70b5d8fc6247571d652e779a8ea569221f399c89,prepared_call_s,2.49517761496827,0.0480080209672451,5,
calibration,xor_n18,cell-4238d7189dbd0645690d481e70b5d8fc6247571d652e779a8ea569221f399c89,job_to_state_s,2.6459999090293422,0.05093571700854227,5,
calibration,xor_n18,cell-4238d7189dbd0645690d481e70b5d8fc6247571d652e779a8ea569221f399c89,job_to_state_cached_path_s,2.646000365028158,0.05093580798711628,5,
calibration,xor_n18,cell-4238d7189dbd0645690d481e70b5d8fc6247571d652e779a8ea569221f399c89,kernel_s,1.234095822,0.00493589899999991,5,
calibration,edc_n17,cell-10a546a86f20a86a342e022f8cb21e4968ddbbc83ede6ec453f3ae8b6409284c,prepared_call_s,1.4073011029977351,0.0026629119529388845,5,
calibration,edc_n17,cell-10a546a86f20a86a342e022f8cb21e4968ddbbc83ede6ec453f3ae8b6409284c,job_to_state_s,1.5890230289660394,0.0005772059666924179,5,
calibration,edc_n17,cell-10a546a86f20a86a342e022f8cb21e4968ddbbc83ede6ec453f3ae8b6409284c,job_to_state_cached_path_s,1.5890234409598634,0.0005770519492216408,5,
calibration,edc_n17,cell-10a546a86f20a86a342e022f8cb21e4968ddbbc83ede6ec453f3ae8b6409284c,kernel_s,0.429584545,0.00040857200000005145,5,
final,bv_n22,cell-0bdafd32264b349b415ca595192dbabd5e93632c5ed2f0d14015731b579e1c90,prepared_call_s,0.7879959099809639,0.0011328409891575575,5,quest32_p8
final,bv_n22,cell-0bdafd32264b349b415ca595192dbabd5e93632c5ed2f0d14015731b579e1c90,job_to_state_s,0.7880465149646625,0.00113362300908193,5,quest32_p8
final,bv_n22,cell-0bdafd32264b349b415ca595192dbabd5e93632c5ed2f0d14015731b579e1c90,job_to_state_cached_path_s,0.7880465149646625,0.00113362300908193,5,quest32_p8
final,bv_n22,cell-0bdafd32264b349b415ca595192dbabd5e93632c5ed2f0d14015731b579e1c90,kernel_s,0.7463423750014044,0.0015144799835979939,5,quest32_p8
final,edc_n11,cell-9e798c48328cbe33f469dedfacbd174c9b607ef2b6df61c46a18a99f4624b652,prepared_call_s,0.0026003859820775688,4.836998414248228e-06,5,quest32_p8
final,edc_n11,cell-9e798c48328cbe33f469dedfacbd174c9b607ef2b6df61c46a18a99f4624b652,job_to_state_s,0.0026320209726691246,4.067027475684881e-06,5,quest32_p8
final,edc_n11,cell-9e798c48328cbe33f469dedfacbd174c9b607ef2b6df61c46a18a99f4624b652,job_to_state_cached_path_s,0.0026320209726691246,4.067027475684881e-06,5,quest32_p8
final,edc_n11,cell-9e798c48328cbe33f469dedfacbd174c9b607ef2b6df61c46a18a99f4624b652,kernel_s,0.0021023949957452714,6.76402123644948e-06,5,quest32_p8
final,bv_n16,cell-485c4f5b7299bc3b9e8c2f085a22a086d0318005b2d3efe7548feb18c71d283c,prepared_call_s,0.018024290970060974,6.993097485974431e-05,5,numpy_f32_p1
final,bv_n16,cell-485c4f5b7299bc3b9e8c2f085a22a086d0318005b2d3efe7548feb18c71d283c,job_to_state_s,0.0432373009971343,0.00024967698846012354,5,numpy_f32_p1
final,bv_n16,cell-485c4f5b7299bc3b9e8c2f085a22a086d0318005b2d3efe7548feb18c71d283c,job_to_state_cached_path_s,0.043237568985205144,0.000249521981459111,5,numpy_f32_p1
final,stress_n18_l2,cell-50798eea17787e5dba8daec8220e359258c5cc0ec8df8d53cada045cbaab9a30,prepared_call_s,2.3478789500077255,0.012642821006011218,5,upmem_f32
final,stress_n18_l2,cell-50798eea17787e5dba8daec8220e359258c5cc0ec8df8d53cada045cbaab9a30,job_to_state_s,3.8344946010038257,0.029942972003482282,5,upmem_f32
final,stress_n18_l2,cell-50798eea17787e5dba8daec8220e359258c5cc0ec8df8d53cada045cbaab9a30,job_to_state_cached_path_s,3.8344948919839226,0.029943089990410954,5,upmem_f32
final,stress_n18_l2,cell-50798eea17787e5dba8daec8220e359258c5cc0ec8df8d53cada045cbaab9a30,kernel_s,0.189970531,0.00010155600000000264,5,upmem_f32
final,xor_n20,cell-7eaa1c7d4a4fc1157563d576ef5f703986fff6afee82aafcac2e6acb7b03d2e6,prepared_call_s,0.12148143496597186,0.00020733196288347244,5,quest32_p1
final,xor_n20,cell-7eaa1c7d4a4fc1157563d576ef5f703986fff6afee82aafcac2e6acb7b03d2e6,job_to_state_s,0.12152208294719458,0.00020649092039093375,5,quest32_p1
final,xor_n20,cell-7eaa1c7d4a4fc1157563d576ef5f703986fff6afee82aafcac2e6acb7b03d2e6,job_to_state_cached_path_s,0.12152208294719458,0.00020649092039093375,5,quest32_p1
final,xor_n20,cell-7eaa1c7d4a4fc1157563d576ef5f703986fff6afee82aafcac2e6acb7b03d2e6,kernel_s,0.11084726301487535,0.00021538499277085066,5,quest32_p1
final,bb84_n08,cell-cd79403a887b068b1a44a43879b7fd16687cd960bd6f25d84c545c4eec1dec90,prepared_call_s,0.0040782339638099074,2.3133063223212957e-05,5,numpy_f32_p1
final,bb84_n08,cell-cd79403a887b068b1a44a43879b7fd16687cd960bd6f25d84c545c4eec1dec90,job_to_state_s,0.007967543962877244,5.364598473533988e-05,5,numpy_f32_p1
final,bb84_n08,cell-cd79403a887b068b1a44a43879b7fd16687cd960bd6f25d84c545c4eec1dec90,job_to_state_cached_path_s,0.007967754965648055,5.34809660166502e-05,5,numpy_f32_p1
final,bb84_n16,cell-acc12d2f8893d759666cbbe54569e451367a96ec82d9fdf0fc6d578ca55411a2,prepared_call_s,0.004543931980151683,3.6470009945333004e-06,5,quest32_p1
final,bb84_n16,cell-acc12d2f8893d759666cbbe54569e451367a96ec82d9fdf0fc6d578ca55411a2,job_to_state_s,0.00457408995134756,3.645080141723156e-06,5,quest32_p1
final,bb84_n16,cell-acc12d2f8893d759666cbbe54569e451367a96ec82d9fdf0fc6d578ca55411a2,job_to_state_cached_path_s,0.00457408995134756,3.645080141723156e-06,5,quest32_p1
final,bb84_n16,cell-acc12d2f8893d759666cbbe54569e451367a96ec82d9fdf0fc6d578ca55411a2,kernel_s,0.0036766440025530756,6.960995960980654e-06,5,quest32_p1
final,xor_n08,cell-f7c2003bac39eaa7f14464606c113302d70ba1d74d0d3c4297f63b325254bba3,prepared_call_s,0.005989655968733132,6.19860365986824e-05,5,numpy_f32_p1
final,xor_n08,cell-f7c2003bac39eaa7f14464606c113302d70ba1d74d0d3c4297f63b325254bba3,job_to_state_s,0.012209180975332856,9.362795390188694e-05,5,numpy_f32_p1
final,xor_n08,cell-f7c2003bac39eaa7f14464606c113302d70ba1d74d0d3c4297f63b325254bba3,job_to_state_cached_path_s,0.01220937998732552,9.360199328511953e-05,5,numpy_f32_p1
final,hs_n22,cell-c2d6ec352dd4b12a5cfcdd98d57a2b7937328dc984528bbcc9b47dbf5cf9ee40,prepared_call_s,5.255394731007982,0.02744376502232626,5,upmem_int8
final,hs_n22,cell-c2d6ec352dd4b12a5cfcdd98d57a2b7937328dc984528bbcc9b47dbf5cf9ee40,job_to_state_s,6.640878934005741,0.028660705022048205,5,upmem_int8
final,hs_n22,cell-c2d6ec352dd4b12a5cfcdd98d57a2b7937328dc984528bbcc9b47dbf5cf9ee40,job_to_state_cached_path_s,6.640879271028098,0.02866069704759866,5,upmem_int8
final,hs_n22,cell-c2d6ec352dd4b12a5cfcdd98d57a2b7937328dc984528bbcc9b47dbf5cf9ee40,kernel_s,0.173787868,0.00029703700000002775,5,upmem_int8
final,bb84_n24,cell-98fc14ec30eed9483e43fe4eb89efa94bec6fa907604c26b0feefd2c53fc2c75,prepared_call_s,1.552128077019006,0.0010329619981348515,5,quest32_p1
final,bb84_n24,cell-98fc14ec30eed9483e43fe4eb89efa94bec6fa907604c26b0feefd2c53fc2c75,job_to_state_s,1.552160534018185,0.0010362009634263813,5,quest32_p1
final,bb84_n24,cell-98fc14ec30eed9483e43fe4eb89efa94bec6fa907604c26b0feefd2c53fc2c75,job_to_state_cached_path_s,1.552160534018185,0.0010362009634263813,5,quest32_p1
final,bb84_n24,cell-98fc14ec30eed9483e43fe4eb89efa94bec6fa907604c26b0feefd2c53fc2c75,kernel_s,1.3915975830168463,0.0010995069751515985,5,quest32_p1
final,stress_n12_l2,cell-b0197b2fc36ac2c4649d84828ab0b3766c746afca27bff11c29a2a31305833d4,prepared_call_s,0.7027545460150577,0.005275637027807534,5,upmem_int8
final,stress_n12_l2,cell-b0197b2fc36ac2c4649d84828ab0b3766c746afca27bff11c29a2a31305833d4,job_to_state_s,1.0337539170286618,0.006772422988433391,5,upmem_int8
final,stress_n12_l2,cell-b0197b2fc36ac2c4649d84828ab0b3766c746afca27bff11c29a2a31305833d4,job_to_state_cached_path_s,1.0337543610366993,0.006772488006390631,5,upmem_int8
final,stress_n12_l2,cell-b0197b2fc36ac2c4649d84828ab0b3766c746afca27bff11c29a2a31305833d4,kernel_s,0.007958359,5.20050000000008e-05,5,upmem_int8
final,bb84_n12,cell-dcc350d00b1b6c934c7d236c6752a7a3bca3cbb1317fd4fe46dce75e2d636055,prepared_call_s,0.17446848202962428,0.006489624967798591,5,upmem_f32
final,bb84_n12,cell-dcc350d00b1b6c934c7d236c6752a7a3bca3cbb1317fd4fe46dce75e2d636055,job_to_state_s,0.19563857500907034,0.006542658957187086,5,upmem_f32
final,bb84_n12,cell-dcc350d00b1b6c934c7d236c6752a7a3bca3cbb1317fd4fe46dce75e2d636055,job_to_state_cached_path_s,0.19563905900577083,0.006542449991684407,5,upmem_f32
final,bb84_n12,cell-dcc350d00b1b6c934c7d236c6752a7a3bca3cbb1317fd4fe46dce75e2d636055,kernel_s,0.006500436,1.8021999999999483e-05,5,upmem_f32
final,stress_n16_l2,cell-274967e0c7f07eafa243d23f7dee8afdef1f49f6399430716501982778c78f1d,prepared_call_s,0.034539890999440104,2.1198997274041176e-05,5,quest32_p8
final,stress_n16_l2,cell-274967e0c7f07eafa243d23f7dee8afdef1f49f6399430716501982778c78f1d,job_to_state_s,0.034621126018464565,2.2154010366648436e-05,5,quest32_p8
final,stress_n16_l2,cell-274967e0c7f07eafa243d23f7dee8afdef1f49f6399430716501982778c78f1d,job_to_state_cached_path_s,0.034621126018464565,2.2154010366648436e-05,5,quest32_p8
final,stress_n16_l2,cell-274967e0c7f07eafa243d23f7dee8afdef1f49f6399430716501982778c78f1d,kernel_s,0.03332210797816515,1.0474061127752066e-05,5,quest32_p8
final,bv_n24,cell-1bd3ab0dabf9882946b12c83991035d47d29b3fb317c2b048d200065dec16ffe,prepared_call_s,3.3865378740010783,0.0009819020051509142,5,quest32_p8
final,bv_n24,cell-1bd3ab0dabf9882946b12c83991035d47d29b3fb317c2b048d200065dec16ffe,job_to_state_s,3.386589678004384,0.0009810590418055654,5,quest32_p8
final,bv_n24,cell-1bd3ab0dabf9882946b12c83991035d47d29b3fb317c2b048d200065dec16ffe,job_to_state_cached_path_s,3.386589678004384,0.0009810590418055654,5,quest32_p8
final,bv_n24,cell-1bd3ab0dabf9882946b12c83991035d47d29b3fb317c2b048d200065dec16ffe,kernel_s,3.225371504027862,0.0009884739993140101,5,quest32_p8
final,qrng_n18,cell-e0342449e2dab685a97d33194400bfa9a4c2e06c315344e08577c8ad207a8210,prepared_call_s,0.02174135798122734,6.1559840105473995e-06,5,quest32_p8
final,qrng_n18,cell-e0342449e2dab685a97d33194400bfa9a4c2e06c315344e08577c8ad207a8210,job_to_state_s,0.021773291984573007,6.379967089742422e-06,5,quest32_p8
final,qrng_n18,cell-e0342449e2dab685a97d33194400bfa9a4c2e06c315344e08577c8ad207a8210,job_to_state_cached_path_s,0.021773291984573007,6.379967089742422e-06,5,quest32_p8
final,qrng_n18,cell-e0342449e2dab685a97d33194400bfa9a4c2e06c315344e08577c8ad207a8210,kernel_s,0.018069652025587857,1.5394005458801985e-05,5,quest32_p8
final,edc_n25,cell-e97c321d3075c95455e75bd03626481c5276cdac45e770981e09b2b498204c03,prepared_call_s,3.3258355740108527,0.01033106300747022,5,quest32_p1
final,edc_n25,cell-e97c321d3075c95455e75bd03626481c5276cdac45e770981e09b2b498204c03,job_to_state_s,3.3258767829975113,0.010330748977139592,5,quest32_p1
final,edc_n25,cell-e97c321d3075c95455e75bd03626481c5276cdac45e770981e09b2b498204c03,job_to_state_cached_path_s,3.3258767829975113,0.010330748977139592,5,quest32_p1
final,edc_n25,cell-e97c321d3075c95455e75bd03626481c5276cdac45e770981e09b2b498204c03,kernel_s,3.005810718983412,0.011797085986472666,5,quest32_p1
final,stress_n08_l2,cell-69a734aece704d27ae0edb7848542303685cfa2bcae5659212d3c3b56b006fad,prepared_call_s,0.377751788997557,0.011302065977361053,5,upmem_f32
final,stress_n08_l2,cell-69a734aece704d27ae0edb7848542303685cfa2bcae5659212d3c3b56b006fad,job_to_state_s,0.49407175701344386,0.010608698998112231,5,upmem_f32
final,stress_n08_l2,cell-69a734aece704d27ae0edb7848542303685cfa2bcae5659212d3c3b56b006fad,job_to_state_cached_path_s,0.4940721510211006,0.010608605982270092,5,upmem_f32
final,stress_n08_l2,cell-69a734aece704d27ae0edb7848542303685cfa2bcae5659212d3c3b56b006fad,kernel_s,0.008817855999999999,3.459000000000101e-05,5,upmem_f32
final,bb84_n26,cell-3a20ac963d52200f2b6c60fff72bf74ebd34f9f27ad887e696b43e862786e1d7,prepared_call_s,6.511037305055652,0.0021319790394045413,5,quest32_p8
final,bb84_n26,cell-3a20ac963d52200f2b6c60fff72bf74ebd34f9f27ad887e696b43e862786e1d7,job_to_state_s,6.511074491078034,0.0021337460493668914,5,quest32_p8
final,bb84_n26,cell-3a20ac963d52200f2b6c60fff72bf74ebd34f9f27ad887e696b43e862786e1d7,job_to_state_cached_path_s,6.511074491078034,0.0021337460493668914,5,quest32_p8
final,bb84_n26,cell-3a20ac963d52200f2b6c60fff72bf74ebd34f9f27ad887e696b43e862786e1d7,kernel_s,5.793663731019478,0.00248424505116418,5,quest32_p8
final,bv_n18,cell-c6cf879f4a46d38c205089c5afd6f6c9d0b3f1134a38bea4f37787c2e0a2094a,prepared_call_s,0.5355478219571523,0.0023213139502331614,5,upmem_int8
final,bv_n18,cell-c6cf879f4a46d38c205089c5afd6f6c9d0b3f1134a38bea4f37787c2e0a2094a,job_to_state_s,0.6402286509983242,0.001370787969790399,5,upmem_int8
final,bv_n18,cell-c6cf879f4a46d38c205089c5afd6f6c9d0b3f1134a38bea4f37787c2e0a2094a,job_to_state_cached_path_s,0.6402290429687127,0.0013707149773836136,5,upmem_int8
final,bv_n18,cell-c6cf879f4a46d38c205089c5afd6f6c9d0b3f1134a38bea4f37787c2e0a2094a,kernel_s,0.025000536,1.888100000000184e-05,5,upmem_int8
final,bb84_n26,cell-552114497ba532db59213ae3c758f716a348fe9502bacde44abc867eb9a721b4,prepared_call_s,6.457042650028598,0.004478635964915156,5,quest32_p1
final,bb84_n26,cell-552114497ba532db59213ae3c758f716a348fe9502bacde44abc867eb9a721b4,job_to_state_s,6.4570776100154035,0.004477985959965736,5,quest32_p1
final,bb84_n26,cell-552114497ba532db59213ae3c758f716a348fe9502bacde44abc867eb9a721b4,job_to_state_cached_path_s,6.4570776100154035,0.004477985959965736,5,quest32_p1
final,bb84_n26,cell-552114497ba532db59213ae3c758f716a348fe9502bacde44abc867eb9a721b4,kernel_s,5.817690682015382,0.004472850007005036,5,quest32_p1
final,xor_n18,cell-bc320d2135bf1b7b496b88c347fc91ec175a0f52180fdb700a5d51bf1aab5fca,prepared_call_s,0.03233913501026109,2.0314997527748346e-05,5,quest32_p8
final,xor_n18,cell-bc320d2135bf1b7b496b88c347fc91ec175a0f52180fdb700a5d51bf1aab5fca,job_to_state_s,0.03237906802678481,2.1200045011937618e-05,5,quest32_p8
final,xor_n18,cell-bc320d2135bf1b7b496b88c347fc91ec175a0f52180fdb700a5d51bf1aab5fca,job_to_state_cached_path_s,0.03237906802678481,2.1200045011937618e-05,5,quest32_p8
final,xor_n18,cell-bc320d2135bf1b7b496b88c347fc91ec175a0f52180fdb700a5d51bf1aab5fca,kernel_s,0.0286825509974733,1.914397580549121e-05,5,quest32_p8
final,bv_n20,cell-a4934c3ef77c42861d1770c7b153b9cc9feac6630898c41e861d12f7df17e875,prepared_call_s,1.1886269099777564,0.026426250988151878,5,upmem_int8
final,bv_n20,cell-a4934c3ef77c42861d1770c7b153b9cc9feac6630898c41e861d12f7df17e875,job_to_state_s,1.296365653979592,0.026806559064425528,5,upmem_int8
final,bv_n20,cell-a4934c3ef77c42861d1770c7b153b9cc9feac6630898c41e861d12f7df17e875,job_to_state_cached_path_s,1.2963660539826378,0.02680664404761046,5,upmem_int8
final,bv_n20,cell-a4934c3ef77c42861d1770c7b153b9cc9feac6630898c41e861d12f7df17e875,kernel_s,0.086264752,0.000169871000000002,5,upmem_int8
final,bb84_n16,cell-3b5225deb7d1ed474aa5d8e761eec17116940a5515fb55ce4a6af05af6b55215,prepared_call_s,0.3005549779627472,0.0017543580033816397,5,upmem_f32
final,bb84_n16,cell-3b5225deb7d1ed474aa5d8e761eec17116940a5515fb55ce4a6af05af6b55215,job_to_state_s,0.3316115500056185,0.0014089170144870877,5,upmem_f32
final,bb84_n16,cell-3b5225deb7d1ed474aa5d8e761eec17116940a5515fb55ce4a6af05af6b55215,job_to_state_cached_path_s,0.33161191002000123,0.0014089640462771058,5,upmem_f32
final,bb84_n16,cell-3b5225deb7d1ed474aa5d8e761eec17116940a5515fb55ce4a6af05af6b55215,kernel_s,0.056043527999999995,3.732499999999778e-05,5,upmem_f32
final,bv_n12,cell-ee30201ff5f1c0a510b9a460d3ceca70136b149a1bd7ea62baf8db58dfec04b0,prepared_call_s,0.22982082096859813,0.002442947996314615,5,upmem_int8
final,bv_n12,cell-ee30201ff5f1c0a510b9a460d3ceca70136b149a1bd7ea62baf8db58dfec04b0,job_to_state_s,0.2815955280093476,0.0022768620401620865,5,upmem_int8
final,bv_n12,cell-ee30201ff5f1c0a510b9a460d3ceca70136b149a1bd7ea62baf8db58dfec04b0,job_to_state_cached_path_s,0.2815957069979049,0.0022768600028939545,5,upmem_int8
final,bv_n12,cell-ee30201ff5f1c0a510b9a460d3ceca70136b149a1bd7ea62baf8db58dfec04b0,kernel_s,0.00461515,2.2223000000000034e-05,5,upmem_int8
final,qrng_n20,cell-006bc21c387868054cafbf20a95f02f398c01158345e23e38e9f84fde8dabffc,prepared_call_s,1.0178375539835542,0.016977261984720826,5,upmem_int8
final,qrng_n20,cell-006bc21c387868054cafbf20a95f02f398c01158345e23e38e9f84fde8dabffc,job_to_state_s,1.0600248640403152,0.015348392073065042,5,upmem_int8
final,qrng_n20,cell-006bc21c387868054cafbf20a95f02f398c01158345e23e38e9f84fde8dabffc,job_to_state_cached_path_s,1.060025234008208,0.01534829701995477,5,upmem_int8
final,qrng_n20,cell-006bc21c387868054cafbf20a95f02f398c01158345e23e38e9f84fde8dabffc,kernel_s,0.06563853,8.351099999999445e-05,5,upmem_int8
final,xor_n22,cell-6add4e96c4061a5a8166d07c12d1ac7c7c033616b1e9c3998e26422a91cee140,prepared_call_s,3.5136082919780165,0.020076633023563772,5,upmem_f32
final,xor_n22,cell-6add4e96c4061a5a8166d07c12d1ac7c7c033616b1e9c3998e26422a91cee140,job_to_state_s,3.6094491929979995,0.01752913900418207,5,upmem_f32
final,xor_n22,cell-6add4e96c4061a5a8166d07c12d1ac7c7c033616b1e9c3998e26422a91cee140,job_to_state_cached_path_s,3.609449764015153,0.017528962984215468,5,upmem_f32
final,xor_n22,cell-6add4e96c4061a5a8166d07c12d1ac7c7c033616b1e9c3998e26422a91cee140,kernel_s,0.617733311,4.2505000000025994e-05,5,upmem_f32
final,qrng_n22,cell-c1224498e9633897b53ee7e695e56ad0604d16153a1d905566553717cc76385a,prepared_call_s,0.36319091299083084,0.0003715889761224389,5,quest32_p8
final,qrng_n22,cell-c1224498e9633897b53ee7e695e56ad0604d16153a1d905566553717cc76385a,job_to_state_s,0.3632264009793289,0.0003746489528566599,5,quest32_p8
final,qrng_n22,cell-c1224498e9633897b53ee7e695e56ad0604d16153a1d905566553717cc76385a,job_to_state_cached_path_s,0.3632264009793289,0.0003746489528566599,5,quest32_p8
final,qrng_n22,cell-c1224498e9633897b53ee7e695e56ad0604d16153a1d905566553717cc76385a,kernel_s,0.3218694550450891,0.00032561004627496004,5,quest32_p8
final,xor_n12,cell-00145a34e646f78e7ff0f22af64850e5a3d7df9eeb6479182c79701d5acb77af,prepared_call_s,0.22458684199955314,0.007805418048519641,5,upmem_int8
final,xor_n12,cell-00145a34e646f78e7ff0f22af64850e5a3d7df9eeb6479182c79701d5acb77af,job_to_state_s,0.25986592995468527,0.008145858999341726,5,upmem_int8
final,xor_n12,cell-00145a34e646f78e7ff0f22af64850e5a3d7df9eeb6479182c79701d5acb77af,job_to_state_cached_path_s,0.2598666929989122,0.0081453449674882,5,upmem_int8
final,xor_n12,cell-00145a34e646f78e7ff0f22af64850e5a3d7df9eeb6479182c79701d5acb77af,kernel_s,0.0037166409999999997,2.8505000000000284e-05,5,upmem_int8
final,qrng_n22,cell-b9988fea8d2118d4c55e3afbe418c3b2a3b67e83d5a3ba5b46c80a0fd3ca4c9e,prepared_call_s,0.35861538897734135,0.0002833249745890498,5,quest32_p1
final,qrng_n22,cell-b9988fea8d2118d4c55e3afbe418c3b2a3b67e83d5a3ba5b46c80a0fd3ca4c9e,job_to_state_s,0.35865314496913925,0.00028937996830791235,5,quest32_p1
final,qrng_n22,cell-b9988fea8d2118d4c55e3afbe418c3b2a3b67e83d5a3ba5b46c80a0fd3ca4c9e,job_to_state_cached_path_s,0.35865314496913925,0.00028937996830791235,5,quest32_p1
final,qrng_n22,cell-b9988fea8d2118d4c55e3afbe418c3b2a3b67e83d5a3ba5b46c80a0fd3ca4c9e,kernel_s,0.31767115596449,0.0002488429890945554,5,quest32_p1
final,bv_n18,cell-927cb165814cdb7d4a42290e9723f7cecc47dce82ede60476d4408d1b6fab89d,prepared_call_s,0.045930291002150625,7.544801337644458e-05,5,quest32_p8
final,bv_n18,cell-927cb165814cdb7d4a42290e9723f7cecc47dce82ede60476d4408d1b6fab89d,job_to_state_s,0.04597612901125103,7.671798812225461e-05,5,quest32_p8
final,bv_n18,cell-927cb165814cdb7d4a42290e9723f7cecc47dce82ede60476d4408d1b6fab89d,job_to_state_cached_path_s,0.04597612901125103,7.671798812225461e-05,5,quest32_p8
final,bv_n18,cell-927cb165814cdb7d4a42290e9723f7cecc47dce82ede60476d4408d1b6fab89d,kernel_s,0.04226884001400322,5.8325997088104486e-05,5,quest32_p8
final,xor_n22,cell-ea50829fdb96986ce05c069e547f7ca660dd10e627125238876a414e37056e03,prepared_call_s,0.30738369503524154,0.00792673003161326,5,numpy_f32_p1
final,xor_n22,cell-ea50829fdb96986ce05c069e547f7ca660dd10e627125238876a414e37056e03,job_to_state_s,0.4887176409829408,0.010998565994668752,5,numpy_f32_p1
final,xor_n22,cell-ea50829fdb96986ce05c069e547f7ca660dd10e627125238876a414e37056e03,job_to_state_cached_path_s,0.4887182689853944,0.010998426005244255,5,numpy_f32_p1
final,bv_n08,cell-1d194971f606481660ea7b434b76b2da35e198932a419d51816414343cae911e,prepared_call_s,0.19243487698258832,0.00727519701467827,5,upmem_f32
final,bv_n08,cell-1d194971f606481660ea7b434b76b2da35e198932a419d51816414343cae911e,job_to_state_s,0.22193674399750307,0.006712066999170929,5,upmem_f32
final,bv_n08,cell-1d194971f606481660ea7b434b76b2da35e198932a419d51816414343cae911e,job_to_state_cached_path_s,0.22193691099528223,0.006712248956318945,5,upmem_f32
final,bv_n08,cell-1d194971f606481660ea7b434b76b2da35e198932a419d51816414343cae911e,kernel_s,0.0033604309999999997,2.680400000000093e-05,5,upmem_f32
final,xor_n20,cell-e39813eb7d9bcf3585d98b37837883cf0e66b26ff5ddb6366041187cabe0d2ef,prepared_call_s,1.0623691719956696,0.006836537970229983,5,upmem_f32
final,xor_n20,cell-e39813eb7d9bcf3585d98b37837883cf0e66b26ff5ddb6366041187cabe0d2ef,job_to_state_s,1.138246174028609,0.006641878979280591,5,upmem_f32
final,xor_n20,cell-e39813eb7d9bcf3585d98b37837883cf0e66b26ff5ddb6366041187cabe0d2ef,job_to_state_cached_path_s,1.1382467280491255,0.006641939049586654,5,upmem_f32
final,xor_n20,cell-e39813eb7d9bcf3585d98b37837883cf0e66b26ff5ddb6366041187cabe0d2ef,kernel_s,0.158040408,3.231900000000287e-05,5,upmem_f32
final,bb84_n24,cell-8f19f1b8582179a756a476968dc14afb11d37b93180d4005a7714e978d2211d5,prepared_call_s,15.004316241014749,0.02681764803128317,5,upmem_int8
final,bb84_n24,cell-8f19f1b8582179a756a476968dc14afb11d37b93180d4005a7714e978d2211d5,job_to_state_s,15.070663262042217,0.02675017894944176,5,upmem_int8
final,bb84_n24,cell-8f19f1b8582179a756a476968dc14afb11d37b93180d4005a7714e978d2211d5,job_to_state_cached_path_s,15.07066368003143,0.026750483957584947,5,upmem_int8
final,bb84_n24,cell-8f19f1b8582179a756a476968dc14afb11d37b93180d4005a7714e978d2211d5,kernel_s,1.309601738,0.0027471350000001227,5,upmem_int8
final,xor_n08,cell-b5db2f1031807ba2dbf39f6f7c890907dd29fb70bc33edb4a8c72e996cbe4450,prepared_call_s,0.002125572005752474,8.014962077140808e-06,5,quest32_p8
final,xor_n08,cell-b5db2f1031807ba2dbf39f6f7c890907dd29fb70bc33edb4a8c72e996cbe4450,job_to_state_s,0.002153433975763619,8.889997843652964e-06,5,quest32_p8
final,xor_n08,cell-b5db2f1031807ba2dbf39f6f7c890907dd29fb70bc33edb4a8c72e996cbe4450,job_to_state_cached_path_s,0.002153433975763619,8.889997843652964e-06,5,quest32_p8
final,xor_n08,cell-b5db2f1031807ba2dbf39f6f7c890907dd29fb70bc33edb4a8c72e996cbe4450,kernel_s,0.0016490000416524708,4.8800138756632805e-06,5,quest32_p8
final,hs_n24,cell-aecc0f4d451d58165d393deefa80b519cc6825c3a125383e920b0cc05bf5ce90,prepared_call_s,15.895125748007558,0.023250692000146955,5,upmem_int8
final,hs_n24,cell-aecc0f4d451d58165d393deefa80b519cc6825c3a125383e920b0cc05bf5ce90,job_to_state_s,17.516633324034046,0.0043967910460196435,5,upmem_int8
final,hs_n24,cell-aecc0f4d451d58165d393deefa80b519cc6825c3a125383e920b0cc05bf5ce90,job_to_state_cached_path_s,17.516633826016914,0.004396402044221759,5,upmem_int8
final,hs_n24,cell-aecc0f4d451d58165d393deefa80b519cc6825c3a125383e920b0cc05bf5ce90,kernel_s,0.672848174,0.0011411889999999314,5,upmem_int8
final,bb84_n16,cell-0f1eda93f3a5a1e21fd863294a2da306046ac68aa4fe6739d8e1ecbbd4c82aaf,prepared_call_s,0.006592304969672114,3.1910021789371967e-06,5,quest32_p8
final,bb84_n16,cell-0f1eda93f3a5a1e21fd863294a2da306046ac68aa4fe6739d8e1ecbbd4c82aaf,job_to_state_s,0.006622007000260055,3.404973540455103e-06,5,quest32_p8
final,bb84_n16,cell-0f1eda93f3a5a1e21fd863294a2da306046ac68aa4fe6739d8e1ecbbd4c82aaf,job_to_state_cached_path_s,0.006622007000260055,3.404973540455103e-06,5,quest32_p8
final,bb84_n16,cell-0f1eda93f3a5a1e21fd863294a2da306046ac68aa4fe6739d8e1ecbbd4c82aaf,kernel_s,0.0053772079991176724,6.239861249923706e-07,5,quest32_p8
final,bv_n16,cell-82a7fe1a2797280bfdf7a6ae7a394aea97f92ee6f1dbf1f79b56d40869250f07,prepared_call_s,0.40158593299565837,0.0030871210037730634,5,upmem_f32
final,bv_n16,cell-82a7fe1a2797280bfdf7a6ae7a394aea97f92ee6f1dbf1f79b56d40869250f07,job_to_state_s,0.47689750796416774,0.0021162409684620798,5,upmem_f32
final,bv_n16,cell-82a7fe1a2797280bfdf7a6ae7a394aea97f92ee6f1dbf1f79b56d40869250f07,job_to_state_cached_path_s,0.47689806699054316,0.0021164799691177905,5,upmem_f32
final,bv_n16,cell-82a7fe1a2797280bfdf7a6ae7a394aea97f92ee6f1dbf1f79b56d40869250f07,kernel_s,0.03133543,0.00010374100000000441,5,upmem_f32
final,qrng_n08,cell-55de11176e342958bb5c9d6b9dc101d7434a226aea160e3bcd0b4aeb2740adde,prepared_call_s,0.0014222700265236199,1.5200348570942879e-06,5,quest32_p8
final,qrng_n08,cell-55de11176e342958bb5c9d6b9dc101d7434a226aea160e3bcd0b4aeb2740adde,job_to_state_s,0.001446601061616093,2.45007686316967e-06,5,quest32_p8
final,qrng_n08,cell-55de11176e342958bb5c9d6b9dc101d7434a226aea160e3bcd0b4aeb2740adde,job_to_state_cached_path_s,0.001446601061616093,2.45007686316967e-06,5,quest32_p8
final,qrng_n08,cell-55de11176e342958bb5c9d6b9dc101d7434a226aea160e3bcd0b4aeb2740adde,kernel_s,0.0009447580086998641,2.8909998945891857e-06,5,quest32_p8
final,hs_n18,cell-3c2426de657e283249b21cc23a48ce3f1a211f52f48f15d0dc56f95630941739,prepared_call_s,0.04693100298754871,0.00016951205907389522,5,numpy_f32_p1
final,hs_n18,cell-3c2426de657e283249b21cc23a48ce3f1a211f52f48f15d0dc56f95630941739,job_to_state_s,0.3391442200518213,0.006620255939196795,5,numpy_f32_p1
final,hs_n18,cell-3c2426de657e283249b21cc23a48ce3f1a211f52f48f15d0dc56f95630941739,job_to_state_cached_path_s,0.33914477104553953,0.006620101921726018,5,numpy_f32_p1
final,edc_n11,cell-e21027b9ddaef490618f7d22894fb4f42d3e6cd0432e5806411774b550e6cfd8,prepared_call_s,0.2655735380249098,0.012119206949137151,5,upmem_f32
final,edc_n11,cell-e21027b9ddaef490618f7d22894fb4f42d3e6cd0432e5806411774b550e6cfd8,job_to_state_s,0.3069598759757355,0.012441052997019142,5,upmem_f32
final,edc_n11,cell-e21027b9ddaef490618f7d22894fb4f42d3e6cd0432e5806411774b550e6cfd8,job_to_state_cached_path_s,0.30696021602489054,0.012441139959264547,5,upmem_f32
final,edc_n11,cell-e21027b9ddaef490618f7d22894fb4f42d3e6cd0432e5806411774b550e6cfd8,kernel_s,0.019027787,9.259300000000192e-05,5,upmem_f32
final,edc_n19,cell-526dc246268e1e10a47e881e97d0981c81c4872472d300c253453e4d9695bea3,prepared_call_s,0.04376273899106309,3.444799222052097e-05,5,quest32_p8
final,edc_n19,cell-526dc246268e1e10a47e881e97d0981c81c4872472d300c253453e4d9695bea3,job_to_state_s,0.04379977297503501,3.405893221497536e-05,5,quest32_p8
final,edc_n19,cell-526dc246268e1e10a47e881e97d0981c81c4872472d300c253453e4d9695bea3,job_to_state_cached_path_s,0.04379977297503501,3.405893221497536e-05,5,quest32_p8
final,edc_n19,cell-526dc246268e1e10a47e881e97d0981c81c4872472d300c253453e4d9695bea3,kernel_s,0.03765111597022042,5.776004400104284e-06,5,quest32_p8
final,hs_n26,cell-8fb0ff01b6ac71a56b4f5b67d2efaba128204e5ce84bcfed63623ff173d0e1b0,prepared_call_s,41.171591072983574,0.004790450970176607,5,quest32_p8
final,hs_n26,cell-8fb0ff01b6ac71a56b4f5b67d2efaba128204e5ce84bcfed63623ff173d0e1b0,job_to_state_s,41.17170001496561,0.0047867949469946325,5,quest32_p8
final,hs_n26,cell-8fb0ff01b6ac71a56b4f5b67d2efaba128204e5ce84bcfed63623ff173d0e1b0,job_to_state_cached_path_s,41.17170001496561,0.0047867949469946325,5,quest32_p8
final,hs_n26,cell-8fb0ff01b6ac71a56b4f5b67d2efaba128204e5ce84bcfed63623ff173d0e1b0,kernel_s,40.53072744398378,0.0052360830013640225,5,quest32_p8
final,stress_n12_l2,cell-568ee3b75425a3697deb8eabdea926a74d6c2d3b7f36c7c5af49339142cd18c3,prepared_call_s,0.028850681032054126,0.00016420695465058088,5,numpy_f32_p1
final,stress_n12_l2,cell-568ee3b75425a3697deb8eabdea926a74d6c2d3b7f36c7c5af49339142cd18c3,job_to_state_s,0.13913012301782146,0.0003960269968956709,5,numpy_f32_p1
final,stress_n12_l2,cell-568ee3b75425a3697deb8eabdea926a74d6c2d3b7f36c7c5af49339142cd18c3,job_to_state_cached_path_s,0.13913089298876002,0.00039642397314310074,5,numpy_f32_p1
final,qrng_n26,cell-35d9f3a23ea987aac4c9f10d6275de3983eeede5e0a84e89246b2d63a628738b,prepared_call_s,6.730769614048768,0.0033178830635733902,5,quest32_p8
final,qrng_n26,cell-35d9f3a23ea987aac4c9f10d6275de3983eeede5e0a84e89246b2d63a628738b,job_to_state_s,6.730804159014951,0.003314536064863205,5,quest32_p8
final,qrng_n26,cell-35d9f3a23ea987aac4c9f10d6275de3983eeede5e0a84e89246b2d63a628738b,job_to_state_cached_path_s,6.730804159014951,0.003314536064863205,5,quest32_p8
final,qrng_n26,cell-35d9f3a23ea987aac4c9f10d6275de3983eeede5e0a84e89246b2d63a628738b,kernel_s,6.010135970020201,0.0010886500240303576,5,quest32_p8
final,qrng_n20,cell-bceec5569cceaf32dac11a573be22949ef374a50e64dd84171fec068cd34724f,prepared_call_s,1.2099300320260227,0.01628803595667705,5,upmem_f32
final,qrng_n20,cell-bceec5569cceaf32dac11a573be22949ef374a50e64dd84171fec068cd34724f,job_to_state_s,1.251823283964768,0.016885948018170893,5,upmem_f32
final,qrng_n20,cell-bceec5569cceaf32dac11a573be22949ef374a50e64dd84171fec068cd34724f,job_to_state_cached_path_s,1.2518235209863633,0.016886113968212157,5,upmem_f32
final,qrng_n20,cell-bceec5569cceaf32dac11a573be22949ef374a50e64dd84171fec068cd34724f,kernel_s,0.328501662,0.0001622400000000357,5,upmem_f32
final,hs_n12,cell-1a2ef5142affa6cfabf138baf0e468649d9510e07ca59db7d7c45dc1fdf5d4fe,prepared_call_s,0.7655797930201516,0.007895846967585385,5,upmem_int8
final,hs_n12,cell-1a2ef5142affa6cfabf138baf0e468649d9510e07ca59db7d7c45dc1fdf5d4fe,job_to_state_s,1.1840995810343884,0.00508857099339366,5,upmem_int8
final,hs_n12,cell-1a2ef5142affa6cfabf138baf0e468649d9510e07ca59db7d7c45dc1fdf5d4fe,job_to_state_cached_path_s,1.1840999760315754,0.0050884809461422265,5,upmem_int8
final,hs_n12,cell-1a2ef5142affa6cfabf138baf0e468649d9510e07ca59db7d7c45dc1fdf5d4fe,kernel_s,0.006605659999999999,2.008999999999865e-05,5,upmem_int8
final,xor_n20,cell-12fe5d9325880e64ebf2319d657726f1d374072a3dcc455b8a75bc796766afd9,prepared_call_s,0.12636685301549733,0.00010925001697614789,5,quest32_p8
final,xor_n20,cell-12fe5d9325880e64ebf2319d657726f1d374072a3dcc455b8a75bc796766afd9,job_to_state_s,0.1264072730555199,0.00010883103823289275,5,quest32_p8
final,xor_n20,cell-12fe5d9325880e64ebf2319d657726f1d374072a3dcc455b8a75bc796766afd9,job_to_state_cached_path_s,0.1264072730555199,0.00010883103823289275,5,quest32_p8
final,xor_n20,cell-12fe5d9325880e64ebf2319d657726f1d374072a3dcc455b8a75bc796766afd9,kernel_s,0.11538410099456087,7.606501458212733e-05,5,quest32_p8
final,edc_n17,cell-abcc7e99946e6420f37f9a6e1442075db20b175101248a5b4e939f7b80673052,prepared_call_s,0.009780517022591084,2.7044967282563448e-05,5,quest32_p1
final,edc_n17,cell-abcc7e99946e6420f37f9a6e1442075db20b175101248a5b4e939f7b80673052,job_to_state_s,0.009816650999709964,2.7298054192215204e-05,5,quest32_p1
final,edc_n17,cell-abcc7e99946e6420f37f9a6e1442075db20b175101248a5b4e939f7b80673052,job_to_state_cached_path_s,0.009816650999709964,2.7298054192215204e-05,5,quest32_p1
final,edc_n17,cell-abcc7e99946e6420f37f9a6e1442075db20b175101248a5b4e939f7b80673052,kernel_s,0.0080407650093548,2.5540008209645748e-05,5,quest32_p1
final,qrng_n08,cell-ed1e7e70456a27dc178ac18381008894c196b327426be45d203d3b7ee6e527ae,prepared_call_s,0.14482877001864836,0.010522727039642632,5,upmem_int8
final,qrng_n08,cell-ed1e7e70456a27dc178ac18381008894c196b327426be45d203d3b7ee6e527ae,job_to_state_s,0.15647628100123256,0.0106944510480389,5,upmem_int8
final,qrng_n08,cell-ed1e7e70456a27dc178ac18381008894c196b327426be45d203d3b7ee6e527ae,job_to_state_cached_path_s,0.15647670696489513,0.01069464097963646,5,upmem_int8
final,qrng_n08,cell-ed1e7e70456a27dc178ac18381008894c196b327426be45d203d3b7ee6e527ae,kernel_s,0.001779496,1.148299999999985e-05,5,upmem_int8
final,edc_n19,cell-890f70f27fea01f020b748f7e6bcdd5503f65326fde1b4db05a20f08b6bb85cf,prepared_call_s,1.0353394650155678,0.0055097140138968825,5,upmem_f32
final,edc_n19,cell-890f70f27fea01f020b748f7e6bcdd5503f65326fde1b4db05a20f08b6bb85cf,job_to_state_s,1.1039432379766367,0.004403750062920153,5,upmem_f32
final,edc_n19,cell-890f70f27fea01f020b748f7e6bcdd5503f65326fde1b4db05a20f08b6bb85cf,job_to_state_cached_path_s,1.1039436299470253,0.004403678060043603,5,upmem_f32
final,edc_n19,cell-890f70f27fea01f020b748f7e6bcdd5503f65326fde1b4db05a20f08b6bb85cf,kernel_s,0.319244887,1.4442000000003397e-05,5,upmem_f32
final,xor_n12,cell-21228dcc1a1b4cc44256ae91f2f00e636abbb855b9f216ebf705651bb8ff1b49,prepared_call_s,0.24243371502961963,0.0032815709710121155,5,upmem_f32
final,xor_n12,cell-21228dcc1a1b4cc44256ae91f2f00e636abbb855b9f216ebf705651bb8ff1b49,job_to_state_s,0.27880605502286926,0.0027006460004486144,5,upmem_f32
final,xor_n12,cell-21228dcc1a1b4cc44256ae91f2f00e636abbb855b9f216ebf705651bb8ff1b49,job_to_state_cached_path_s,0.278806441987399,0.0027005060110241175,5,upmem_f32
final,xor_n12,cell-21228dcc1a1b4cc44256ae91f2f00e636abbb855b9f216ebf705651bb8ff1b49,kernel_s,0.011776663,2.601799999999918e-05,5,upmem_f32
final,bb84_n24,cell-a7148b350289cf7e8be16d70af3a4c8fa4c90d042690ea41de6d551c7b679cfb,prepared_call_s,2.0969016019953415,0.008121337974444032,5,numpy_f32_p1
final,bb84_n24,cell-a7148b350289cf7e8be16d70af3a4c8fa4c90d042690ea41de6d551c7b679cfb,job_to_state_s,2.806108400982339,0.008634757017716765,5,numpy_f32_p1
final,bb84_n24,cell-a7148b350289cf7e8be16d70af3a4c8fa4c90d042690ea41de6d551c7b679cfb,job_to_state_cached_path_s,2.806110246980097,0.008634304977022111,5,numpy_f32_p1
final,edc_n23,cell-a883e82d8aebb104e670c024d27f746c0ef3647b2fd1c2f6b3746f530f2b0feb,prepared_call_s,1.6787972199963406,0.0020342390052974224,5,numpy_f32_p1
final,edc_n23,cell-a883e82d8aebb104e670c024d27f746c0ef3647b2fd1c2f6b3746f530f2b0feb,job_to_state_s,2.067478192038834,0.0040720749530009925,5,numpy_f32_p1
final,edc_n23,cell-a883e82d8aebb104e670c024d27f746c0ef3647b2fd1c2f6b3746f530f2b0feb,job_to_state_cached_path_s,2.0674787830212153,0.004072318959515542,5,numpy_f32_p1
final,xor_n18,cell-50450a143f6ab4b12eb93d4606e98c03db5a9a4289cc1bcab5ae776e6c7d76a5,prepared_call_s,0.5276838809950277,0.019012328004464507,5,upmem_f32
final,xor_n18,cell-50450a143f6ab4b12eb93d4606e98c03db5a9a4289cc1bcab5ae776e6c7d76a5,job_to_state_s,0.6011412030202337,0.0190732849878259,5,upmem_f32
final,xor_n18,cell-50450a143f6ab4b12eb93d4606e98c03db5a9a4289cc1bcab5ae776e6c7d76a5,job_to_state_cached_path_s,0.6011415820103139,0.01907340402249247,5,upmem_f32
final,xor_n18,cell-50450a143f6ab4b12eb93d4606e98c03db5a9a4289cc1bcab5ae776e6c7d76a5,kernel_s,0.053239921,3.7319000000000935e-05,5,upmem_f32
final,edc_n23,cell-8210644508f3ea72bef5dfad65a5f6ac019fca3eaf498ac4962fc3e993f1dd62,prepared_call_s,7.837614152987953,0.024512515985406935,5,upmem_int8
final,edc_n23,cell-8210644508f3ea72bef5dfad65a5f6ac019fca3eaf498ac4962fc3e993f1dd62,job_to_state_s,7.934981457015965,0.02380249003181234,5,upmem_int8
final,edc_n23,cell-8210644508f3ea72bef5dfad65a5f6ac019fca3eaf498ac4962fc3e993f1dd62,job_to_state_cached_path_s,7.934981853002682,0.0238023090059869,5,upmem_int8
final,edc_n23,cell-8210644508f3ea72bef5dfad65a5f6ac019fca3eaf498ac4962fc3e993f1dd62,kernel_s,0.770258358,0.00022871800000001663,5,upmem_int8
final,edc_n17,cell-3cc4db95267d28070522869e6640ef2ff38dabf46c66c45b555c5040f70b30c7,prepared_call_s,0.6577004620339721,0.0037752000498585403,5,upmem_f32
final,edc_n17,cell-3cc4db95267d28070522869e6640ef2ff38dabf46c66c45b555c5040f70b30c7,job_to_state_s,0.801478948967997,0.00401866395259276,5,upmem_f32
final,edc_n17,cell-3cc4db95267d28070522869e6640ef2ff38dabf46c66c45b555c5040f70b30c7,job_to_state_cached_path_s,0.8014793869806454,0.004018700972665101,5,upmem_f32
final,edc_n17,cell-3cc4db95267d28070522869e6640ef2ff38dabf46c66c45b555c5040f70b30c7,kernel_s,0.102495952,1.9770000000002286e-05,5,upmem_f32
final,qrng_n24,cell-01cb5572d2b4857d119e99ab38b30ab9d461ff9cca50af1130bfa24fc51228df,prepared_call_s,15.42518287699204,0.11608648800756782,5,upmem_int8
final,qrng_n24,cell-01cb5572d2b4857d119e99ab38b30ab9d461ff9cca50af1130bfa24fc51228df,job_to_state_s,15.488936298002955,0.11659510602476075,5,upmem_int8
final,qrng_n24,cell-01cb5572d2b4857d119e99ab38b30ab9d461ff9cca50af1130bfa24fc51228df,job_to_state_cached_path_s,15.488936720008496,0.11659506004070863,5,upmem_int8
final,qrng_n24,cell-01cb5572d2b4857d119e99ab38b30ab9d461ff9cca50af1130bfa24fc51228df,kernel_s,0.9884387219999999,0.000630722000000028,5,upmem_int8
final,hs_n08,cell-5862241a977a0ec8734575c0b0109292037f0f92364efa0cbbf0d9f3fa062842,prepared_call_s,0.006901274959091097,5.7640718296170235e-06,5,quest32_p8
final,hs_n08,cell-5862241a977a0ec8734575c0b0109292037f0f92364efa0cbbf0d9f3fa062842,job_to_state_s,0.006952680007088929,4.717032425105572e-06,5,quest32_p8
final,hs_n08,cell-5862241a977a0ec8734575c0b0109292037f0f92364efa0cbbf0d9f3fa062842,job_to_state_cached_path_s,0.006952680007088929,4.717032425105572e-06,5,quest32_p8
final,hs_n08,cell-5862241a977a0ec8734575c0b0109292037f0f92364efa0cbbf0d9f3fa062842,kernel_s,0.00642567896284163,4.2719766497612e-06,5,quest32_p8
final,qrng_n16,cell-c14597601e2e13435ab62c91e33d21dcb3b542a9a88f98341760fd50a38f06ea,prepared_call_s,0.004522099043242633,2.2129970602691174e-06,5,quest32_p1
final,qrng_n16,cell-c14597601e2e13435ab62c91e33d21dcb3b542a9a88f98341760fd50a38f06ea,job_to_state_s,0.00455116800731048,2.3549655452370644e-06,5,quest32_p1
final,qrng_n16,cell-c14597601e2e13435ab62c91e33d21dcb3b542a9a88f98341760fd50a38f06ea,job_to_state_cached_path_s,0.00455116800731048,2.3549655452370644e-06,5,quest32_p1
final,qrng_n16,cell-c14597601e2e13435ab62c91e33d21dcb3b542a9a88f98341760fd50a38f06ea,kernel_s,0.003656183951534331,3.3169053494930267e-06,5,quest32_p1
final,stress_n12_l2,cell-15db421f6e892c1d1823cff282d48ac5e804f59c1d7cb5171b60213b7958eb3a,prepared_call_s,0.010858316964004189,1.5051045920699835e-05,5,quest32_p8
final,stress_n12_l2,cell-15db421f6e892c1d1823cff282d48ac5e804f59c1d7cb5171b60213b7958eb3a,job_to_state_s,0.010924726957455277,1.982605317607522e-05,5,quest32_p8
final,stress_n12_l2,cell-15db421f6e892c1d1823cff282d48ac5e804f59c1d7cb5171b60213b7958eb3a,job_to_state_cached_path_s,0.010924726957455277,1.982605317607522e-05,5,quest32_p8
final,stress_n12_l2,cell-15db421f6e892c1d1823cff282d48ac5e804f59c1d7cb5171b60213b7958eb3a,kernel_s,0.010337628016714007,1.9205035641789436e-05,5,quest32_p8
final,bv_n08,cell-4a4b4af67d15e23f924d70da45752e680b60f0728c08d32a7f1f1d036ebe67ad,prepared_call_s,0.18633871601196006,0.006347713002469391,5,upmem_int8
final,bv_n08,cell-4a4b4af67d15e23f924d70da45752e680b60f0728c08d32a7f1f1d036ebe67ad,job_to_state_s,0.21566386602353305,0.006056304962839931,5,upmem_int8
final,bv_n08,cell-4a4b4af67d15e23f924d70da45752e680b60f0728c08d32a7f1f1d036ebe67ad,job_to_state_cached_path_s,0.21566426299978048,0.006056172016542405,5,upmem_int8
final,bv_n08,cell-4a4b4af67d15e23f924d70da45752e680b60f0728c08d32a7f1f1d036ebe67ad,kernel_s,0.002478943,2.2320000000000152e-05,5,upmem_int8
final,edc_n17,cell-43a8f9a16be776f953f203d99e2f168317f26f1bd81ccebe23c1da4fe8374278,prepared_call_s,0.5391609800281003,0.007894597947597504,5,upmem_int8
final,edc_n17,cell-43a8f9a16be776f953f203d99e2f168317f26f1bd81ccebe23c1da4fe8374278,job_to_state_s,0.6834781899815425,0.009943719021975994,5,upmem_int8
final,edc_n17,cell-43a8f9a16be776f953f203d99e2f168317f26f1bd81ccebe23c1da4fe8374278,job_to_state_cached_path_s,0.6834785509854555,0.009944078978151083,5,upmem_int8
final,edc_n17,cell-43a8f9a16be776f953f203d99e2f168317f26f1bd81ccebe23c1da4fe8374278,kernel_s,0.024558761,0.00013200000000000364,5,upmem_int8
final,edc_n17,cell-c34f92a8391f310e950ee8dffaf68e95f949a71148eadfdcc778bfb6a9882f35,prepared_call_s,0.09729526698356494,1.5438999980688095e-05,5,numpy_f32_p1
final,edc_n17,cell-c34f92a8391f310e950ee8dffaf68e95f949a71148eadfdcc778bfb6a9882f35,job_to_state_s,0.1462945090024732,0.00015591102419421077,5,numpy_f32_p1
final,edc_n17,cell-c34f92a8391f310e950ee8dffaf68e95f949a71148eadfdcc778bfb6a9882f35,job_to_state_cached_path_s,0.14629494899418205,0.0001561039825901389,5,numpy_f32_p1
final,edc_n11,cell-f0c0c451d209aa08ea7411e2bc49890996744d7083e586985b8e0f329ba81976,prepared_call_s,0.2571661129477434,0.003988397016655654,5,upmem_int8
final,edc_n11,cell-f0c0c451d209aa08ea7411e2bc49890996744d7083e586985b8e0f329ba81976,job_to_state_s,0.298239781986922,0.004454648995306343,5,upmem_int8
final,edc_n11,cell-f0c0c451d209aa08ea7411e2bc49890996744d7083e586985b8e0f329ba81976,job_to_state_cached_path_s,0.2982403830392286,0.0044546149438247085,5,upmem_int8
final,edc_n11,cell-f0c0c451d209aa08ea7411e2bc49890996744d7083e586985b8e0f329ba81976,kernel_s,0.006771171999999999,2.8994000000001803e-05,5,upmem_int8
final,bv_n08,cell-dee5e3c5aeda3cc92f23a27c92b3da0a29478c5138486fc127a52353e548f00f,prepared_call_s,0.002800650952849537,7.238937541842461e-06,5,quest32_p8
final,bv_n08,cell-dee5e3c5aeda3cc92f23a27c92b3da0a29478c5138486fc127a52353e548f00f,job_to_state_s,0.002833487989846617,7.996975909918547e-06,5,quest32_p8
final,bv_n08,cell-dee5e3c5aeda3cc92f23a27c92b3da0a29478c5138486fc127a52353e548f00f,job_to_state_cached_path_s,0.002833487989846617,7.996975909918547e-06,5,quest32_p8
final,bv_n08,cell-dee5e3c5aeda3cc92f23a27c92b3da0a29478c5138486fc127a52353e548f00f,kernel_s,0.0023309089592657983,4.037981852889061e-06,5,quest32_p8
final,bv_n20,cell-c289c2f1a68955d4af50c7e2f6e7084bbdebe4d68f67b1ad43a35583fc9d14c8,prepared_call_s,1.0524216470075771,0.0020489299786277115,5,upmem_f32
final,bv_n20,cell-c289c2f1a68955d4af50c7e2f6e7084bbdebe4d68f67b1ad43a35583fc9d14c8,job_to_state_s,1.1601481420220807,0.002156762988306582,5,upmem_f32
final,bv_n20,cell-c289c2f1a68955d4af50c7e2f6e7084bbdebe4d68f67b1ad43a35583fc9d14c8,job_to_state_cached_path_s,1.1601484630373307,0.0021568439551629126,5,upmem_f32
final,bv_n20,cell-c289c2f1a68955d4af50c7e2f6e7084bbdebe4d68f67b1ad43a35583fc9d14c8,kernel_s,0.112094742,0.00017562099999998693,5,upmem_f32
final,hs_n08,cell-15760e8389a7865668a55da3411bc1434607fab0e9a4b68b61681938d88c7748,prepared_call_s,0.016577489965129644,0.00013261398999020457,5,numpy_f32_p1
final,hs_n08,cell-15760e8389a7865668a55da3411bc1434607fab0e9a4b68b61681938d88c7748,job_to_state_s,0.08074144698912278,0.0002650929964147508,5,numpy_f32_p1
final,hs_n08,cell-15760e8389a7865668a55da3411bc1434607fab0e9a4b68b61681938d88c7748,job_to_state_cached_path_s,0.0807419249904342,0.0002651239628903568,5,numpy_f32_p1
final,edc_n23,cell-c8bf555de0dff3b4653a940d8b5098c045f677a60123ce9d9400675542648482,prepared_call_s,0.7809947960195132,0.001848239975515753,5,quest32_p8
final,edc_n23,cell-c8bf555de0dff3b4653a940d8b5098c045f677a60123ce9d9400675542648482,job_to_state_s,0.7810350820072927,0.0018488370114937425,5,quest32_p8
final,edc_n23,cell-c8bf555de0dff3b4653a940d8b5098c045f677a60123ce9d9400675542648482,job_to_state_cached_path_s,0.7810350820072927,0.0018488370114937425,5,quest32_p8
final,edc_n23,cell-c8bf555de0dff3b4653a940d8b5098c045f677a60123ce9d9400675542648482,kernel_s,0.6996423689997755,0.001981723995413631,5,quest32_p8
final,hs_n16,cell-8ac12517fc39944e6e18b8b40e1af3fd77609b6b069b267fa4661fce41caf2e4,prepared_call_s,1.1712464980082586,0.0024472029763273895,5,upmem_f32
final,hs_n16,cell-8ac12517fc39944e6e18b8b40e1af3fd77609b6b069b267fa4661fce41caf2e4,job_to_state_s,1.8335875649936497,0.00503399403532967,5,upmem_f32
final,hs_n16,cell-8ac12517fc39944e6e18b8b40e1af3fd77609b6b069b267fa4661fce41caf2e4,job_to_state_cached_path_s,1.833587997010909,0.005033842986449599,5,upmem_f32
final,hs_n16,cell-8ac12517fc39944e6e18b8b40e1af3fd77609b6b069b267fa4661fce41caf2e4,kernel_s,0.064375203,0.00010628199999999921,5,upmem_f32
final,hs_n20,cell-2dc9af293fa3fdff862d6f2947c2a11857ce3a7a48891eb4f9a031054751a72a,prepared_call_s,0.10933450004085898,0.00027336395578458905,5,numpy_f32_p1
final,hs_n20,cell-2dc9af293fa3fdff862d6f2947c2a11857ce3a7a48891eb4f9a031054751a72a,job_to_state_s,0.5057279809843749,0.0053545720293186605,5,numpy_f32_p1
final,hs_n20,cell-2dc9af293fa3fdff862d6f2947c2a11857ce3a7a48891eb4f9a031054751a72a,job_to_state_cached_path_s,0.5057290279655717,0.005354121036361903,5,numpy_f32_p1
final,stress_n18_l2,cell-bdd9f545576438e1d616809afbb2801ba85c25ddd4f8adfea7a36402aca0e974,prepared_call_s,0.1124039400019683,3.02279950119555e-05,5,quest32_p8
final,stress_n18_l2,cell-bdd9f545576438e1d616809afbb2801ba85c25ddd4f8adfea7a36402aca0e974,job_to_state_s,0.11248957697534934,3.024493344128132e-05,5,quest32_p8
final,stress_n18_l2,cell-bdd9f545576438e1d616809afbb2801ba85c25ddd4f8adfea7a36402aca0e974,job_to_state_cached_path_s,0.11248957697534934,3.024493344128132e-05,5,quest32_p8
final,stress_n18_l2,cell-bdd9f545576438e1d616809afbb2801ba85c25ddd4f8adfea7a36402aca0e974,kernel_s,0.10871787497308105,6.325100548565388e-05,5,quest32_p8
final,bb84_n20,cell-361be3b764cf1a0f8e64c46a4a4079c395707e1eba2ac61fe65fb7b80efde11f,prepared_call_s,0.08475139900110662,0.0001694480306468904,5,quest32_p8
final,bb84_n20,cell-361be3b764cf1a0f8e64c46a4a4079c395707e1eba2ac61fe65fb7b80efde11f,job_to_state_s,0.08478398702573031,0.0001702739973552525,5,quest32_p8
final,bb84_n20,cell-361be3b764cf1a0f8e64c46a4a4079c395707e1eba2ac61fe65fb7b80efde11f,job_to_state_cached_path_s,0.08478398702573031,0.0001702739973552525,5,quest32_p8
final,bb84_n20,cell-361be3b764cf1a0f8e64c46a4a4079c395707e1eba2ac61fe65fb7b80efde11f,kernel_s,0.07370905700372532,7.870601257309318e-05,5,quest32_p8
final,bv_n08,cell-13a780cf12876a80987fc5858d06ff9f8d12fbbb2cd399add7900f357730cdf1,prepared_call_s,0.007325060025323182,7.58539536036551e-05,5,numpy_f32_p1
final,bv_n08,cell-13a780cf12876a80987fc5858d06ff9f8d12fbbb2cd399add7900f357730cdf1,job_to_state_s,0.016844486992340535,4.176900256425142e-05,5,numpy_f32_p1
final,bv_n08,cell-13a780cf12876a80987fc5858d06ff9f8d12fbbb2cd399add7900f357730cdf1,job_to_state_cached_path_s,0.016844788973685354,4.1778956074267626e-05,5,numpy_f32_p1
final,bb84_n22,cell-156052214c38049be886ee56d05a5be560862ea0730176731b0c094fc339c1dd,prepared_call_s,4.062894348055124,0.04838931804988533,5,upmem_f32
final,bb84_n22,cell-156052214c38049be886ee56d05a5be560862ea0730176731b0c094fc339c1dd,job_to_state_s,4.1242416290333495,0.06061712605878711,5,upmem_f32
final,bb84_n22,cell-156052214c38049be886ee56d05a5be560862ea0730176731b0c094fc339c1dd,job_to_state_cached_path_s,4.124242299003527,0.060617275012191385,5,upmem_f32
final,bb84_n22,cell-156052214c38049be886ee56d05a5be560862ea0730176731b0c094fc339c1dd,kernel_s,0.850920131,0.00028431500000003496,5,upmem_f32
final,xor_n16,cell-38c962979b6ee2fa9a12ad93009089cef9d8429bac4a72c3543a70e8921803c8,prepared_call_s,0.010105409019161016,6.8730441853404045e-06,5,quest32_p8
final,xor_n16,cell-38c962979b6ee2fa9a12ad93009089cef9d8429bac4a72c3543a70e8921803c8,job_to_state_s,0.010142070997972041,8.0430181697011e-06,5,quest32_p8
final,xor_n16,cell-38c962979b6ee2fa9a12ad93009089cef9d8429bac4a72c3543a70e8921803c8,job_to_state_cached_path_s,0.010142070997972041,8.0430181697011e-06,5,quest32_p8
final,xor_n16,cell-38c962979b6ee2fa9a12ad93009089cef9d8429bac4a72c3543a70e8921803c8,kernel_s,0.00890402402728796,8.097034879028797e-06,5,quest32_p8
final,xor_n16,cell-f6bd8399be633955fc49dc42d004c858a347e5b56184f72b6bf22f1c097124bb,prepared_call_s,0.006559505010955036,3.5500270314514637e-06,5,quest32_p1
final,xor_n16,cell-f6bd8399be633955fc49dc42d004c858a347e5b56184f72b6bf22f1c097124bb,job_to_state_s,0.006596341030672193,3.2199895940721035e-06,5,quest32_p1
final,xor_n16,cell-f6bd8399be633955fc49dc42d004c858a347e5b56184f72b6bf22f1c097124bb,job_to_state_cached_path_s,0.006596341030672193,3.2199895940721035e-06,5,quest32_p1
final,xor_n16,cell-f6bd8399be633955fc49dc42d004c858a347e5b56184f72b6bf22f1c097124bb,kernel_s,0.005691829021088779,6.810994818806648e-06,5,quest32_p1
final,bv_n16,cell-87320447d523094c336435dc65d55fbc0ecc8aeaac8360f28382473228a0a8ba,prepared_call_s,0.009369457955472171,8.33394005894661e-06,5,quest32_p1
final,bv_n16,cell-87320447d523094c336435dc65d55fbc0ecc8aeaac8360f28382473228a0a8ba,job_to_state_s,0.009410727943759412,8.373928721994162e-06,5,quest32_p1
final,bv_n16,cell-87320447d523094c336435dc65d55fbc0ecc8aeaac8360f28382473228a0a8ba,job_to_state_cached_path_s,0.009410727943759412,8.373928721994162e-06,5,quest32_p1
final,bv_n16,cell-87320447d523094c336435dc65d55fbc0ecc8aeaac8360f28382473228a0a8ba,kernel_s,0.00848749402211979,4.7040521167218685e-06,5,quest32_p1
final,edc_n17,cell-5e8b7400caebe9d793fde05a4a2d663513499073b5f7558abd5f230c4c73c74d,prepared_call_s,0.012916561041492969,1.2710981536656618e-05,5,quest32_p8
final,edc_n17,cell-5e8b7400caebe9d793fde05a4a2d663513499073b5f7558abd5f230c4c73c74d,job_to_state_s,0.012951966025866568,1.2470991350710392e-05,5,quest32_p8
final,edc_n17,cell-5e8b7400caebe9d793fde05a4a2d663513499073b5f7558abd5f230c4c73c74d,job_to_state_cached_path_s,0.012951966025866568,1.2470991350710392e-05,5,quest32_p8
final,edc_n17,cell-5e8b7400caebe9d793fde05a4a2d663513499073b5f7558abd5f230c4c73c74d,kernel_s,0.010852680017706007,9.27201472222805e-06,5,quest32_p8
final,bb84_n24,cell-93d1e6493db6a14fe9986a848af96b1eb2a2a82f1b71a7dee89dbdcd205d2ce9,prepared_call_s,15.347440200974233,0.7216506709810346,5,upmem_f32
final,bb84_n24,cell-93d1e6493db6a14fe9986a848af96b1eb2a2a82f1b71a7dee89dbdcd205d2ce9,job_to_state_s,15.414591966022272,0.7211395199410617,5,upmem_f32
final,bb84_n24,cell-93d1e6493db6a14fe9986a848af96b1eb2a2a82f1b71a7dee89dbdcd205d2ce9,job_to_state_cached_path_s,15.41459235799266,0.7211394609767012,5,upmem_f32
final,bb84_n24,cell-93d1e6493db6a14fe9986a848af96b1eb2a2a82f1b71a7dee89dbdcd205d2ce9,kernel_s,3.396244161,0.001293632000000322,5,upmem_f32
final,qrng_n16,cell-1aa0ab49dfca8d6c5ffa07b45d087a6a224222ba71a593a2c05cf5dabf4f39ff,prepared_call_s,0.3237491720356047,0.006623813940677792,5,upmem_f32
final,qrng_n16,cell-1aa0ab49dfca8d6c5ffa07b45d087a6a224222ba71a593a2c05cf5dabf4f39ff,job_to_state_s,0.35433352104155347,0.005300628952682018,5,upmem_f32
final,qrng_n16,cell-1aa0ab49dfca8d6c5ffa07b45d087a6a224222ba71a593a2c05cf5dabf4f39ff,job_to_state_cached_path_s,0.35433405404910445,0.0053004209767095745,5,upmem_f32
final,qrng_n16,cell-1aa0ab49dfca8d6c5ffa07b45d087a6a224222ba71a593a2c05cf5dabf4f39ff,kernel_s,0.082891645,3.68590000000002e-05,5,upmem_f32
final,hs_n08,cell-ce9d7a6bc80b4001bb9044a2353141ef5c0f27f29510136d0c700b43c7479e8e,prepared_call_s,0.4443213399499655,0.00447833799989894,5,upmem_int8
final,hs_n08,cell-ce9d7a6bc80b4001bb9044a2353141ef5c0f27f29510136d0c700b43c7479e8e,job_to_state_s,0.6375808509765193,0.005031719047110528,5,upmem_int8
final,hs_n08,cell-ce9d7a6bc80b4001bb9044a2353141ef5c0f27f29510136d0c700b43c7479e8e,job_to_state_cached_path_s,0.6375811719917692,0.005031776032410562,5,upmem_int8
final,hs_n08,cell-ce9d7a6bc80b4001bb9044a2353141ef5c0f27f29510136d0c700b43c7479e8e,kernel_s,0.003265712,4.899199999999944e-05,5,upmem_int8
final,xor_n24,cell-5bd79f2dfc4ea43048dc4afaf74e08d5fbfc4c319e765ee0fb419a2ca2335aa8,prepared_call_s,1.613488146045711,0.00040449894731864333,5,numpy_f32_p1
final,xor_n24,cell-5bd79f2dfc4ea43048dc4afaf74e08d5fbfc4c319e765ee0fb419a2ca2335aa8,job_to_state_s,2.3439994099899195,0.0037838270072825253,5,numpy_f32_p1
final,xor_n24,cell-5bd79f2dfc4ea43048dc4afaf74e08d5fbfc4c319e765ee0fb419a2ca2335aa8,job_to_state_cached_path_s,2.344000804994721,0.0037840320146642625,5,numpy_f32_p1
final,xor_n24,cell-a031a984ded0860dfbb341ed160c103ce5ec6f6fff0e6086ca28ffd0970316fe,prepared_call_s,2.343209397047758,0.0009842700674198568,5,quest32_p1
final,xor_n24,cell-a031a984ded0860dfbb341ed160c103ce5ec6f6fff0e6086ca28ffd0970316fe,job_to_state_s,2.3432547820266336,0.0009837750112637877,5,quest32_p1
final,xor_n24,cell-a031a984ded0860dfbb341ed160c103ce5ec6f6fff0e6086ca28ffd0970316fe,job_to_state_cached_path_s,2.3432547820266336,0.0009837750112637877,5,quest32_p1
final,xor_n24,cell-a031a984ded0860dfbb341ed160c103ce5ec6f6fff0e6086ca28ffd0970316fe,kernel_s,2.1827605399885215,0.0009287470020353794,5,quest32_p1
final,edc_n07,cell-cf85620526e97337d92e2f88fe36705e38e52e89b6a3c2d24717eeb46e3cb3a3,prepared_call_s,0.1770061569986865,0.010417177982162684,5,upmem_int8
final,edc_n07,cell-cf85620526e97337d92e2f88fe36705e38e52e89b6a3c2d24717eeb46e3cb3a3,job_to_state_s,0.19642581196967512,0.0104853649972938,5,upmem_int8
final,edc_n07,cell-cf85620526e97337d92e2f88fe36705e38e52e89b6a3c2d24717eeb46e3cb3a3,job_to_state_cached_path_s,0.19642661098623648,0.010485770006198436,5,upmem_int8
final,edc_n07,cell-cf85620526e97337d92e2f88fe36705e38e52e89b6a3c2d24717eeb46e3cb3a3,kernel_s,0.00225602,2.5574999999999903e-05,5,upmem_int8
final,hs_n24,cell-e365d56b6b321c910836a8de5470daf9c7f037ba4cf1d7c04a941fbe94ac6a5f,prepared_call_s,17.43686906900257,0.3961254569585435,5,upmem_f32
final,hs_n24,cell-e365d56b6b321c910836a8de5470daf9c7f037ba4cf1d7c04a941fbe94ac6a5f,job_to_state_s,19.043983689974993,0.418441784044262,5,upmem_f32
final,hs_n24,cell-e365d56b6b321c910836a8de5470daf9c7f037ba4cf1d7c04a941fbe94ac6a5f,job_to_state_cached_path_s,19.043984159012325,0.4184417399810627,5,upmem_f32
final,hs_n24,cell-e365d56b6b321c910836a8de5470daf9c7f037ba4cf1d7c04a941fbe94ac6a5f,kernel_s,3.398018424,0.00036210800000002763,5,upmem_f32
final,bv_n24,cell-9396c95838636c9ae24f2fc9f6d7f51b4ab9708096c26f74b01312bc0f37e166,prepared_call_s,2.204101787006948,0.0031970730051398277,5,numpy_f32_p1
final,bv_n24,cell-9396c95838636c9ae24f2fc9f6d7f51b4ab9708096c26f74b01312bc0f37e166,job_to_state_s,2.950530964008067,0.012298879970330745,5,numpy_f32_p1
final,bv_n24,cell-9396c95838636c9ae24f2fc9f6d7f51b4ab9708096c26f74b01312bc0f37e166,job_to_state_cached_path_s,2.950531757029239,0.012298432004172355,5,numpy_f32_p1
final,hs_n12,cell-93cd44a4a13a53e3b593b685bb2dccaf756d46d72ba1e91652f960529418db14,prepared_call_s,0.011188094969838858,1.6867066733539104e-05,5,quest32_p8
final,hs_n12,cell-93cd44a4a13a53e3b593b685bb2dccaf756d46d72ba1e91652f960529418db14,job_to_state_s,0.011254414974246174,1.458008773624897e-05,5,quest32_p8
final,hs_n12,cell-93cd44a4a13a53e3b593b685bb2dccaf756d46d72ba1e91652f960529418db14,job_to_state_cached_path_s,0.011254414974246174,1.458008773624897e-05,5,quest32_p8
final,hs_n12,cell-93cd44a4a13a53e3b593b685bb2dccaf756d46d72ba1e91652f960529418db14,kernel_s,0.010658328013960272,1.331098610535264e-05,5,quest32_p8
final,edc_n21,cell-67ade521c309f20478e9f094c30f41f6b8ee733eae3bf70d832a2cc6efb791e8,prepared_call_s,0.17668085097102448,0.0003064170596189797,5,quest32_p1
final,edc_n21,cell-67ade521c309f20478e9f094c30f41f6b8ee733eae3bf70d832a2cc6efb791e8,job_to_state_s,0.17671927600167692,0.0003073540283367038,5,quest32_p1
final,edc_n21,cell-67ade521c309f20478e9f094c30f41f6b8ee733eae3bf70d832a2cc6efb791e8,job_to_state_cached_path_s,0.17671927600167692,0.0003073540283367038,5,quest32_p1
final,edc_n21,cell-67ade521c309f20478e9f094c30f41f6b8ee733eae3bf70d832a2cc6efb791e8,kernel_s,0.15605503600090742,0.0003999649779871106,5,quest32_p1
final,qrng_n18,cell-39c9d41d4178a505b9ef507e8d8cbb47382b9dab9463a16436a278d2b947c84e,prepared_call_s,0.019443440018221736,1.364201307296753e-05,5,quest32_p1
final,qrng_n18,cell-39c9d41d4178a505b9ef507e8d8cbb47382b9dab9463a16436a278d2b947c84e,job_to_state_s,0.019474773027468473,1.4021992683410645e-05,5,quest32_p1
final,qrng_n18,cell-39c9d41d4178a505b9ef507e8d8cbb47382b9dab9463a16436a278d2b947c84e,job_to_state_cached_path_s,0.019474773027468473,1.4021992683410645e-05,5,quest32_p1
final,qrng_n18,cell-39c9d41d4178a505b9ef507e8d8cbb47382b9dab9463a16436a278d2b947c84e,kernel_s,0.016131073993165046,1.6097037587314844e-05,5,quest32_p1
final,edc_n19,cell-ab9d22ce4f0ef96a0a8b4fde1d3762ebe72c9f304c482c7a73c2124aeb40664d,prepared_call_s,0.04021629999624565,2.346298424527049e-05,5,quest32_p1
final,edc_n19,cell-ab9d22ce4f0ef96a0a8b4fde1d3762ebe72c9f304c482c7a73c2124aeb40664d,job_to_state_s,0.040253489976748824,2.3090047761797905e-05,5,quest32_p1
final,edc_n19,cell-ab9d22ce4f0ef96a0a8b4fde1d3762ebe72c9f304c482c7a73c2124aeb40664d,job_to_state_cached_path_s,0.040253489976748824,2.3090047761797905e-05,5,quest32_p1
final,edc_n19,cell-ab9d22ce4f0ef96a0a8b4fde1d3762ebe72c9f304c482c7a73c2124aeb40664d,kernel_s,0.034458113950677216,2.974102972075343e-05,5,quest32_p1
final,edc_n15,cell-b2d0bdf94c36a9fe6fbe32c61d0e90c61a623089968f4bf390698a416bdf7b24,prepared_call_s,0.09331104502780363,0.000293509045150131,5,numpy_f32_p1
final,edc_n15,cell-b2d0bdf94c36a9fe6fbe32c61d0e90c61a623089968f4bf390698a416bdf7b24,job_to_state_s,0.10994334699353203,0.00017996999667957425,5,numpy_f32_p1
final,edc_n15,cell-b2d0bdf94c36a9fe6fbe32c61d0e90c61a623089968f4bf390698a416bdf7b24,job_to_state_cached_path_s,0.10994374001165852,0.00018009002087637782,5,numpy_f32_p1
final,xor_n24,cell-08664678489751a6e3563a19ea041c62e1aef8c0d809cda220318669de382212,prepared_call_s,13.754783868032973,0.07026314205722883,5,upmem_int8
final,xor_n24,cell-08664678489751a6e3563a19ea041c62e1aef8c0d809cda220318669de382212,job_to_state_s,13.866574362968095,0.07209135993616655,5,upmem_int8
final,xor_n24,cell-08664678489751a6e3563a19ea041c62e1aef8c0d809cda220318669de382212,job_to_state_cached_path_s,13.866574856976513,0.07209152093855664,5,upmem_int8
final,xor_n24,cell-08664678489751a6e3563a19ea041c62e1aef8c0d809cda220318669de382212,kernel_s,0.504590702,0.00039265200000004885,5,upmem_int8
final,hs_n16,cell-732b07619be6fd35eec1ef4da9d2bec11e5b6c97049e0d465487ec166fc11229,prepared_call_s,0.03733966697473079,7.01297540217638e-06,5,quest32_p8
final,hs_n16,cell-732b07619be6fd35eec1ef4da9d2bec11e5b6c97049e0d465487ec166fc11229,job_to_state_s,0.03742017695913091,3.7279678508639336e-06,5,quest32_p8
final,hs_n16,cell-732b07619be6fd35eec1ef4da9d2bec11e5b6c97049e0d465487ec166fc11229,job_to_state_cached_path_s,0.03742017695913091,3.7279678508639336e-06,5,quest32_p8
final,hs_n16,cell-732b07619be6fd35eec1ef4da9d2bec11e5b6c97049e0d465487ec166fc11229,kernel_s,0.03613350400701165,4.24898462370038e-06,5,quest32_p8
final,bb84_n18,cell-2596c2f4f7130b67ee9a1ff0cba2787b785b5430097756bf1fc82c5f991aa4a0,prepared_call_s,0.3971913139685057,0.003271012974437326,5,upmem_int8
final,bb84_n18,cell-2596c2f4f7130b67ee9a1ff0cba2787b785b5430097756bf1fc82c5f991aa4a0,job_to_state_s,0.43319678300758824,0.004291553050279617,5,upmem_int8
final,bb84_n18,cell-2596c2f4f7130b67ee9a1ff0cba2787b785b5430097756bf1fc82c5f991aa4a0,job_to_state_cached_path_s,0.43319725000765175,0.004291599034331739,5,upmem_int8
final,bb84_n18,cell-2596c2f4f7130b67ee9a1ff0cba2787b785b5430097756bf1fc82c5f991aa4a0,kernel_s,0.022871223000000003,5.375800000000097e-05,5,upmem_int8
final,bb84_n08,cell-8bf4b354ab5f47708c8d0e0e8357689962ffe74e025124e2676d11ea30ca32dd,prepared_call_s,0.00022680399706587195,1.7639831639826298e-06,5,quest32_p1
final,bb84_n08,cell-8bf4b354ab5f47708c8d0e0e8357689962ffe74e025124e2676d11ea30ca32dd,job_to_state_s,0.00025032099802047014,1.660024281591177e-06,5,quest32_p1
final,bb84_n08,cell-8bf4b354ab5f47708c8d0e0e8357689962ffe74e025124e2676d11ea30ca32dd,job_to_state_cached_path_s,0.00025032099802047014,1.660024281591177e-06,5,quest32_p1
final,bb84_n08,cell-8bf4b354ab5f47708c8d0e0e8357689962ffe74e025124e2676d11ea30ca32dd,kernel_s,9.530602255836129e-05,1.1989613994956017e-06,5,quest32_p1
final,xor_n22,cell-724739ddfae2030e3a0c38179b35c75cb24b2080e61840f70ee1ec160bacf724,prepared_call_s,0.5447380639961921,0.0004105190164409578,5,quest32_p8
final,xor_n22,cell-724739ddfae2030e3a0c38179b35c75cb24b2080e61840f70ee1ec160bacf724,job_to_state_s,0.5447811980266124,0.00041014194721356034,5,quest32_p8
final,xor_n22,cell-724739ddfae2030e3a0c38179b35c75cb24b2080e61840f70ee1ec160bacf724,job_to_state_cached_path_s,0.5447811980266124,0.00041014194721356034,5,quest32_p8
final,xor_n22,cell-724739ddfae2030e3a0c38179b35c75cb24b2080e61840f70ee1ec160bacf724,kernel_s,0.5035205850144848,0.0004558819346129894,5,quest32_p8
final,xor_n20,cell-ac657b609b4fb49e090e9e9187c36ccc0319f056937e6b23fd8b763c8c2ceaec,prepared_call_s,1.0558278789976612,0.0020437329658307135,5,upmem_int8
final,xor_n20,cell-ac657b609b4fb49e090e9e9187c36ccc0319f056937e6b23fd8b763c8c2ceaec,job_to_state_s,1.134035442955792,0.004007117997389287,5,upmem_int8
final,xor_n20,cell-ac657b609b4fb49e090e9e9187c36ccc0319f056937e6b23fd8b763c8c2ceaec,job_to_state_cached_path_s,1.1340358119923621,0.004007168987300247,5,upmem_int8
final,xor_n20,cell-ac657b609b4fb49e090e9e9187c36ccc0319f056937e6b23fd8b763c8c2ceaec,kernel_s,0.033888096,2.5933999999998292e-05,5,upmem_int8
final,edc_n11,cell-46af283049df7b3e4eeaa9c9f354de4b7bd806137796b8a75f4317de95b78801,prepared_call_s,0.009584888990502805,7.768900832161307e-05,5,numpy_f32_p1
final,edc_n11,cell-46af283049df7b3e4eeaa9c9f354de4b7bd806137796b8a75f4317de95b78801,job_to_state_s,0.023188393039163202,0.00013602402759715915,5,numpy_f32_p1
final,edc_n11,cell-46af283049df7b3e4eeaa9c9f354de4b7bd806137796b8a75f4317de95b78801,job_to_state_cached_path_s,0.02318875101627782,0.00013609498273581266,5,numpy_f32_p1
final,bb84_n12,cell-bf964bd911ccabf5e1cdc7e77f548eb05bb047d84d9f4fdff41d85fc456b58cb,prepared_call_s,0.0020915899658575654,7.5660645961761475e-06,5,quest32_p8
final,bb84_n12,cell-bf964bd911ccabf5e1cdc7e77f548eb05bb047d84d9f4fdff41d85fc456b58cb,job_to_state_s,0.002119573939125985,6.4310734160244465e-06,5,quest32_p8
final,bb84_n12,cell-bf964bd911ccabf5e1cdc7e77f548eb05bb047d84d9f4fdff41d85fc456b58cb,job_to_state_cached_path_s,0.002119573939125985,6.4310734160244465e-06,5,quest32_p8
final,bb84_n12,cell-bf964bd911ccabf5e1cdc7e77f548eb05bb047d84d9f4fdff41d85fc456b58cb,kernel_s,0.001566952036228031,1.251796493306756e-05,5,quest32_p8
final,bb84_n12,cell-5d484bfb686240d4730ef6346900c03a3338c97de8b0a5515cab50e20b2fe1c1,prepared_call_s,0.006360144994687289,4.653399810194969e-05,5,numpy_f32_p1
final,bb84_n12,cell-5d484bfb686240d4730ef6346900c03a3338c97de8b0a5515cab50e20b2fe1c1,job_to_state_s,0.013288768997881562,4.014297155663371e-05,5,numpy_f32_p1
final,bb84_n12,cell-5d484bfb686240d4730ef6346900c03a3338c97de8b0a5515cab50e20b2fe1c1,job_to_state_cached_path_s,0.013289196998812258,4.0014972910284996e-05,5,numpy_f32_p1
final,hs_n12,cell-68003570191a334d21e30921ed5cb7df184361dde185e929653e5d8139482cb0,prepared_call_s,0.7578479719813913,0.009904242004267871,5,upmem_f32
final,hs_n12,cell-68003570191a334d21e30921ed5cb7df184361dde185e929653e5d8139482cb0,job_to_state_s,1.1786161189666018,0.009100819937884808,5,upmem_f32
final,hs_n12,cell-68003570191a334d21e30921ed5cb7df184361dde185e929653e5d8139482cb0,job_to_state_cached_path_s,1.1786164649529383,0.009100859926547855,5,upmem_f32
final,hs_n12,cell-68003570191a334d21e30921ed5cb7df184361dde185e929653e5d8139482cb0,kernel_s,0.013636666000000002,4.9266999999995204e-05,5,upmem_f32
final,bb84_n18,cell-740e1632a5cf9dd5baf58b2bbd45480407dc570e970d619f630d9c58881338e2,prepared_call_s,0.42147986398776993,0.018885158991906792,5,upmem_f32
final,bb84_n18,cell-740e1632a5cf9dd5baf58b2bbd45480407dc570e970d619f630d9c58881338e2,job_to_state_s,0.45660680800210685,0.018090297002345324,5,upmem_f32
final,bb84_n18,cell-740e1632a5cf9dd5baf58b2bbd45480407dc570e970d619f630d9c58881338e2,job_to_state_cached_path_s,0.4566071980516426,0.018090206023771316,5,upmem_f32
final,bb84_n18,cell-740e1632a5cf9dd5baf58b2bbd45480407dc570e970d619f630d9c58881338e2,kernel_s,0.057205970999999994,6.731799999999677e-05,5,upmem_f32
final,bv_n18,cell-223d68374aff245c0317b3ad74936935e06dba916c05093be0b583f180c0b456,prepared_call_s,0.03092765196925029,0.00027389300521463156,5,numpy_f32_p1
final,bv_n18,cell-223d68374aff245c0317b3ad74936935e06dba916c05093be0b583f180c0b456,job_to_state_s,0.06960203498601913,0.0003871649969369173,5,numpy_f32_p1
final,bv_n18,cell-223d68374aff245c0317b3ad74936935e06dba916c05093be0b583f180c0b456,job_to_state_cached_path_s,0.06960281700594351,0.00038679997669532895,5,numpy_f32_p1
final,edc_n07,cell-dbc5791a95c6cc8a5fcc8630a2c0660d45f93b60f68c7f5152a445dd0a93352b,prepared_call_s,0.00028382899472489953,2.47894786298275e-06,5,quest32_p1
final,edc_n07,cell-dbc5791a95c6cc8a5fcc8630a2c0660d45f93b60f68c7f5152a445dd0a93352b,job_to_state_s,0.00031144003150984645,1.6189878806471825e-06,5,quest32_p1
final,edc_n07,cell-dbc5791a95c6cc8a5fcc8630a2c0660d45f93b60f68c7f5152a445dd0a93352b,job_to_state_cached_path_s,0.00031144003150984645,1.6189878806471825e-06,5,quest32_p1
final,edc_n07,cell-dbc5791a95c6cc8a5fcc8630a2c0660d45f93b60f68c7f5152a445dd0a93352b,kernel_s,0.0001508659915998578,2.7859932743012905e-06,5,quest32_p1
final,hs_n16,cell-65c6e2adcd88a2c59c9e21e839cfaca3e48a7877f7ed197580824f92ad5a3bc6,prepared_call_s,0.03545934899011627,0.00034881895408034325,5,numpy_f32_p1
final,hs_n16,cell-65c6e2adcd88a2c59c9e21e839cfaca3e48a7877f7ed197580824f92ad5a3bc6,job_to_state_s,0.25897155998973176,0.003710151999257505,5,numpy_f32_p1
final,hs_n16,cell-65c6e2adcd88a2c59c9e21e839cfaca3e48a7877f7ed197580824f92ad5a3bc6,job_to_state_cached_path_s,0.25897196802543476,0.0037100850022397935,5,numpy_f32_p1
final,qrng_n20,cell-56b6a3105ff889c6904bfe80ea0687a1ee1b9e4e83cf1d851609682f53c34b56,prepared_call_s,0.08175087301060557,0.00014230201486498117,5,quest32_p1
final,qrng_n20,cell-56b6a3105ff889c6904bfe80ea0687a1ee1b9e4e83cf1d851609682f53c34b56,job_to_state_s,0.08178247202886268,0.0001415180740877986,5,quest32_p1
final,qrng_n20,cell-56b6a3105ff889c6904bfe80ea0687a1ee1b9e4e83cf1d851609682f53c34b56,job_to_state_cached_path_s,0.08178247202886268,0.0001415180740877986,5,quest32_p1
final,qrng_n20,cell-56b6a3105ff889c6904bfe80ea0687a1ee1b9e4e83cf1d851609682f53c34b56,kernel_s,0.07105849700747058,4.012801218777895e-05,5,quest32_p1
final,stress_n12_l2,cell-ad537e5e8030cd392162bbc40856ed0a2c5f8d4efe6726562ef8208399f41361,prepared_call_s,0.0018674330203793943,3.968947567045689e-06,5,quest32_p1
final,stress_n12_l2,cell-ad537e5e8030cd392162bbc40856ed0a2c5f8d4efe6726562ef8208399f41361,job_to_state_s,0.0019326219917275012,5.337991751730442e-06,5,quest32_p1
final,stress_n12_l2,cell-ad537e5e8030cd392162bbc40856ed0a2c5f8d4efe6726562ef8208399f41361,job_to_state_cached_path_s,0.0019326219917275012,5.337991751730442e-06,5,quest32_p1
final,stress_n12_l2,cell-ad537e5e8030cd392162bbc40856ed0a2c5f8d4efe6726562ef8208399f41361,kernel_s,0.0016757390112616122,2.430984750390053e-06,5,quest32_p1
final,qrng_n18,cell-b8752ee7d9f383f46fc2efab336b4fa09a2290b5d0222cb382bbcda55c4950ea,prepared_call_s,0.394062960986048,0.002721754019148648,5,upmem_int8
final,qrng_n18,cell-b8752ee7d9f383f46fc2efab336b4fa09a2290b5d0222cb382bbcda55c4950ea,job_to_state_s,0.4299994810135104,0.002923720981925726,5,upmem_int8
final,qrng_n18,cell-b8752ee7d9f383f46fc2efab336b4fa09a2290b5d0222cb382bbcda55c4950ea,job_to_state_cached_path_s,0.4299998739734292,0.0029238559654913843,5,upmem_int8
final,qrng_n18,cell-b8752ee7d9f383f46fc2efab336b4fa09a2290b5d0222cb382bbcda55c4950ea,kernel_s,0.018797991,7.67770000000001e-05,5,upmem_int8
final,edc_n23,cell-4788698964fc03e2269e167ebf2f230a2a447a9fd6618fb37333a105017fd89f,prepared_call_s,10.335837366990745,0.01576444902457297,5,upmem_f32
final,edc_n23,cell-4788698964fc03e2269e167ebf2f230a2a447a9fd6618fb37333a105017fd89f,job_to_state_s,10.43193986400729,0.016600451024714857,5,upmem_f32
final,edc_n23,cell-4788698964fc03e2269e167ebf2f230a2a447a9fd6618fb37333a105017fd89f,job_to_state_cached_path_s,10.431940281996503,0.016600407019723207,5,upmem_f32
final,edc_n23,cell-4788698964fc03e2269e167ebf2f230a2a447a9fd6618fb37333a105017fd89f,kernel_s,4.073973145,0.00019883100000051002,5,upmem_f32
final,qrng_n12,cell-22f07d95ba789e26d7314ec2119da8780a2f7064d40ff25316c44a23ded5b9fa,prepared_call_s,0.006195990019477904,9.118195157498121e-05,5,numpy_f32_p1
final,qrng_n12,cell-22f07d95ba789e26d7314ec2119da8780a2f7064d40ff25316c44a23ded5b9fa,job_to_state_s,0.012715541990473866,0.00010967702837660909,5,numpy_f32_p1
final,qrng_n12,cell-22f07d95ba789e26d7314ec2119da8780a2f7064d40ff25316c44a23ded5b9fa,job_to_state_cached_path_s,0.012715803983155638,0.0001097029889933765,5,numpy_f32_p1
final,hs_n12,cell-f2cb5699dc0b8585433cc55fb4dc3acdb8e8b2852fd0592bd4664eb3ca5bac70,prepared_call_s,0.001955235959030688,5.658948794007301e-06,5,quest32_p1
final,hs_n12,cell-f2cb5699dc0b8585433cc55fb4dc3acdb8e8b2852fd0592bd4664eb3ca5bac70,job_to_state_s,0.0020194159587845206,5.252950359135866e-06,5,quest32_p1
final,hs_n12,cell-f2cb5699dc0b8585433cc55fb4dc3acdb8e8b2852fd0592bd4664eb3ca5bac70,job_to_state_cached_path_s,0.0020194159587845206,5.252950359135866e-06,5,quest32_p1
final,hs_n12,cell-f2cb5699dc0b8585433cc55fb4dc3acdb8e8b2852fd0592bd4664eb3ca5bac70,kernel_s,0.0017728100065141916,5.626992788165808e-06,5,quest32_p1
final,edc_n21,cell-7f503ea477f48bb24d9129a50a765db499ad6768cd88da27c9ce5eba98d8b777,prepared_call_s,0.18194466194836423,0.0004191010375507176,5,quest32_p8
final,edc_n21,cell-7f503ea477f48bb24d9129a50a765db499ad6768cd88da27c9ce5eba98d8b777,job_to_state_s,0.18198445695452392,0.0004181030089966953,5,quest32_p8
final,edc_n21,cell-7f503ea477f48bb24d9129a50a765db499ad6768cd88da27c9ce5eba98d8b777,job_to_state_cached_path_s,0.18198445695452392,0.0004181030089966953,5,quest32_p8
final,edc_n21,cell-7f503ea477f48bb24d9129a50a765db499ad6768cd88da27c9ce5eba98d8b777,kernel_s,0.1608063550083898,0.0004649529582820833,5,quest32_p8
final,edc_n07,cell-a8efd50216d37dd689c8ecffba04c24fb17ce3ed13140b8e02eaa20e9130cc4e,prepared_call_s,0.005230661015957594,3.296299837529659e-05,5,numpy_f32_p1
final,edc_n07,cell-a8efd50216d37dd689c8ecffba04c24fb17ce3ed13140b8e02eaa20e9130cc4e,job_to_state_s,0.011585520056542009,0.00010094005847349763,5,numpy_f32_p1
final,edc_n07,cell-a8efd50216d37dd689c8ecffba04c24fb17ce3ed13140b8e02eaa20e9130cc4e,job_to_state_cached_path_s,0.011585858999751508,0.00010094098979607224,5,numpy_f32_p1
final,hs_n18,cell-231c305768548539dcb037ebe240dc4fe53e9526b0aa9a59157482c915182c45,prepared_call_s,0.11013225495116785,0.00014331500278785825,5,quest32_p1
final,hs_n18,cell-231c305768548539dcb037ebe240dc4fe53e9526b0aa9a59157482c915182c45,job_to_state_s,0.1102150889346376,0.0001430230331607163,5,quest32_p1
final,hs_n18,cell-231c305768548539dcb037ebe240dc4fe53e9526b0aa9a59157482c915182c45,job_to_state_cached_path_s,0.1102150889346376,0.0001430230331607163,5,quest32_p1
final,hs_n18,cell-231c305768548539dcb037ebe240dc4fe53e9526b0aa9a59157482c915182c45,kernel_s,0.10681157698854804,0.0001574679627083242,5,quest32_p1
final,qrng_n24,cell-6268507fd3c0d35eac5f7d2c6c819ae50d633ed0b9167232c22e510ba61c3174,prepared_call_s,17.428119492018595,0.22191771597135812,5,upmem_f32
final,qrng_n24,cell-6268507fd3c0d35eac5f7d2c6c819ae50d633ed0b9167232c22e510ba61c3174,job_to_state_s,17.493177541997284,0.22228789300424978,5,upmem_f32
final,qrng_n24,cell-6268507fd3c0d35eac5f7d2c6c819ae50d633ed0b9167232c22e510ba61c3174,job_to_state_cached_path_s,17.49317787901964,0.2222878999891691,5,upmem_f32
final,qrng_n24,cell-6268507fd3c0d35eac5f7d2c6c819ae50d633ed0b9167232c22e510ba61c3174,kernel_s,5.178764921999999,0.0009547579999988898,5,upmem_f32
final,bv_n18,cell-4615b8726bc78eeb0e33a08ee3be51fb0aa180b2d3a988a84c72e87ee3a89611,prepared_call_s,0.04074795497581363,6.932002725079656e-05,5,quest32_p1
final,bv_n18,cell-4615b8726bc78eeb0e33a08ee3be51fb0aa180b2d3a988a84c72e87ee3a89611,job_to_state_s,0.04079261893639341,6.939610466361046e-05,5,quest32_p1
final,bv_n18,cell-4615b8726bc78eeb0e33a08ee3be51fb0aa180b2d3a988a84c72e87ee3a89611,job_to_state_cached_path_s,0.04079261893639341,6.939610466361046e-05,5,quest32_p1
final,bv_n18,cell-4615b8726bc78eeb0e33a08ee3be51fb0aa180b2d3a988a84c72e87ee3a89611,kernel_s,0.037437057006172836,6.236799526959658e-05,5,quest32_p1
final,hs_n08,cell-d699ccf996c184cc4fdca4e5f2dadcfdb72a6a8b30716f958e3ef99c2099a6d6,prepared_call_s,0.0006396180251613259,3.728026058524847e-06,5,quest32_p1
final,hs_n08,cell-d699ccf996c184cc4fdca4e5f2dadcfdb72a6a8b30716f958e3ef99c2099a6d6,job_to_state_s,0.0006894800462760031,3.8440339267253876e-06,5,quest32_p1
final,hs_n08,cell-d699ccf996c184cc4fdca4e5f2dadcfdb72a6a8b30716f958e3ef99c2099a6d6,job_to_state_cached_path_s,0.0006894800462760031,3.8440339267253876e-06,5,quest32_p1
final,hs_n08,cell-d699ccf996c184cc4fdca4e5f2dadcfdb72a6a8b30716f958e3ef99c2099a6d6,kernel_s,0.0005006399587728083,2.601009327918291e-06,5,quest32_p1
final,xor_n18,cell-90b672a74794d107bf05560d0c02810486d9b6a0cf2dcc1fb9f524c55a69ac8f,prepared_call_s,0.02831166301621124,2.2780033759772778e-05,5,quest32_p1
final,xor_n18,cell-90b672a74794d107bf05560d0c02810486d9b6a0cf2dcc1fb9f524c55a69ac8f,job_to_state_s,0.028350947017315775,2.2994005121290684e-05,5,quest32_p1
final,xor_n18,cell-90b672a74794d107bf05560d0c02810486d9b6a0cf2dcc1fb9f524c55a69ac8f,job_to_state_cached_path_s,0.028350947017315775,2.2994005121290684e-05,5,quest32_p1
final,xor_n18,cell-90b672a74794d107bf05560d0c02810486d9b6a0cf2dcc1fb9f524c55a69ac8f,kernel_s,0.024976716027595103,1.2487987987697124e-05,5,quest32_p1
final,xor_n24,cell-fb5be0d05c1f9d8f7f199aa893bdfa6760a53d2a12e82f3715e6f0408f3d409b,prepared_call_s,2.3383559469948523,0.00026689498918130994,5,quest32_p8
final,xor_n24,cell-fb5be0d05c1f9d8f7f199aa893bdfa6760a53d2a12e82f3715e6f0408f3d409b,job_to_state_s,2.338401664979756,0.00026650901418179274,5,quest32_p8
final,xor_n24,cell-fb5be0d05c1f9d8f7f199aa893bdfa6760a53d2a12e82f3715e6f0408f3d409b,job_to_state_cached_path_s,2.338401664979756,0.00026650901418179274,5,quest32_p8
final,xor_n24,cell-fb5be0d05c1f9d8f7f199aa893bdfa6760a53d2a12e82f3715e6f0408f3d409b,kernel_s,2.177264688012656,0.0003449340001679957,5,quest32_p8
final,edc_n19,cell-6f584ee55666084342fa884bd6c071627ce624716dfc87ed9ee22cb8d9be0588,prepared_call_s,0.7524168309755623,0.0127853830344975,5,upmem_int8
final,edc_n19,cell-6f584ee55666084342fa884bd6c071627ce624716dfc87ed9ee22cb8d9be0588,job_to_state_s,0.8202341810101643,0.013116265006829053,5,upmem_int8
final,edc_n19,cell-6f584ee55666084342fa884bd6c071627ce624716dfc87ed9ee22cb8d9be0588,job_to_state_cached_path_s,0.820234487997368,0.013116289977915585,5,upmem_int8
final,edc_n19,cell-6f584ee55666084342fa884bd6c071627ce624716dfc87ed9ee22cb8d9be0588,kernel_s,0.062462638,3.896400000000244e-05,5,upmem_int8
final,stress_n08_l2,cell-3ede9fe24ec59bdf8ddc41dddbd0adc851bbff09d2d2913aa2d3e6e0437761f9,prepared_call_s,0.0006471219821833074,9.959912858903408e-07,5,quest32_p1
final,stress_n08_l2,cell-3ede9fe24ec59bdf8ddc41dddbd0adc851bbff09d2d2913aa2d3e6e0437761f9,job_to_state_s,0.0006977349403314292,1.9219587557017803e-06,5,quest32_p1
final,stress_n08_l2,cell-3ede9fe24ec59bdf8ddc41dddbd0adc851bbff09d2d2913aa2d3e6e0437761f9,job_to_state_cached_path_s,0.0006977349403314292,1.9219587557017803e-06,5,quest32_p1
final,stress_n08_l2,cell-3ede9fe24ec59bdf8ddc41dddbd0adc851bbff09d2d2913aa2d3e6e0437761f9,kernel_s,0.0005086699966341257,2.8019421733915806e-06,5,quest32_p1
final,xor_n18,cell-4eb0e2728fd34fd3fe58938e4522bd23468fa799529df2bbd94861a4e7fd437e,prepared_call_s,0.028726485033985227,0.001148433075286448,5,numpy_f32_p1
final,xor_n18,cell-4eb0e2728fd34fd3fe58938e4522bd23468fa799529df2bbd94861a4e7fd437e,job_to_state_s,0.05631040799198672,0.0004293039673939347,5,numpy_f32_p1
final,xor_n18,cell-4eb0e2728fd34fd3fe58938e4522bd23468fa799529df2bbd94861a4e7fd437e,job_to_state_cached_path_s,0.056311335996724665,0.00042981095612049103,5,numpy_f32_p1
final,edc_n15,cell-02202cda32c6eb5ba3e75a0ab4371eef8c35641226a85795d14561901b0716d6,prepared_call_s,0.3241510149673559,0.00568838301114738,5,upmem_int8
final,edc_n15,cell-02202cda32c6eb5ba3e75a0ab4371eef8c35641226a85795d14561901b0716d6,job_to_state_s,0.37497312302002683,0.005421808979008347,5,upmem_int8
final,edc_n15,cell-02202cda32c6eb5ba3e75a0ab4371eef8c35641226a85795d14561901b0716d6,job_to_state_cached_path_s,0.374973536003381,0.005421720969025046,5,upmem_int8
final,edc_n15,cell-02202cda32c6eb5ba3e75a0ab4371eef8c35641226a85795d14561901b0716d6,kernel_s,0.018381891,2.060300000000098e-05,5,upmem_int8
final,hs_n18,cell-3b80297f3ef956c08f21545da83d9287c29743230be42e7e762ea958c6b31040,prepared_call_s,1.4972782210097648,0.005232947994954884,5,upmem_f32
final,hs_n18,cell-3b80297f3ef956c08f21545da83d9287c29743230be42e7e762ea958c6b31040,job_to_state_s,2.352961282012984,0.016383552982006222,5,upmem_f32
final,hs_n18,cell-3b80297f3ef956c08f21545da83d9287c29743230be42e7e762ea958c6b31040,job_to_state_cached_path_s,2.3529616210144013,0.016383232024963945,5,upmem_f32
final,hs_n18,cell-3b80297f3ef956c08f21545da83d9287c29743230be42e7e762ea958c6b31040,kernel_s,0.066929604,3.2293999999988277e-05,5,upmem_f32
final,bb84_n12,cell-8256658a01bde8fc9d3f587fc694df00385edc5153d7f88572b1b0c5ec3081e0,prepared_call_s,0.00047102500684559345,7.760245352983475e-07,5,quest32_p1
final,bb84_n12,cell-8256658a01bde8fc9d3f587fc694df00385edc5153d7f88572b1b0c5ec3081e0,job_to_state_s,0.0004991390160284936,1.4820252545177937e-06,5,quest32_p1
final,bb84_n12,cell-8256658a01bde8fc9d3f587fc694df00385edc5153d7f88572b1b0c5ec3081e0,job_to_state_cached_path_s,0.0004991390160284936,1.4820252545177937e-06,5,quest32_p1
final,bb84_n12,cell-8256658a01bde8fc9d3f587fc694df00385edc5153d7f88572b1b0c5ec3081e0,kernel_s,0.00028739700792357326,4.338973667472601e-06,5,quest32_p1
final,hs_n16,cell-a2e9c94dd08009ab8ad067b8078f0c5e6a67db0bdb0091593c59973bc34b7a95,prepared_call_s,1.1496976590133272,0.0015695929760113358,5,upmem_int8
final,hs_n16,cell-a2e9c94dd08009ab8ad067b8078f0c5e6a67db0bdb0091593c59973bc34b7a95,job_to_state_s,1.806251701025758,0.0030198479653336108,5,upmem_int8
final,hs_n16,cell-a2e9c94dd08009ab8ad067b8078f0c5e6a67db0bdb0091593c59973bc34b7a95,job_to_state_cached_path_s,1.8062521860119887,0.003019672993104905,5,upmem_int8
final,hs_n16,cell-a2e9c94dd08009ab8ad067b8078f0c5e6a67db0bdb0091593c59973bc34b7a95,kernel_s,0.025346610000000002,8.292099999999622e-05,5,upmem_int8
final,xor_n16,cell-a94681a8d820f92ad701e07c26be6907e53ca70992064cff6863de4e13494655,prepared_call_s,0.35073977400315925,0.0023937050136737525,5,upmem_f32
final,xor_n16,cell-a94681a8d820f92ad701e07c26be6907e53ca70992064cff6863de4e13494655,job_to_state_s,0.40668285300489515,0.007679584028664976,5,upmem_f32
final,xor_n16,cell-a94681a8d820f92ad701e07c26be6907e53ca70992064cff6863de4e13494655,job_to_state_cached_path_s,0.4066832170356065,0.007679874019231647,5,upmem_f32
final,xor_n16,cell-a94681a8d820f92ad701e07c26be6907e53ca70992064cff6863de4e13494655,kernel_s,0.030953397,3.2283000000001005e-05,5,upmem_f32
final,hs_n20,cell-1e3c27233f617a89b6622c34c955bda50a30b063be53acefe1c78bfec4085e83,prepared_call_s,0.48178634903160855,0.0003106389776803553,5,quest32_p1
final,hs_n20,cell-1e3c27233f617a89b6622c34c955bda50a30b063be53acefe1c78bfec4085e83,job_to_state_s,0.4818756780587137,0.0003132559941150248,5,quest32_p1
final,hs_n20,cell-1e3c27233f617a89b6622c34c955bda50a30b063be53acefe1c78bfec4085e83,job_to_state_cached_path_s,0.4818756780587137,0.0003132559941150248,5,quest32_p1
final,hs_n20,cell-1e3c27233f617a89b6622c34c955bda50a30b063be53acefe1c78bfec4085e83,kernel_s,0.47119657800067216,0.0002419319935142994,5,quest32_p1
final,bb84_n22,cell-65fdb337fe4f23bf39faa92cb1c23689727cea94e4f9797a5ef487ac07fe4aa3,prepared_call_s,0.34523568802978843,0.0005198319558985531,5,quest32_p1
final,bb84_n22,cell-65fdb337fe4f23bf39faa92cb1c23689727cea94e4f9797a5ef487ac07fe4aa3,job_to_state_s,0.34526768705109134,0.0005204299231991172,5,quest32_p1
final,bb84_n22,cell-65fdb337fe4f23bf39faa92cb1c23689727cea94e4f9797a5ef487ac07fe4aa3,job_to_state_cached_path_s,0.34526768705109134,0.0005204299231991172,5,quest32_p1
final,bb84_n22,cell-65fdb337fe4f23bf39faa92cb1c23689727cea94e4f9797a5ef487ac07fe4aa3,kernel_s,0.3045435280073434,0.0003977559390477836,5,quest32_p1
final,edc_n11,cell-34bf7f652ffdcf3592c08fd757b869906a512bc2f3e6beca6d17991bf8c76992,prepared_call_s,0.00045198097359389067,7.84057192504406e-07,5,quest32_p1
final,edc_n11,cell-34bf7f652ffdcf3592c08fd757b869906a512bc2f3e6beca6d17991bf8c76992,job_to_state_s,0.0004829910467378795,5.000620149075985e-07,5,quest32_p1
final,edc_n11,cell-34bf7f652ffdcf3592c08fd757b869906a512bc2f3e6beca6d17991bf8c76992,job_to_state_cached_path_s,0.0004829910467378795,5.000620149075985e-07,5,quest32_p1
final,edc_n11,cell-34bf7f652ffdcf3592c08fd757b869906a512bc2f3e6beca6d17991bf8c76992,kernel_s,0.0002909559989348054,4.268018528819084e-06,5,quest32_p1
final,qrng_n18,cell-cc70fcb7fb1598c822ff273d3b62cb0f738b258bd37916c89a6641c9c1fa5af2,prepared_call_s,0.4574071440147236,0.004052669042721391,5,upmem_f32
final,qrng_n18,cell-cc70fcb7fb1598c822ff273d3b62cb0f738b258bd37916c89a6641c9c1fa5af2,job_to_state_s,0.49319257301976904,0.003911714069545269,5,upmem_f32
final,qrng_n18,cell-cc70fcb7fb1598c822ff273d3b62cb0f738b258bd37916c89a6641c9c1fa5af2,job_to_state_cached_path_s,0.49319284898228943,0.0039116659900173545,5,upmem_f32
final,qrng_n18,cell-cc70fcb7fb1598c822ff273d3b62cb0f738b258bd37916c89a6641c9c1fa5af2,kernel_s,0.08501368200000001,7.931000000002686e-06,5,upmem_f32
final,bb84_n16,cell-22597eacf6de692324e80ffee9e188459948a46391f199858399ba6c8742375c,prepared_call_s,0.254184591001831,0.004692359012551606,5,upmem_int8
final,bb84_n16,cell-22597eacf6de692324e80ffee9e188459948a46391f199858399ba6c8742375c,job_to_state_s,0.28517172497231513,0.004960679973009974,5,upmem_int8
final,bb84_n16,cell-22597eacf6de692324e80ffee9e188459948a46391f199858399ba6c8742375c,job_to_state_cached_path_s,0.28517214994644746,0.004960759950336069,5,upmem_int8
final,bb84_n16,cell-22597eacf6de692324e80ffee9e188459948a46391f199858399ba6c8742375c,kernel_s,0.022371080999999998,9.938000000001002e-06,5,upmem_int8
final,qrng_n12,cell-951cfe92e230d11bcf4f3ba05906675bbf3090f54ff898149348de6786340b26,prepared_call_s,0.16863438399741426,0.005046780977863818,5,upmem_f32
final,qrng_n12,cell-951cfe92e230d11bcf4f3ba05906675bbf3090f54ff898149348de6786340b26,job_to_state_s,0.18913937598699704,0.0053882410284131765,5,upmem_f32
final,qrng_n12,cell-951cfe92e230d11bcf4f3ba05906675bbf3090f54ff898149348de6786340b26,job_to_state_cached_path_s,0.1891397860017605,0.0053882760112173855,5,upmem_f32
final,qrng_n12,cell-951cfe92e230d11bcf4f3ba05906675bbf3090f54ff898149348de6786340b26,kernel_s,0.008788558,3.230799999999999e-05,5,upmem_f32
final,xor_n22,cell-aa3fbb7ca9a09de9028b5d939f35f120cb1ea72117f62fbf745b0166069a9dae,prepared_call_s,0.5383585559902713,0.00020380399655550718,5,quest32_p1
final,xor_n22,cell-aa3fbb7ca9a09de9028b5d939f35f120cb1ea72117f62fbf745b0166069a9dae,job_to_state_s,0.5384022109792568,0.00020439998479560018,5,quest32_p1
final,xor_n22,cell-aa3fbb7ca9a09de9028b5d939f35f120cb1ea72117f62fbf745b0166069a9dae,job_to_state_cached_path_s,0.5384022109792568,0.00020439998479560018,5,quest32_p1
final,xor_n22,cell-aa3fbb7ca9a09de9028b5d939f35f120cb1ea72117f62fbf745b0166069a9dae,kernel_s,0.49753623199649155,0.0001715049729682505,5,quest32_p1
final,hs_n16,cell-92d7bb9716b20c30f25515fc0b3e7a615a12cf4e156bce75b3b63b33549da5d1,prepared_call_s,0.02509713702602312,3.288796870037913e-05,5,quest32_p1
final,hs_n16,cell-92d7bb9716b20c30f25515fc0b3e7a615a12cf4e156bce75b3b63b33549da5d1,job_to_state_s,0.025177227042149752,3.400997957214713e-05,5,quest32_p1
final,hs_n16,cell-92d7bb9716b20c30f25515fc0b3e7a615a12cf4e156bce75b3b63b33549da5d1,job_to_state_cached_path_s,0.025177227042149752,3.400997957214713e-05,5,quest32_p1
final,hs_n16,cell-92d7bb9716b20c30f25515fc0b3e7a615a12cf4e156bce75b3b63b33549da5d1,kernel_s,0.024224238004535437,3.880297299474478e-05,5,quest32_p1
final,xor_n16,cell-e319783733b7fda303a24bdabe1bb82f0cb38f8822316a5d423fa1e15c500bbd,prepared_call_s,0.014419150014873594,9.063800098374486e-05,5,numpy_f32_p1
final,xor_n16,cell-e319783733b7fda303a24bdabe1bb82f0cb38f8822316a5d423fa1e15c500bbd,job_to_state_s,0.03321192803559825,0.00017020502127707005,5,numpy_f32_p1
final,xor_n16,cell-e319783733b7fda303a24bdabe1bb82f0cb38f8822316a5d423fa1e15c500bbd,job_to_state_cached_path_s,0.033212376991286874,0.00017030397430062294,5,numpy_f32_p1
final,bb84_n24,cell-0f80cc287be658b42d149f102df4462fbf9a5324f6070259862c154ed85f1008,prepared_call_s,1.5540261879796162,0.0010893379803746939,5,quest32_p8
final,bb84_n24,cell-0f80cc287be658b42d149f102df4462fbf9a5324f6070259862c154ed85f1008,job_to_state_s,1.5540660370024852,0.001096065971069038,5,quest32_p8
final,bb84_n24,cell-0f80cc287be658b42d149f102df4462fbf9a5324f6070259862c154ed85f1008,job_to_state_cached_path_s,1.5540660370024852,0.001096065971069038,5,quest32_p8
final,bb84_n24,cell-0f80cc287be658b42d149f102df4462fbf9a5324f6070259862c154ed85f1008,kernel_s,1.3923282870091498,0.0009297479409724474,5,quest32_p8
final,hs_n24,cell-0d2a93ffa292af743e83455497bf8ec305e304f779b5761730effc4e0ac30ca3,prepared_call_s,9.46898439002689,0.005566100939176977,5,quest32_p8
final,hs_n24,cell-0d2a93ffa292af743e83455497bf8ec305e304f779b5761730effc4e0ac30ca3,job_to_state_s,9.469091046019457,0.00556420796783641,5,quest32_p8
final,hs_n24,cell-0d2a93ffa292af743e83455497bf8ec305e304f779b5761730effc4e0ac30ca3,job_to_state_cached_path_s,9.469091046019457,0.00556420796783641,5,quest32_p8
final,hs_n24,cell-0d2a93ffa292af743e83455497bf8ec305e304f779b5761730effc4e0ac30ca3,kernel_s,9.308461275999434,0.004699690965935588,5,quest32_p8
final,qrng_n08,cell-a8e29c3120ce5b81a95c2dc120b83b24b69d141c9090e8442eb9b8e0dcdbfd67,prepared_call_s,0.004086890025064349,3.472995012998581e-05,5,numpy_f32_p1
final,qrng_n08,cell-a8e29c3120ce5b81a95c2dc120b83b24b69d141c9090e8442eb9b8e0dcdbfd67,job_to_state_s,0.007899735996033996,5.497300298884511e-05,5,numpy_f32_p1
final,qrng_n08,cell-a8e29c3120ce5b81a95c2dc120b83b24b69d141c9090e8442eb9b8e0dcdbfd67,job_to_state_cached_path_s,0.007900047989096493,5.495903315022588e-05,5,numpy_f32_p1
final,bb84_n08,cell-9d6e9c572e89dd53238e51bdc1aa2bd03f262c26cf2a2616889cc28ddb947a2d,prepared_call_s,0.0014312199782580137,4.909990821033716e-06,5,quest32_p8
final,bb84_n08,cell-9d6e9c572e89dd53238e51bdc1aa2bd03f262c26cf2a2616889cc28ddb947a2d,job_to_state_s,0.0014547999599017203,4.6719214878976345e-06,5,quest32_p8
final,bb84_n08,cell-9d6e9c572e89dd53238e51bdc1aa2bd03f262c26cf2a2616889cc28ddb947a2d,job_to_state_cached_path_s,0.0014547999599017203,4.6719214878976345e-06,5,quest32_p8
final,bb84_n08,cell-9d6e9c572e89dd53238e51bdc1aa2bd03f262c26cf2a2616889cc28ddb947a2d,kernel_s,0.0009497959981672466,5.9899757616221905e-06,5,quest32_p8
final,xor_n20,cell-a7d43f6688b4366c344d75e66a98365d4980be76f026168b8b07b7805364f843,prepared_call_s,0.08227088098647073,0.0007449740078300238,5,numpy_f32_p1
final,xor_n20,cell-a7d43f6688b4366c344d75e66a98365d4980be76f026168b8b07b7805364f843,job_to_state_s,0.1303594919736497,0.000489261990878731,5,numpy_f32_p1
final,xor_n20,cell-a7d43f6688b4366c344d75e66a98365d4980be76f026168b8b07b7805364f843,job_to_state_cached_path_s,0.13036034698598087,0.0004895959864370525,5,numpy_f32_p1
final,stress_n18_l2,cell-257362bc2272c6adda97021aabdded44a765540d81ab4a0626b4bf0556439efc,prepared_call_s,0.09839667298365384,0.00010654504876583815,5,quest32_p1
final,stress_n18_l2,cell-257362bc2272c6adda97021aabdded44a765540d81ab4a0626b4bf0556439efc,job_to_state_s,0.09848296898417175,0.00010799599112942815,5,quest32_p1
final,stress_n18_l2,cell-257362bc2272c6adda97021aabdded44a765540d81ab4a0626b4bf0556439efc,job_to_state_cached_path_s,0.09848296898417175,0.00010799599112942815,5,quest32_p1
final,stress_n18_l2,cell-257362bc2272c6adda97021aabdded44a765540d81ab4a0626b4bf0556439efc,kernel_s,0.0950747579918243,0.00011406699195504189,5,quest32_p1
final,edc_n07,cell-71f27a949ed8aec6e43dfa102ba36b172db1a41ed62bcc9a0907d285511b3677,prepared_call_s,0.1825638849986717,0.0012730959570035338,5,upmem_f32
final,edc_n07,cell-71f27a949ed8aec6e43dfa102ba36b172db1a41ed62bcc9a0907d285511b3677,job_to_state_s,0.20202092599356547,0.0010332950041629374,5,upmem_f32
final,edc_n07,cell-71f27a949ed8aec6e43dfa102ba36b172db1a41ed62bcc9a0907d285511b3677,job_to_state_cached_path_s,0.20202148501994088,0.001033326960168779,5,upmem_f32
final,edc_n07,cell-71f27a949ed8aec6e43dfa102ba36b172db1a41ed62bcc9a0907d285511b3677,kernel_s,0.0033049200000000003,8.713999999999944e-06,5,upmem_f32
final,stress_n16_l2,cell-5585de75e63b2548ce34bb043f67a9e304d81335a7ffa98e41959b5e5a3ffe44,prepared_call_s,0.039980500005185604,0.00018715200712904334,5,numpy_f32_p1
final,stress_n16_l2,cell-5585de75e63b2548ce34bb043f67a9e304d81335a7ffa98e41959b5e5a3ffe44,job_to_state_s,0.1533141169929877,0.0011710329563356936,5,numpy_f32_p1
final,stress_n16_l2,cell-5585de75e63b2548ce34bb043f67a9e304d81335a7ffa98e41959b5e5a3ffe44,job_to_state_cached_path_s,0.1533147839945741,0.0011713929707184434,5,numpy_f32_p1
final,xor_n08,cell-2f72025a74d360d7e5ae840010fa1f02076bba540cb33d6bfad1bcabd7285833,prepared_call_s,0.17513143899850547,0.004891999997198582,5,upmem_f32
final,xor_n08,cell-2f72025a74d360d7e5ae840010fa1f02076bba540cb33d6bfad1bcabd7285833,job_to_state_s,0.1943285169545561,0.0048435230273753405,5,upmem_f32
final,xor_n08,cell-2f72025a74d360d7e5ae840010fa1f02076bba540cb33d6bfad1bcabd7285833,job_to_state_cached_path_s,0.19432892999611795,0.0048435640055686235,5,upmem_f32
final,xor_n08,cell-2f72025a74d360d7e5ae840010fa1f02076bba540cb33d6bfad1bcabd7285833,kernel_s,0.002377423,1.9804000000000002e-05,5,upmem_f32
final,xor_n08,cell-67ad1b57ac12f7886ed3c3bf22d9a88f6f568e8a252ea7680e81e25db2d749b0,prepared_call_s,0.00030391395557671785,4.3720356188714504e-06,5,quest32_p1
final,xor_n08,cell-67ad1b57ac12f7886ed3c3bf22d9a88f6f568e8a252ea7680e81e25db2d749b0,job_to_state_s,0.0003333789645694196,3.635010216385126e-06,5,quest32_p1
final,xor_n08,cell-67ad1b57ac12f7886ed3c3bf22d9a88f6f568e8a252ea7680e81e25db2d749b0,job_to_state_cached_path_s,0.0003333789645694196,3.635010216385126e-06,5,quest32_p1
final,xor_n08,cell-67ad1b57ac12f7886ed3c3bf22d9a88f6f568e8a252ea7680e81e25db2d749b0,kernel_s,0.0001673889928497374,7.00005330145359e-07,5,quest32_p1
final,bv_n12,cell-f36bd3c07732012475a780806b62378dd5dacf1a8d8a4aae47a4ce2d6fcbb59f,prepared_call_s,0.004340697953011841,5.023961421102285e-06,5,quest32_p8
final,bv_n12,cell-f36bd3c07732012475a780806b62378dd5dacf1a8d8a4aae47a4ce2d6fcbb59f,job_to_state_s,0.004377160978037864,3.0999653972685337e-06,5,quest32_p8
final,bv_n12,cell-f36bd3c07732012475a780806b62378dd5dacf1a8d8a4aae47a4ce2d6fcbb59f,job_to_state_cached_path_s,0.004377160978037864,3.0999653972685337e-06,5,quest32_p8
final,bv_n12,cell-f36bd3c07732012475a780806b62378dd5dacf1a8d8a4aae47a4ce2d6fcbb59f,kernel_s,0.0038298240397125483,6.8150111474096775e-06,5,quest32_p8
final,hs_n18,cell-0c68806c35d75c8d8b2038be09751290cd3fa1ae9da48722c1ac5c55053b5db7,prepared_call_s,1.4976785479811952,0.008215309004299343,5,upmem_int8
final,hs_n18,cell-0c68806c35d75c8d8b2038be09751290cd3fa1ae9da48722c1ac5c55053b5db7,job_to_state_s,2.34620268602157,0.0006824579904787242,5,upmem_int8
final,hs_n18,cell-0c68806c35d75c8d8b2038be09751290cd3fa1ae9da48722c1ac5c55053b5db7,job_to_state_cached_path_s,2.346203411987517,0.0006825410528108478,5,upmem_int8
final,hs_n18,cell-0c68806c35d75c8d8b2038be09751290cd3fa1ae9da48722c1ac5c55053b5db7,kernel_s,0.026843587000000002,6.753500000000398e-05,5,upmem_int8
final,bv_n16,cell-5c1c021e16e409a4d05c79709c10fe3a771474a9cfc607c4ecc8437ee782163b,prepared_call_s,0.013955964997876436,2.797599881887436e-05,5,quest32_p8
final,bv_n16,cell-5c1c021e16e409a4d05c79709c10fe3a771474a9cfc607c4ecc8437ee782163b,job_to_state_s,0.013998330978211015,2.925097942352295e-05,5,quest32_p8
final,bv_n16,cell-5c1c021e16e409a4d05c79709c10fe3a771474a9cfc607c4ecc8437ee782163b,job_to_state_cached_path_s,0.013998330978211015,2.925097942352295e-05,5,quest32_p8
final,bv_n16,cell-5c1c021e16e409a4d05c79709c10fe3a771474a9cfc607c4ecc8437ee782163b,kernel_s,0.0127518399967812,3.8390979170799255e-05,5,quest32_p8
final,bv_n24,cell-3ffc0758867a00ecc2c99f85309b471c9b8dd3fcf7ff5218ced7568f72953ac8,prepared_call_s,12.647587173967622,0.019766815938055515,5,upmem_f32
final,bv_n24,cell-3ffc0758867a00ecc2c99f85309b471c9b8dd3fcf7ff5218ced7568f72953ac8,job_to_state_s,12.819820518023334,0.023938527039717883,5,upmem_f32
final,bv_n24,cell-3ffc0758867a00ecc2c99f85309b471c9b8dd3fcf7ff5218ced7568f72953ac8,job_to_state_cached_path_s,12.819820937991608,0.023938425991218537,5,upmem_f32
final,bv_n24,cell-3ffc0758867a00ecc2c99f85309b471c9b8dd3fcf7ff5218ced7568f72953ac8,kernel_s,1.678576544,0.0001650490000000282,5,upmem_f32
final,bb84_n22,cell-e8deeb707b4e6333ec71e8372f8a354dace331ebfc54d72996a83fae10602a8f,prepared_call_s,0.43564960098592564,0.004662841034587473,5,numpy_f32_p1
final,bb84_n22,cell-e8deeb707b4e6333ec71e8372f8a354dace331ebfc54d72996a83fae10602a8f,job_to_state_s,0.6063707479625009,0.0024281649384647608,5,numpy_f32_p1
final,bb84_n22,cell-e8deeb707b4e6333ec71e8372f8a354dace331ebfc54d72996a83fae10602a8f,job_to_state_cached_path_s,0.6063718569930643,0.002428492996841669,5,numpy_f32_p1
final,xor_n24,cell-cb5f50c66134d77f35edb40da3b2e2a8d93f2d211df36ee48d8e955ec45c3011,prepared_call_s,13.31345588102704,0.02616761001991108,5,upmem_f32
final,xor_n24,cell-cb5f50c66134d77f35edb40da3b2e2a8d93f2d211df36ee48d8e955ec45c3011,job_to_state_s,13.425795765011571,0.028010006004478782,5,upmem_f32
final,xor_n24,cell-cb5f50c66134d77f35edb40da3b2e2a8d93f2d211df36ee48d8e955ec45c3011,job_to_state_cached_path_s,13.425796177994926,0.028010073001496494,5,upmem_f32
final,xor_n24,cell-cb5f50c66134d77f35edb40da3b2e2a8d93f2d211df36ee48d8e955ec45c3011,kernel_s,2.43980622,0.000426237000000107,5,upmem_f32
final,qrng_n16,cell-c82fadf9b861a9cc41d5804eae7309efe37c4231f40a68ec10b72ddd106b7ac4,prepared_call_s,0.01105933397775516,6.327807204797864e-05,5,numpy_f32_p1
final,qrng_n16,cell-c82fadf9b861a9cc41d5804eae7309efe37c4231f40a68ec10b72ddd106b7ac4,job_to_state_s,0.020955392043106258,0.00025948096299543977,5,numpy_f32_p1
final,qrng_n16,cell-c82fadf9b861a9cc41d5804eae7309efe37c4231f40a68ec10b72ddd106b7ac4,job_to_state_cached_path_s,0.02095575100975111,0.00025948701659217477,5,numpy_f32_p1
final,hs_n12,cell-ee40da9dfe709151e824f1c6d2dd6218d4a25314e0c45aadffd2f5858f0a8b86,prepared_call_s,0.024842493003234267,0.00016831897664815187,5,numpy_f32_p1
final,hs_n12,cell-ee40da9dfe709151e824f1c6d2dd6218d4a25314e0c45aadffd2f5858f0a8b86,job_to_state_s,0.16364152898313478,0.0006462580058723688,5,numpy_f32_p1
final,hs_n12,cell-ee40da9dfe709151e824f1c6d2dd6218d4a25314e0c45aadffd2f5858f0a8b86,job_to_state_cached_path_s,0.1636422220035456,0.0006463769823312759,5,numpy_f32_p1
final,qrng_n12,cell-69a5538f5ea60f479efe97fdb8c18c080e082869bb7df88e76702e8294db8779,prepared_call_s,0.17076760495547205,0.004409032058902085,5,upmem_int8
final,qrng_n12,cell-69a5538f5ea60f479efe97fdb8c18c080e082869bb7df88e76702e8294db8779,job_to_state_s,0.19167252001352608,0.0038122329860925674,5,upmem_int8
final,qrng_n12,cell-69a5538f5ea60f479efe97fdb8c18c080e082869bb7df88e76702e8294db8779,job_to_state_cached_path_s,0.1916728329961188,0.0038123129634186625,5,upmem_int8
final,qrng_n12,cell-69a5538f5ea60f479efe97fdb8c18c080e082869bb7df88e76702e8294db8779,kernel_s,0.004336749,4.1949000000000326e-05,5,upmem_int8
final,bv_n12,cell-459751a6893f82d32482207ee9909fc36cf60963aab2d9070a7b2b7326400f2b,prepared_call_s,0.0008301359484903514,5.269539542496204e-07,5,quest32_p1
final,bv_n12,cell-459751a6893f82d32482207ee9909fc36cf60963aab2d9070a7b2b7326400f2b,job_to_state_s,0.0008673029951751232,9.450013749301434e-07,5,quest32_p1
final,bv_n12,cell-459751a6893f82d32482207ee9909fc36cf60963aab2d9070a7b2b7326400f2b,job_to_state_cached_path_s,0.0008673029951751232,9.450013749301434e-07,5,quest32_p1
final,bv_n12,cell-459751a6893f82d32482207ee9909fc36cf60963aab2d9070a7b2b7326400f2b,kernel_s,0.0006444859900511801,1.1969823390245438e-06,5,quest32_p1
final,edc_n21,cell-8f6594d04e755e21f39a46d16f4385338540b37b173bee444ed5541cdf7992dc,prepared_call_s,0.6256132239941508,0.0008366129477508366,5,numpy_f32_p1
final,edc_n21,cell-8f6594d04e755e21f39a46d16f4385338540b37b173bee444ed5541cdf7992dc,job_to_state_s,0.7241592279751785,0.0022089009289629757,5,numpy_f32_p1
final,edc_n21,cell-8f6594d04e755e21f39a46d16f4385338540b37b173bee444ed5541cdf7992dc,job_to_state_cached_path_s,0.7241596599924378,0.002208741963841021,5,numpy_f32_p1
final,bb84_n20,cell-d42c88f944c088074c84e6a599416851d7fea62c4f2277f5a42b5af02d1348f5,prepared_call_s,0.0849198570358567,0.0008529810002073646,5,numpy_f32_p1
final,bb84_n20,cell-d42c88f944c088074c84e6a599416851d7fea62c4f2277f5a42b5af02d1348f5,job_to_state_s,0.12292664300184697,0.002559107029810548,5,numpy_f32_p1
final,bb84_n20,cell-d42c88f944c088074c84e6a599416851d7fea62c4f2277f5a42b5af02d1348f5,job_to_state_cached_path_s,0.12292747903848067,0.002558998065069318,5,numpy_f32_p1
final,bv_n22,cell-450db223f487f1c32ae26affce49393333d79a678215ac3658e7463b7a583192,prepared_call_s,0.7788284029811621,0.0008161130244843662,5,quest32_p1
final,bv_n22,cell-450db223f487f1c32ae26affce49393333d79a678215ac3658e7463b7a583192,job_to_state_s,0.7788770799525082,0.0008171320660039783,5,quest32_p1
final,bv_n22,cell-450db223f487f1c32ae26affce49393333d79a678215ac3658e7463b7a583192,job_to_state_cached_path_s,0.7788770799525082,0.0008171320660039783,5,quest32_p1
final,bv_n22,cell-450db223f487f1c32ae26affce49393333d79a678215ac3658e7463b7a583192,kernel_s,0.7379956580116414,0.0008510860498063266,5,quest32_p1
final,qrng_n24,cell-a5dcbb1665cf1cb19c64b686eef9ac4db953ae5e70b750d5d8adfb9df891d8f0,prepared_call_s,1.5536679360084236,0.0019535140017978847,5,quest32_p8
final,qrng_n24,cell-a5dcbb1665cf1cb19c64b686eef9ac4db953ae5e70b750d5d8adfb9df891d8f0,job_to_state_s,1.553701629047282,0.001954604929778725,5,quest32_p8
final,qrng_n24,cell-a5dcbb1665cf1cb19c64b686eef9ac4db953ae5e70b750d5d8adfb9df891d8f0,job_to_state_cached_path_s,1.553701629047282,0.001954604929778725,5,quest32_p8
final,qrng_n24,cell-a5dcbb1665cf1cb19c64b686eef9ac4db953ae5e70b750d5d8adfb9df891d8f0,kernel_s,1.39237710199086,0.0014656709972769022,5,quest32_p8
final,bb84_n22,cell-40e1a0476f8d9a0b7dbcb089de2a23878d108adc826e282986f4f0522e8ac59f,prepared_call_s,3.8010485720005818,0.012378055020235479,5,upmem_int8
final,bb84_n22,cell-40e1a0476f8d9a0b7dbcb089de2a23878d108adc826e282986f4f0522e8ac59f,job_to_state_s,3.8502205320401117,0.01276130008045584,5,upmem_int8
final,bb84_n22,cell-40e1a0476f8d9a0b7dbcb089de2a23878d108adc826e282986f4f0522e8ac59f,job_to_state_cached_path_s,3.8502208840218373,0.012761109042912722,5,upmem_int8
final,bb84_n22,cell-40e1a0476f8d9a0b7dbcb089de2a23878d108adc826e282986f4f0522e8ac59f,kernel_s,0.32964475200000004,0.0012294720000000092,5,upmem_int8
final,qrng_n22,cell-ae1e8a4f3a4779fed9813de57df114a3f832d4eadac4961382d63579e1d86cf2,prepared_call_s,0.3733233489911072,0.003181581967510283,5,numpy_f32_p1
final,qrng_n22,cell-ae1e8a4f3a4779fed9813de57df114a3f832d4eadac4961382d63579e1d86cf2,job_to_state_s,0.5354296430014074,0.005267294007353485,5,numpy_f32_p1
final,qrng_n22,cell-ae1e8a4f3a4779fed9813de57df114a3f832d4eadac4961382d63579e1d86cf2,job_to_state_cached_path_s,0.5354307899833657,0.005267563974484801,5,numpy_f32_p1
final,bb84_n18,cell-9d38b2b56913bdec783852b70057d3444bf19fc270e620131610a67eca766f5e,prepared_call_s,0.01855314802378416,1.4731020200997591e-05,5,quest32_p1
final,bb84_n18,cell-9d38b2b56913bdec783852b70057d3444bf19fc270e620131610a67eca766f5e,job_to_state_s,0.018583205994218588,1.1854979675263166e-05,5,quest32_p1
final,bb84_n18,cell-9d38b2b56913bdec783852b70057d3444bf19fc270e620131610a67eca766f5e,job_to_state_cached_path_s,0.018583205994218588,1.1854979675263166e-05,5,quest32_p1
final,bb84_n18,cell-9d38b2b56913bdec783852b70057d3444bf19fc270e620131610a67eca766f5e,kernel_s,0.015256070997565985,2.151803346350789e-05,5,quest32_p1
final,edc_n25,cell-4077ad1e65b0ed3b2f89f64d534f42a70ed0addc6c1da322f5aa981aa17d6e9c,prepared_call_s,3.309200036979746,0.0018270370201207697,5,quest32_p8
final,edc_n25,cell-4077ad1e65b0ed3b2f89f64d534f42a70ed0addc6c1da322f5aa981aa17d6e9c,job_to_state_s,3.3092418760061264,0.0018278020434081554,5,quest32_p8
final,edc_n25,cell-4077ad1e65b0ed3b2f89f64d534f42a70ed0addc6c1da322f5aa981aa17d6e9c,job_to_state_cached_path_s,3.3092418760061264,0.0018278020434081554,5,quest32_p8
final,edc_n25,cell-4077ad1e65b0ed3b2f89f64d534f42a70ed0addc6c1da322f5aa981aa17d6e9c,kernel_s,2.98775695200311,0.0015849730116315186,5,quest32_p8
final,xor_n12,cell-e3267e8fe1f63843f0b226241b26b9279a8a15b40fa973b23e3cb17fc1f4e5b5,prepared_call_s,0.009373801003675908,2.214201958850026e-05,5,numpy_f32_p1
final,xor_n12,cell-e3267e8fe1f63843f0b226241b26b9279a8a15b40fa973b23e3cb17fc1f4e5b5,job_to_state_s,0.02106557198567316,4.56959824077785e-05,5,numpy_f32_p1
final,xor_n12,cell-e3267e8fe1f63843f0b226241b26b9279a8a15b40fa973b23e3cb17fc1f4e5b5,job_to_state_cached_path_s,0.021066189976409078,4.595698555931449e-05,5,numpy_f32_p1
final,bv_n18,cell-ae7c3f6cc84e6d24e16e922928ed1258c82bdd84bf31fbd8be2559469d03b881,prepared_call_s,0.5663303829496726,0.0019174249609932303,5,upmem_f32
final,bv_n18,cell-ae7c3f6cc84e6d24e16e922928ed1258c82bdd84bf31fbd8be2559469d03b881,job_to_state_s,0.6742405070108362,0.0037216799682937562,5,upmem_f32
final,bv_n18,cell-ae7c3f6cc84e6d24e16e922928ed1258c82bdd84bf31fbd8be2559469d03b881,job_to_state_cached_path_s,0.6742409050348215,0.0037218270008452237,5,upmem_f32
final,bv_n18,cell-ae7c3f6cc84e6d24e16e922928ed1258c82bdd84bf31fbd8be2559469d03b881,kernel_s,0.058345969,3.578899999999441e-05,5,upmem_f32
final,bb84_n20,cell-2178028295158672bd3f1c143490f0dfc3692143024ed607da04111760a0b1a9,prepared_call_s,0.08182063995627686,3.466906491667032e-05,5,quest32_p1
final,bb84_n20,cell-2178028295158672bd3f1c143490f0dfc3692143024ed607da04111760a0b1a9,job_to_state_s,0.0818518569576554,3.5056029446423054e-05,5,quest32_p1
final,bb84_n20,cell-2178028295158672bd3f1c143490f0dfc3692143024ed607da04111760a0b1a9,job_to_state_cached_path_s,0.0818518569576554,3.5056029446423054e-05,5,quest32_p1
final,bb84_n20,cell-2178028295158672bd3f1c143490f0dfc3692143024ed607da04111760a0b1a9,kernel_s,0.07114432397065684,9.251304436475039e-05,5,quest32_p1
final,edc_n15,cell-1581b02889dd833e90b3bf0fcd9c7ed6ceb0203b34e44e71e9b1d71009e45c65,prepared_call_s,0.005265905987471342,9.606999810785055e-06,5,quest32_p8
final,edc_n15,cell-1581b02889dd833e90b3bf0fcd9c7ed6ceb0203b34e44e71e9b1d71009e45c65,job_to_state_s,0.00530016899574548,8.921953849494457e-06,5,quest32_p8
final,edc_n15,cell-1581b02889dd833e90b3bf0fcd9c7ed6ceb0203b34e44e71e9b1d71009e45c65,job_to_state_cached_path_s,0.00530016899574548,8.921953849494457e-06,5,quest32_p8
final,edc_n15,cell-1581b02889dd833e90b3bf0fcd9c7ed6ceb0203b34e44e71e9b1d71009e45c65,kernel_s,0.004422925994731486,1.8290011212229729e-06,5,quest32_p8
final,qrng_n24,cell-ecf5f14cbb85ba83dedebeb4ac8cebd90ac30f2b77455f72b1b7467ac94babb2,prepared_call_s,1.6782752349972725,0.0013432610430754721,5,numpy_f32_p1
final,qrng_n24,cell-ecf5f14cbb85ba83dedebeb4ac8cebd90ac30f2b77455f72b1b7467ac94babb2,job_to_state_s,2.390762660012115,0.003133832011371851,5,numpy_f32_p1
final,qrng_n24,cell-ecf5f14cbb85ba83dedebeb4ac8cebd90ac30f2b77455f72b1b7467ac94babb2,job_to_state_cached_path_s,2.390764438023325,0.0031340529676526785,5,numpy_f32_p1
final,qrng_n20,cell-5f0f6ff4daeeb76e74801c6e09ebcd9a322f0799802b55be90d8b3a11967c74d,prepared_call_s,0.08470663102343678,5.192897515371442e-05,5,quest32_p8
final,qrng_n20,cell-5f0f6ff4daeeb76e74801c6e09ebcd9a322f0799802b55be90d8b3a11967c74d,job_to_state_s,0.08473811607109383,5.266792140901089e-05,5,quest32_p8
final,qrng_n20,cell-5f0f6ff4daeeb76e74801c6e09ebcd9a322f0799802b55be90d8b3a11967c74d,job_to_state_cached_path_s,0.08473811607109383,5.266792140901089e-05,5,quest32_p8
final,qrng_n20,cell-5f0f6ff4daeeb76e74801c6e09ebcd9a322f0799802b55be90d8b3a11967c74d,kernel_s,0.07370016002096236,0.00010118004865944386,5,quest32_p8
final,bv_n22,cell-28586394a8c09684465dd641d1dd78a3bc962d2bbf82cd3f2318870da4d35f8d,prepared_call_s,0.46370833698892966,0.003701607056427747,5,numpy_f32_p1
final,bv_n22,cell-28586394a8c09684465dd641d1dd78a3bc962d2bbf82cd3f2318870da4d35f8d,job_to_state_s,0.6523431860259734,0.00854173896368593,5,numpy_f32_p1
final,bv_n22,cell-28586394a8c09684465dd641d1dd78a3bc962d2bbf82cd3f2318870da4d35f8d,job_to_state_cached_path_s,0.6523442540201358,0.008541493967641145,5,numpy_f32_p1
final,bv_n08,cell-158ffb2334b3b1c79c6fd4f980ab18468138c4216586e244d13f569a51a3b6bf,prepared_call_s,0.00033722497755661607,2.175976987928152e-06,5,quest32_p1
final,bv_n08,cell-158ffb2334b3b1c79c6fd4f980ab18468138c4216586e244d13f569a51a3b6bf,job_to_state_s,0.0003700329689309001,1.9659637473523617e-06,5,quest32_p1
final,bv_n08,cell-158ffb2334b3b1c79c6fd4f980ab18468138c4216586e244d13f569a51a3b6bf,job_to_state_cached_path_s,0.0003700329689309001,1.9659637473523617e-06,5,quest32_p1
final,bv_n08,cell-158ffb2334b3b1c79c6fd4f980ab18468138c4216586e244d13f569a51a3b6bf,kernel_s,0.00020077702356502414,2.322020009160042e-06,5,quest32_p1
final,bb84_n08,cell-3ff47eb70d8b5dc0490d9be4d34d7430adabe96e63f796a2db96777df5b474b9,prepared_call_s,0.13654869800666347,0.004454843990970403,5,upmem_int8
final,bb84_n08,cell-3ff47eb70d8b5dc0490d9be4d34d7430adabe96e63f796a2db96777df5b474b9,job_to_state_s,0.1491656310390681,0.0038247709744609892,5,upmem_int8
final,bb84_n08,cell-3ff47eb70d8b5dc0490d9be4d34d7430adabe96e63f796a2db96777df5b474b9,job_to_state_cached_path_s,0.14916590799111873,0.003824824991170317,5,upmem_int8
final,bb84_n08,cell-3ff47eb70d8b5dc0490d9be4d34d7430adabe96e63f796a2db96777df5b474b9,kernel_s,0.001347328,9.267999999999993e-06,5,upmem_int8
final,edc_n07,cell-6bf9d8045f26ddb4eb539d82716dcd7b25d3afa24643c30376946c25774d706b,prepared_call_s,0.00028248096350580454,2.8720241971313953e-06,5,quest32_p8
final,edc_n07,cell-6bf9d8045f26ddb4eb539d82716dcd7b25d3afa24643c30376946c25774d706b,job_to_state_s,0.00031030597165226936,2.858054358512163e-06,5,quest32_p8
final,edc_n07,cell-6bf9d8045f26ddb4eb539d82716dcd7b25d3afa24643c30376946c25774d706b,job_to_state_cached_path_s,0.00031030597165226936,2.858054358512163e-06,5,quest32_p8
final,edc_n07,cell-6bf9d8045f26ddb4eb539d82716dcd7b25d3afa24643c30376946c25774d706b,kernel_s,0.00015055801486596465,1.6060075722634792e-06,5,quest32_p8
final,xor_n22,cell-eb5f93756eec0085316a903639a4f61ad0ea3cf034ca7c0304e15af3b56d2ceb,prepared_call_s,3.5535594549728557,0.00913085404317826,5,upmem_int8
final,xor_n22,cell-eb5f93756eec0085316a903639a4f61ad0ea3cf034ca7c0304e15af3b56d2ceb,job_to_state_s,3.646550906007178,0.01050144899636507,5,upmem_int8
final,xor_n22,cell-eb5f93756eec0085316a903639a4f61ad0ea3cf034ca7c0304e15af3b56d2ceb,job_to_state_cached_path_s,3.6465512690483592,0.010501447948627174,5,upmem_int8
final,xor_n22,cell-eb5f93756eec0085316a903639a4f61ad0ea3cf034ca7c0304e15af3b56d2ceb,kernel_s,0.12869962100000001,7.260800000000178e-05,5,upmem_int8
final,stress_n08_l2,cell-d044f631516496ce8057a77b4c505322867d0afedd41b1a0a8741daf7b339f30,prepared_call_s,0.3969438220374286,0.006414605071768165,5,upmem_int8
final,stress_n08_l2,cell-d044f631516496ce8057a77b4c505322867d0afedd41b1a0a8741daf7b339f30,job_to_state_s,0.5137100089923479,0.005670909013133496,5,upmem_int8
final,stress_n08_l2,cell-d044f631516496ce8057a77b4c505322867d0afedd41b1a0a8741daf7b339f30,job_to_state_cached_path_s,0.513710347993765,0.005670847021974623,5,upmem_int8
final,stress_n08_l2,cell-d044f631516496ce8057a77b4c505322867d0afedd41b1a0a8741daf7b339f30,kernel_s,0.004217376,3.6160000000005563e-06,5,upmem_int8
final,qrng_n22,cell-e1adb642f77e259b745158f9b6b7fde2c6953e6e617dc7ea5477d3fe8d890ba0,prepared_call_s,3.695245859969873,0.08582327800104395,5,upmem_int8
final,qrng_n22,cell-e1adb642f77e259b745158f9b6b7fde2c6953e6e617dc7ea5477d3fe8d890ba0,job_to_state_s,3.746129942999687,0.08609295502537861,5,upmem_int8
final,qrng_n22,cell-e1adb642f77e259b745158f9b6b7fde2c6953e6e617dc7ea5477d3fe8d890ba0,job_to_state_cached_path_s,3.7461303409654647,0.08609298698138446,5,upmem_int8
final,qrng_n22,cell-e1adb642f77e259b745158f9b6b7fde2c6953e6e617dc7ea5477d3fe8d890ba0,kernel_s,0.248860112,0.0007270419999999833,5,upmem_int8
final,xor_n12,cell-5938e94120869282fcb0d5f57f6228bdeaadb0819ee76fa63189cc77c5fbcd2d,prepared_call_s,0.0006611860007978976,2.662010956555605e-06,5,quest32_p1
final,xor_n12,cell-5938e94120869282fcb0d5f57f6228bdeaadb0819ee76fa63189cc77c5fbcd2d,job_to_state_s,0.000695337017532438,3.615044988691807e-06,5,quest32_p1
final,xor_n12,cell-5938e94120869282fcb0d5f57f6228bdeaadb0819ee76fa63189cc77c5fbcd2d,job_to_state_cached_path_s,0.000695337017532438,3.615044988691807e-06,5,quest32_p1
final,xor_n12,cell-5938e94120869282fcb0d5f57f6228bdeaadb0819ee76fa63189cc77c5fbcd2d,kernel_s,0.00047600804828107357,2.4700420908629894e-06,5,quest32_p1
final,bb84_n16,cell-93a3c6d5a67a61c0fe746a3d26cc9f9123fdad86b2665b506b200d8278fd0d63,prepared_call_s,0.011158372974023223,0.00016378104919567704,5,numpy_f32_p1
final,bb84_n16,cell-93a3c6d5a67a61c0fe746a3d26cc9f9123fdad86b2665b506b200d8278fd0d63,job_to_state_s,0.02158655202947557,4.643999272957444e-05,5,numpy_f32_p1
final,bb84_n16,cell-93a3c6d5a67a61c0fe746a3d26cc9f9123fdad86b2665b506b200d8278fd0d63,job_to_state_cached_path_s,0.021586825023405254,4.656700184568763e-05,5,numpy_f32_p1
final,hs_n08,cell-ffe9c5a01d37d446e464edec6c04b86b2873aa5a4b8a36af979bebb465b54dea,prepared_call_s,0.4327795460121706,0.004205270030070096,5,upmem_f32
final,hs_n08,cell-ffe9c5a01d37d446e464edec6c04b86b2873aa5a4b8a36af979bebb465b54dea,job_to_state_s,0.6264637539861724,0.005238979996647686,5,upmem_f32
final,hs_n08,cell-ffe9c5a01d37d446e464edec6c04b86b2873aa5a4b8a36af979bebb465b54dea,job_to_state_cached_path_s,0.6264641539892182,0.005238858982920647,5,upmem_f32
final,hs_n08,cell-ffe9c5a01d37d446e464edec6c04b86b2873aa5a4b8a36af979bebb465b54dea,kernel_s,0.006547602,4.37430000000006e-05,5,upmem_f32
final,bb84_n08,cell-e1f388e9d6f39b9804f08028498579504700b2bfe5ac622e0c5f7a5cd007ff00,prepared_call_s,0.13886448397533968,0.0038875400205142796,5,upmem_f32
final,bb84_n08,cell-e1f388e9d6f39b9804f08028498579504700b2bfe5ac622e0c5f7a5cd007ff00,job_to_state_s,0.15138284396380186,0.00382495200028643,5,upmem_f32
final,bb84_n08,cell-e1f388e9d6f39b9804f08028498579504700b2bfe5ac622e0c5f7a5cd007ff00,job_to_state_cached_path_s,0.15138351201312616,0.003824557992629707,5,upmem_f32
final,bb84_n08,cell-e1f388e9d6f39b9804f08028498579504700b2bfe5ac622e0c5f7a5cd007ff00,kernel_s,0.002046258,6.017999999999562e-06,5,upmem_f32
final,hs_n22,cell-fb42ede547b086c2d3c783b4ae717ba53f5721ee699408a8ef0151f801febcf6,prepared_call_s,0.39185766997979954,0.00281229498796165,5,numpy_f32_p1
final,hs_n22,cell-fb42ede547b086c2d3c783b4ae717ba53f5721ee699408a8ef0151f801febcf6,job_to_state_s,0.9889301150105894,0.009738229040522128,5,numpy_f32_p1
final,hs_n22,cell-fb42ede547b086c2d3c783b4ae717ba53f5721ee699408a8ef0151f801febcf6,job_to_state_cached_path_s,0.9889308350393549,0.009738563967403024,5,numpy_f32_p1
final,hs_n22,cell-f1fdca0e87511c7f8a4205bba9e9674ee01250036bbcd58a7753750f8603529d,prepared_call_s,2.179116926039569,0.00127215008251369,5,quest32_p8
final,hs_n22,cell-f1fdca0e87511c7f8a4205bba9e9674ee01250036bbcd58a7753750f8603529d,job_to_state_s,2.1792148610693403,0.001268792140763253,5,quest32_p8
final,hs_n22,cell-f1fdca0e87511c7f8a4205bba9e9674ee01250036bbcd58a7753750f8603529d,job_to_state_cached_path_s,2.1792148610693403,0.001268792140763253,5,quest32_p8
final,hs_n22,cell-f1fdca0e87511c7f8a4205bba9e9674ee01250036bbcd58a7753750f8603529d,kernel_s,2.1378707510302775,0.0011415199260227382,5,quest32_p8
final,stress_n16_l2,cell-37f3a955661a04ce32a15c05146c5cd558db15e8bf466f0bc7704169dad86f04,prepared_call_s,0.02249083895003423,1.1752068530768156e-05,5,quest32_p1
final,stress_n16_l2,cell-37f3a955661a04ce32a15c05146c5cd558db15e8bf466f0bc7704169dad86f04,job_to_state_s,0.02257261291379109,1.4085089787840843e-05,5,quest32_p1
final,stress_n16_l2,cell-37f3a955661a04ce32a15c05146c5cd558db15e8bf466f0bc7704169dad86f04,job_to_state_cached_path_s,0.02257261291379109,1.4085089787840843e-05,5,quest32_p1
final,stress_n16_l2,cell-37f3a955661a04ce32a15c05146c5cd558db15e8bf466f0bc7704169dad86f04,kernel_s,0.02161793695995584,2.1261046640574932e-05,5,quest32_p1
final,edc_n21,cell-556291fb641ea6f464a0d07e6f835c318b2a8078a511a3b3a847bfc1dd0d4b21,prepared_call_s,2.1406101349857636,0.024775151978246868,5,upmem_int8
final,edc_n21,cell-556291fb641ea6f464a0d07e6f835c318b2a8078a511a3b3a847bfc1dd0d4b21,job_to_state_s,2.2179174050106667,0.024403453047852963,5,upmem_int8
final,edc_n21,cell-556291fb641ea6f464a0d07e6f835c318b2a8078a511a3b3a847bfc1dd0d4b21,job_to_state_cached_path_s,2.2179177650250494,0.024403517076279968,5,upmem_int8
final,edc_n21,cell-556291fb641ea6f464a0d07e6f835c318b2a8078a511a3b3a847bfc1dd0d4b21,kernel_s,0.205175735,3.391500000002323e-05,5,upmem_int8
final,qrng_n26,cell-9d8337cae205677847c72b61eabb3bcf207b49fca182734bdd453dd65f4a7725,prepared_call_s,6.676782285969239,0.00414834899129346,5,quest32_p1
final,qrng_n26,cell-9d8337cae205677847c72b61eabb3bcf207b49fca182734bdd453dd65f4a7725,job_to_state_s,6.676818465988617,0.004150788998231292,5,quest32_p1
final,qrng_n26,cell-9d8337cae205677847c72b61eabb3bcf207b49fca182734bdd453dd65f4a7725,job_to_state_cached_path_s,6.676818465988617,0.004150788998231292,5,quest32_p1
final,qrng_n26,cell-9d8337cae205677847c72b61eabb3bcf207b49fca182734bdd453dd65f4a7725,kernel_s,6.037452059972566,0.004745587939396501,5,quest32_p1
final,bv_n12,cell-471b7b41945f165cd52a7d57dbf3fe7c36ef3a121b4569a3087f021ea315242c,prepared_call_s,0.25564073701389134,0.0054169740178622305,5,upmem_f32
final,bv_n12,cell-471b7b41945f165cd52a7d57dbf3fe7c36ef3a121b4569a3087f021ea315242c,job_to_state_s,0.3073479249724187,0.005474045989103615,5,upmem_f32
final,bv_n12,cell-471b7b41945f165cd52a7d57dbf3fe7c36ef3a121b4569a3087f021ea315242c,job_to_state_cached_path_s,0.30734846799168736,0.005474224977660924,5,upmem_f32
final,bv_n12,cell-471b7b41945f165cd52a7d57dbf3fe7c36ef3a121b4569a3087f021ea315242c,kernel_s,0.006942273,1.044600000000076e-05,5,upmem_f32
final,stress_n18_l2,cell-e320426b871106cf79b23a15de609121a7722efd66f817369d1c2498f3cbd976,prepared_call_s,2.175288068014197,0.015404786041472107,5,upmem_int8
final,stress_n18_l2,cell-e320426b871106cf79b23a15de609121a7722efd66f817369d1c2498f3cbd976,job_to_state_s,3.6478271309752017,0.025855007930658758,5,upmem_int8
final,stress_n18_l2,cell-e320426b871106cf79b23a15de609121a7722efd66f817369d1c2498f3cbd976,job_to_state_cached_path_s,3.6478276179987006,0.025855052983388305,5,upmem_int8
final,stress_n18_l2,cell-e320426b871106cf79b23a15de609121a7722efd66f817369d1c2498f3cbd976,kernel_s,0.022552271999999998,1.570399999999833e-05,5,upmem_int8
final,stress_n16_l2,cell-73d22bb509850556b99799bce919c5d38639123ae83278af685126952f77252c,prepared_call_s,0.8543751889956184,0.008403696003369987,5,upmem_int8
final,stress_n16_l2,cell-73d22bb509850556b99799bce919c5d38639123ae83278af685126952f77252c,job_to_state_s,1.2051620399579406,0.019004757050424814,5,upmem_int8
final,stress_n16_l2,cell-73d22bb509850556b99799bce919c5d38639123ae83278af685126952f77252c,job_to_state_cached_path_s,1.205162330006715,0.01900478999596089,5,upmem_int8
final,stress_n16_l2,cell-73d22bb509850556b99799bce919c5d38639123ae83278af685126952f77252c,kernel_s,0.015839774,8.315399999999848e-05,5,upmem_int8
final,bv_n24,cell-5043892844c799e67df9d5d5bbc5a9a98d3ebb6676bb4288eb9c51ad7bc7150b,prepared_call_s,16.33984768902883,0.07754765602294356,5,upmem_int8
final,bv_n24,cell-5043892844c799e67df9d5d5bbc5a9a98d3ebb6676bb4288eb9c51ad7bc7150b,job_to_state_s,16.5105020700139,0.07691395899746567,5,upmem_int8
final,bv_n24,cell-5043892844c799e67df9d5d5bbc5a9a98d3ebb6676bb4288eb9c51ad7bc7150b,job_to_state_cached_path_s,16.510502420016564,0.07691406999947503,5,upmem_int8
final,bv_n24,cell-5043892844c799e67df9d5d5bbc5a9a98d3ebb6676bb4288eb9c51ad7bc7150b,kernel_s,1.3040604420000002,0.0010048729999998507,5,upmem_int8
final,bv_n20,cell-f3bbc753d334c389c64eecd68ade721e29cfcca6374a9fa833db608d35c95ed2,prepared_call_s,0.08453313197242096,0.0016806700150482357,5,numpy_f32_p1
final,bv_n20,cell-f3bbc753d334c389c64eecd68ade721e29cfcca6374a9fa833db608d35c95ed2,job_to_state_s,0.1428417909773998,0.00038482301170006394,5,numpy_f32_p1
final,bv_n20,cell-f3bbc753d334c389c64eecd68ade721e29cfcca6374a9fa833db608d35c95ed2,job_to_state_cached_path_s,0.14284284098539501,0.0003846550243906677,5,numpy_f32_p1
final,bb84_n20,cell-0ebd443175cfba0d1e2ec559bbed4d65b09e902a93c097e7fec403a0a71bd6d8,prepared_call_s,1.1002382999868132,0.014623279974330217,5,upmem_f32
final,bb84_n20,cell-0ebd443175cfba0d1e2ec559bbed4d65b09e902a93c097e7fec403a0a71bd6d8,job_to_state_s,1.1422596720512956,0.014560997078660876,5,upmem_f32
final,bb84_n20,cell-0ebd443175cfba0d1e2ec559bbed4d65b09e902a93c097e7fec403a0a71bd6d8,job_to_state_cached_path_s,1.1422603820101358,0.014561262039933354,5,upmem_f32
final,bb84_n20,cell-0ebd443175cfba0d1e2ec559bbed4d65b09e902a93c097e7fec403a0a71bd6d8,kernel_s,0.21739951999999998,5.614600000003467e-05,5,upmem_f32
final,stress_n08_l2,cell-7e48e692edc6020f8a3c09318583a4aff9b79138d19b8c018ba25a3c98f7fdcf,prepared_call_s,0.01723734097322449,0.00011604302562773228,5,numpy_f32_p1
final,stress_n08_l2,cell-7e48e692edc6020f8a3c09318583a4aff9b79138d19b8c018ba25a3c98f7fdcf,job_to_state_s,0.05602257902501151,0.000594934041146189,5,numpy_f32_p1
final,stress_n08_l2,cell-7e48e692edc6020f8a3c09318583a4aff9b79138d19b8c018ba25a3c98f7fdcf,job_to_state_cached_path_s,0.05602282303152606,0.0005949040059931576,5,numpy_f32_p1
final,qrng_n08,cell-fd4a48867dc75ef2e6c7d21042f64754c69bb8e8fd65dc3e859d639bee4011e4,prepared_call_s,0.00022164004622027278,6.0070306062698364e-06,5,quest32_p1
final,qrng_n08,cell-fd4a48867dc75ef2e6c7d21042f64754c69bb8e8fd65dc3e859d639bee4011e4,job_to_state_s,0.00024582899641245604,6.507965736091137e-06,5,quest32_p1
final,qrng_n08,cell-fd4a48867dc75ef2e6c7d21042f64754c69bb8e8fd65dc3e859d639bee4011e4,job_to_state_cached_path_s,0.00024582899641245604,6.507965736091137e-06,5,quest32_p1
final,qrng_n08,cell-fd4a48867dc75ef2e6c7d21042f64754c69bb8e8fd65dc3e859d639bee4011e4,kernel_s,8.766702376306057e-05,3.2720272429287434e-06,5,quest32_p1
final,hs_n24,cell-5956a913b226f163ee73ae9279a9488a8ac82d0fde52a66c814021319fb28169,prepared_call_s,9.4099034370156,0.0030059770215302706,5,quest32_p1
final,hs_n24,cell-5956a913b226f163ee73ae9279a9488a8ac82d0fde52a66c814021319fb28169,job_to_state_s,9.410011156986002,0.003007038962095976,5,quest32_p1
final,hs_n24,cell-5956a913b226f163ee73ae9279a9488a8ac82d0fde52a66c814021319fb28169,job_to_state_cached_path_s,9.410011156986002,0.003007038962095976,5,quest32_p1
final,hs_n24,cell-5956a913b226f163ee73ae9279a9488a8ac82d0fde52a66c814021319fb28169,kernel_s,9.248749061021954,0.0023748710518702865,5,quest32_p1
final,qrng_n24,cell-62ee2f34bdb368f6e3ce4181e44315cc30c19e4c1c9e9984cea82ed6e50e566a,prepared_call_s,1.550649999990128,0.0009807909955270588,5,quest32_p1
final,qrng_n24,cell-62ee2f34bdb368f6e3ce4181e44315cc30c19e4c1c9e9984cea82ed6e50e566a,job_to_state_s,1.5506853399565443,0.0009817939717322588,5,quest32_p1
final,qrng_n24,cell-62ee2f34bdb368f6e3ce4181e44315cc30c19e4c1c9e9984cea82ed6e50e566a,job_to_state_cached_path_s,1.5506853399565443,0.0009817939717322588,5,quest32_p1
final,qrng_n24,cell-62ee2f34bdb368f6e3ce4181e44315cc30c19e4c1c9e9984cea82ed6e50e566a,kernel_s,1.3898346910136752,0.0008469730382785201,5,quest32_p1
final,bv_n26,cell-bdd7a6cb9ea2057e864471d047bf9a782105b85547783f17641385ab15b417e0,prepared_call_s,14.742549029993825,0.010264309006743133,5,quest32_p8
final,bv_n26,cell-bdd7a6cb9ea2057e864471d047bf9a782105b85547783f17641385ab15b417e0,job_to_state_s,14.742603901016992,0.010265186021570116,5,quest32_p8
final,bv_n26,cell-bdd7a6cb9ea2057e864471d047bf9a782105b85547783f17641385ab15b417e0,job_to_state_cached_path_s,14.742603901016992,0.010265186021570116,5,quest32_p8
final,bv_n26,cell-bdd7a6cb9ea2057e864471d047bf9a782105b85547783f17641385ab15b417e0,kernel_s,14.100636182003655,0.010277826979290694,5,quest32_p8
final,bb84_n18,cell-13be369a9374342014f4b4815dc778b554982b97109e21fbcd34d0807086d1bb,prepared_call_s,0.02078809798695147,3.402703441679478e-05,5,quest32_p8
final,bb84_n18,cell-13be369a9374342014f4b4815dc778b554982b97109e21fbcd34d0807086d1bb,job_to_state_s,0.020819741999730468,3.476807614788413e-05,5,quest32_p8
final,bb84_n18,cell-13be369a9374342014f4b4815dc778b554982b97109e21fbcd34d0807086d1bb,job_to_state_cached_path_s,0.020819741999730468,3.476807614788413e-05,5,quest32_p8
final,bb84_n18,cell-13be369a9374342014f4b4815dc778b554982b97109e21fbcd34d0807086d1bb,kernel_s,0.017137187998741865,4.261196590960026e-05,5,quest32_p8
final,bv_n22,cell-3a683ea5413077ba2b7cafebdc31decdb0a1fe5b10195dd1a1f10575f1809c10,prepared_call_s,4.042097224970348,0.12396907596848905,5,upmem_int8
final,bv_n22,cell-3a683ea5413077ba2b7cafebdc31decdb0a1fe5b10195dd1a1f10575f1809c10,job_to_state_s,4.1738398860325105,0.12337913602823392,5,upmem_int8
final,bv_n22,cell-3a683ea5413077ba2b7cafebdc31decdb0a1fe5b10195dd1a1f10575f1809c10,job_to_state_cached_path_s,4.173840220028069,0.12337912700604647,5,upmem_int8
final,bv_n22,cell-3a683ea5413077ba2b7cafebdc31decdb0a1fe5b10195dd1a1f10575f1809c10,kernel_s,0.32800267,0.0003788519999999851,5,upmem_int8
final,qrng_n20,cell-32c8fb9719aad45a959fd2c14cd01dc33cca81e061ce8f5b21e269f1e29a48a2,prepared_call_s,0.08060713700251654,0.00210136198438704,5,numpy_f32_p1
final,qrng_n20,cell-32c8fb9719aad45a959fd2c14cd01dc33cca81e061ce8f5b21e269f1e29a48a2,job_to_state_s,0.11608902696752921,0.0026900150696747005,5,numpy_f32_p1
final,qrng_n20,cell-32c8fb9719aad45a959fd2c14cd01dc33cca81e061ce8f5b21e269f1e29a48a2,job_to_state_cached_path_s,0.11608969396911561,0.002689985034521669,5,numpy_f32_p1
final,bv_n22,cell-67188be7d754ee4ce38103f16d7082a36cbbe6442d83b94847ce2c2fe325f976,prepared_call_s,3.3675465490086935,0.03186698799254373,5,upmem_f32
final,bv_n22,cell-67188be7d754ee4ce38103f16d7082a36cbbe6442d83b94847ce2c2fe325f976,job_to_state_s,3.501349934958853,0.03448754793498665,5,upmem_f32
final,bv_n22,cell-67188be7d754ee4ce38103f16d7082a36cbbe6442d83b94847ce2c2fe325f976,job_to_state_cached_path_s,3.501350298000034,0.03448756400030106,5,upmem_f32
final,bv_n22,cell-67188be7d754ee4ce38103f16d7082a36cbbe6442d83b94847ce2c2fe325f976,kernel_s,0.42809986099999997,0.00021886199999998635,5,upmem_f32
final,hs_n26,cell-247c27c62338c5f92f3db7a72e0bd6747d0a01a37fb5ccace81e6a9327084f7e,prepared_call_s,40.77222676796373,0.018965080089401454,5,quest32_p1
final,hs_n26,cell-247c27c62338c5f92f3db7a72e0bd6747d0a01a37fb5ccace81e6a9327084f7e,job_to_state_s,40.77233619900653,0.018970364064443856,5,quest32_p1
final,hs_n26,cell-247c27c62338c5f92f3db7a72e0bd6747d0a01a37fb5ccace81e6a9327084f7e,job_to_state_cached_path_s,40.77233619900653,0.018970364064443856,5,quest32_p1
final,hs_n26,cell-247c27c62338c5f92f3db7a72e0bd6747d0a01a37fb5ccace81e6a9327084f7e,kernel_s,40.13303512701532,0.019275092985481024,5,quest32_p1
final,bv_n12,cell-a83b63fd40a9958cf74213c47ddab7a620516ba289d5da68d4418af3f812704f,prepared_call_s,0.011258146027103066,1.0019924957305193e-05,5,numpy_f32_p1
final,bv_n12,cell-a83b63fd40a9958cf74213c47ddab7a620516ba289d5da68d4418af3f812704f,job_to_state_s,0.028541804989799857,0.00027300702640786767,5,numpy_f32_p1
final,bv_n12,cell-a83b63fd40a9958cf74213c47ddab7a620516ba289d5da68d4418af3f812704f,job_to_state_cached_path_s,0.02854217099957168,0.00027309602592140436,5,numpy_f32_p1
final,edc_n15,cell-46edd87dc19302dbfa029f34236f170a0dfcba3c9842846a506a536b5ec2f080,prepared_call_s,0.40577583195408806,0.009909910033456981,5,upmem_f32
final,edc_n15,cell-46edd87dc19302dbfa029f34236f170a0dfcba3c9842846a506a536b5ec2f080,job_to_state_s,0.456162451999262,0.010141164995729923,5,upmem_f32
final,edc_n15,cell-46edd87dc19302dbfa029f34236f170a0dfcba3c9842846a506a536b5ec2f080,job_to_state_cached_path_s,0.4561628839583136,0.01014104502974078,5,upmem_f32
final,edc_n15,cell-46edd87dc19302dbfa029f34236f170a0dfcba3c9842846a506a536b5ec2f080,kernel_s,0.079407683,2.8833999999991478e-05,5,upmem_f32
final,qrng_n16,cell-5fc8bf28b407f4192e85a8aa8f7457a936c893644653a1b2a73c0d47592e5679,prepared_call_s,0.006572626007255167,1.270999200642109e-05,5,quest32_p8
final,qrng_n16,cell-5fc8bf28b407f4192e85a8aa8f7457a936c893644653a1b2a73c0d47592e5679,job_to_state_s,0.006600968015845865,1.349597005173564e-05,5,quest32_p8
final,qrng_n16,cell-5fc8bf28b407f4192e85a8aa8f7457a936c893644653a1b2a73c0d47592e5679,job_to_state_cached_path_s,0.006600968015845865,1.349597005173564e-05,5,quest32_p8
final,qrng_n16,cell-5fc8bf28b407f4192e85a8aa8f7457a936c893644653a1b2a73c0d47592e5679,kernel_s,0.005368122016079724,1.3473036233335733e-05,5,quest32_p8
final,xor_n26,cell-d626d7333e51c1900ca2ed0700f6533c0196e7bedec4a924c0734771006a02be,prepared_call_s,10.168076808040496,0.017401588964276016,5,quest32_p1
final,xor_n26,cell-d626d7333e51c1900ca2ed0700f6533c0196e7bedec4a924c0734771006a02be,job_to_state_s,10.16812354105059,0.01740270492155105,5,quest32_p1
final,xor_n26,cell-d626d7333e51c1900ca2ed0700f6533c0196e7bedec4a924c0734771006a02be,job_to_state_cached_path_s,10.16812354105059,0.01740270492155105,5,quest32_p1
final,xor_n26,cell-d626d7333e51c1900ca2ed0700f6533c0196e7bedec4a924c0734771006a02be,kernel_s,9.52675833797548,0.015896767028607428,5,quest32_p1
final,bb84_n12,cell-6bd11d846169f74b58610586ef7d0cbbfe21b2b4a546259f2b350ba5c4f7c19c,prepared_call_s,0.172813901968766,0.0041586859151721,5,upmem_int8
final,bb84_n12,cell-6bd11d846169f74b58610586ef7d0cbbfe21b2b4a546259f2b350ba5c4f7c19c,job_to_state_s,0.1942028059856966,0.004292515979614109,5,upmem_int8
final,bb84_n12,cell-6bd11d846169f74b58610586ef7d0cbbfe21b2b4a546259f2b350ba5c4f7c19c,job_to_state_cached_path_s,0.19420319597702473,0.004292444966267794,5,upmem_int8
final,bb84_n12,cell-6bd11d846169f74b58610586ef7d0cbbfe21b2b4a546259f2b350ba5c4f7c19c,kernel_s,0.00359807,7.989999999996784e-07,5,upmem_int8
final,bv_n24,cell-caef1c7e8a4ef7ee9bf491df88ff00debf972962f943c1370954f009706c8120,prepared_call_s,3.386905673018191,0.0022331379586830735,5,quest32_p1
final,bv_n24,cell-caef1c7e8a4ef7ee9bf491df88ff00debf972962f943c1370954f009706c8120,job_to_state_s,3.386957308044657,0.0022324269521050155,5,quest32_p1
final,bv_n24,cell-caef1c7e8a4ef7ee9bf491df88ff00debf972962f943c1370954f009706c8120,job_to_state_cached_path_s,3.386957308044657,0.0022324269521050155,5,quest32_p1
final,bv_n24,cell-caef1c7e8a4ef7ee9bf491df88ff00debf972962f943c1370954f009706c8120,kernel_s,3.225940598989837,0.0026773890131153166,5,quest32_p1
final,hs_n18,cell-55edcc10b73b7feaf27e3e156700b5210f5c7fff007ff679514c3e2bfdc0ea82,prepared_call_s,0.1242639750125818,6.4122024923563e-05,5,quest32_p8
final,hs_n18,cell-55edcc10b73b7feaf27e3e156700b5210f5c7fff007ff679514c3e2bfdc0ea82,job_to_state_s,0.12434612400829792,6.154901348054409e-05,5,quest32_p8
final,hs_n18,cell-55edcc10b73b7feaf27e3e156700b5210f5c7fff007ff679514c3e2bfdc0ea82,job_to_state_cached_path_s,0.12434612400829792,6.154901348054409e-05,5,quest32_p8
final,hs_n18,cell-55edcc10b73b7feaf27e3e156700b5210f5c7fff007ff679514c3e2bfdc0ea82,kernel_s,0.12060897098854184,5.896296352148056e-05,5,quest32_p8
final,bb84_n22,cell-aa788637ade7983c347a2354c58130d8ad7204e172fcf8aa0628d7cb81d81f9e,prepared_call_s,0.3487034449935891,0.00015542696928605437,5,quest32_p8
final,bb84_n22,cell-aa788637ade7983c347a2354c58130d8ad7204e172fcf8aa0628d7cb81d81f9e,job_to_state_s,0.34873678197618574,0.00015400093980133533,5,quest32_p8
final,bb84_n22,cell-aa788637ade7983c347a2354c58130d8ad7204e172fcf8aa0628d7cb81d81f9e,job_to_state_cached_path_s,0.34873678197618574,0.00015400093980133533,5,quest32_p8
final,bb84_n22,cell-aa788637ade7983c347a2354c58130d8ad7204e172fcf8aa0628d7cb81d81f9e,kernel_s,0.30739964597159997,5.588703788816929e-05,5,quest32_p8
final,bv_n20,cell-e24914c7572499b7aaa30031a770b53d782dc4bc694746edec09c41e31bd1e76,prepared_call_s,0.18195369601016864,0.00024371698964387178,5,quest32_p8
final,bv_n20,cell-e24914c7572499b7aaa30031a770b53d782dc4bc694746edec09c41e31bd1e76,job_to_state_s,0.1820041230530478,0.00024790404131636024,5,quest32_p8
final,bv_n20,cell-e24914c7572499b7aaa30031a770b53d782dc4bc694746edec09c41e31bd1e76,job_to_state_cached_path_s,0.1820041230530478,0.00024790404131636024,5,quest32_p8
final,bv_n20,cell-e24914c7572499b7aaa30031a770b53d782dc4bc694746edec09c41e31bd1e76,kernel_s,0.17092999396845698,0.0003265170380473137,5,quest32_p8
final,qrng_n08,cell-b3f4f57e3a4406c112272b27e0f3ebc5db80c2562dd233e198d6113c026b6c91,prepared_call_s,0.1207164810039103,0.007646671961992979,5,upmem_f32
final,qrng_n08,cell-b3f4f57e3a4406c112272b27e0f3ebc5db80c2562dd233e198d6113c026b6c91,job_to_state_s,0.13246478198561817,0.008042202971410006,5,upmem_f32
final,qrng_n08,cell-b3f4f57e3a4406c112272b27e0f3ebc5db80c2562dd233e198d6113c026b6c91,job_to_state_cached_path_s,0.13246541301487014,0.008042573987040669,5,upmem_f32
final,qrng_n08,cell-b3f4f57e3a4406c112272b27e0f3ebc5db80c2562dd233e198d6113c026b6c91,kernel_s,0.002131734,3.3529999999997763e-06,5,upmem_f32
final,edc_n15,cell-18d1270119887566ddbf58227af35c14144ce0e05f9946046c90059469c57dd3,prepared_call_s,0.0024686090182513,4.756031557917595e-06,5,quest32_p1
final,edc_n15,cell-18d1270119887566ddbf58227af35c14144ce0e05f9946046c90059469c57dd3,job_to_state_s,0.0025030560209415853,4.799047019332647e-06,5,quest32_p1
final,edc_n15,cell-18d1270119887566ddbf58227af35c14144ce0e05f9946046c90059469c57dd3,job_to_state_cached_path_s,0.0025030560209415853,4.799047019332647e-06,5,quest32_p1
final,edc_n15,cell-18d1270119887566ddbf58227af35c14144ce0e05f9946046c90059469c57dd3,kernel_s,0.001967485004570335,1.0980293154716492e-06,5,quest32_p1
final,stress_n18_l2,cell-8aa4a7936196294ff15111d5ed6f7fb796267bbca5c1b935c2356525636fd839,prepared_call_s,0.07420718396315351,0.0007252789800986648,5,numpy_f32_p1
final,stress_n18_l2,cell-8aa4a7936196294ff15111d5ed6f7fb796267bbca5c1b935c2356525636fd839,job_to_state_s,0.5608180910348892,0.004608826944604516,5,numpy_f32_p1
final,stress_n18_l2,cell-8aa4a7936196294ff15111d5ed6f7fb796267bbca5c1b935c2356525636fd839,job_to_state_cached_path_s,0.5608186780009419,0.004608645976986736,5,numpy_f32_p1
final,xor_n26,cell-3bc8151827cdd61e7501b802104c6ebae9d1c24d6ae1a6a8f77bf0618352bab9,prepared_call_s,10.24260574602522,0.007013726979494095,5,quest32_p8
final,xor_n26,cell-3bc8151827cdd61e7501b802104c6ebae9d1c24d6ae1a6a8f77bf0618352bab9,job_to_state_s,10.242652051034383,0.007013823953457177,5,quest32_p8
final,xor_n26,cell-3bc8151827cdd61e7501b802104c6ebae9d1c24d6ae1a6a8f77bf0618352bab9,job_to_state_cached_path_s,10.242652051034383,0.007013823953457177,5,quest32_p8
final,xor_n26,cell-3bc8151827cdd61e7501b802104c6ebae9d1c24d6ae1a6a8f77bf0618352bab9,kernel_s,9.601716314966325,0.006646652997005731,5,quest32_p8
final,hs_n24,cell-f4a1429d937c87d29e2067d31dc9de7cd05ceef3d72650569c274827a19326d7,prepared_call_s,1.5824393359944224,0.002237443986814469,5,numpy_f32_p1
final,hs_n24,cell-f4a1429d937c87d29e2067d31dc9de7cd05ceef3d72650569c274827a19326d7,job_to_state_s,2.811209234991111,0.016059393994510174,5,numpy_f32_p1
final,hs_n24,cell-f4a1429d937c87d29e2067d31dc9de7cd05ceef3d72650569c274827a19326d7,job_to_state_cached_path_s,2.811210257001221,0.016059403016697615,5,numpy_f32_p1
final,xor_n18,cell-0eabd00caeee3898aae7faab6ee7edf074d3e60f09c4a7bcf791f5bc15d965af,prepared_call_s,0.494392127962783,0.009789530944544822,5,upmem_int8
final,xor_n18,cell-0eabd00caeee3898aae7faab6ee7edf074d3e60f09c4a7bcf791f5bc15d965af,job_to_state_s,0.5685340329655446,0.009747555945068598,5,upmem_int8
final,xor_n18,cell-0eabd00caeee3898aae7faab6ee7edf074d3e60f09c4a7bcf791f5bc15d965af,job_to_state_cached_path_s,0.5685344699886627,0.009747611999046057,5,upmem_int8
final,xor_n18,cell-0eabd00caeee3898aae7faab6ee7edf074d3e60f09c4a7bcf791f5bc15d965af,kernel_s,0.013078207,3.337100000000079e-05,5,upmem_int8
final,bv_n20,cell-3b03e4ccc96c128f6e92df713a289fdd37c6750df0469390e115d77da8f3264e,prepared_call_s,0.17527015798259526,0.00019758602138608694,5,quest32_p1
final,bv_n20,cell-3b03e4ccc96c128f6e92df713a289fdd37c6750df0469390e115d77da8f3264e,job_to_state_s,0.17531648895237595,0.00019803200848400593,5,quest32_p1
final,bv_n20,cell-3b03e4ccc96c128f6e92df713a289fdd37c6750df0469390e115d77da8f3264e,job_to_state_cached_path_s,0.17531648895237595,0.00019803200848400593,5,quest32_p1
final,bv_n20,cell-3b03e4ccc96c128f6e92df713a289fdd37c6750df0469390e115d77da8f3264e,kernel_s,0.16455253399908543,0.00022629002342000604,5,quest32_p1
final,qrng_n22,cell-a88f749a10464aff055d51a8e2750142d1902da6e52fcc569ba58ceaf3f09dd2,prepared_call_s,4.337087913998403,0.00642335502197966,5,upmem_f32
final,qrng_n22,cell-a88f749a10464aff055d51a8e2750142d1902da6e52fcc569ba58ceaf3f09dd2,job_to_state_s,4.38763521797955,0.006377487967256457,5,upmem_f32
final,qrng_n22,cell-a88f749a10464aff055d51a8e2750142d1902da6e52fcc569ba58ceaf3f09dd2,job_to_state_cached_path_s,4.387635577993933,0.006377413985319436,5,upmem_f32
final,qrng_n22,cell-a88f749a10464aff055d51a8e2750142d1902da6e52fcc569ba58ceaf3f09dd2,kernel_s,1.298157124,2.4032999999867855e-05,5,upmem_f32
final,hs_n20,cell-94ddc2de6703f2f2e660f32727b985f9a890d8a8d0d4cc5024be53e02307bf59,prepared_call_s,2.313610946002882,0.019274607009720057,5,upmem_int8
final,hs_n20,cell-94ddc2de6703f2f2e660f32727b985f9a890d8a8d0d4cc5024be53e02307bf59,job_to_state_s,3.386647981009446,0.030307829030789435,5,upmem_int8
final,hs_n20,cell-94ddc2de6703f2f2e660f32727b985f9a890d8a8d0d4cc5024be53e02307bf59,job_to_state_cached_path_s,3.3866483510355465,0.03030780906556174,5,upmem_int8
final,hs_n20,cell-94ddc2de6703f2f2e660f32727b985f9a890d8a8d0d4cc5024be53e02307bf59,kernel_s,0.048607493,1.1854999999998117e-05,5,upmem_int8
final,xor_n16,cell-210f6995411c19ceae3c49a269e9491912299637e3a77a0169a4dafcda59a182,prepared_call_s,0.3130498130340129,0.009520254039671272,5,upmem_int8
final,xor_n16,cell-210f6995411c19ceae3c49a269e9491912299637e3a77a0169a4dafcda59a182,job_to_state_s,0.3699944880208932,0.01018588402075693,5,upmem_int8
final,xor_n16,cell-210f6995411c19ceae3c49a269e9491912299637e3a77a0169a4dafcda59a182,job_to_state_cached_path_s,0.3699950560112484,0.01018612104235217,5,upmem_int8
final,xor_n16,cell-210f6995411c19ceae3c49a269e9491912299637e3a77a0169a4dafcda59a182,kernel_s,0.00771159,7.17999999999986e-06,5,upmem_int8
final,bb84_n20,cell-af8c7f38db004c3ef6b7a5907fa651162d54c8deb3f6f3bcc365338bc566b179,prepared_call_s,1.0630173499812372,0.025442745012696832,5,upmem_int8
final,bb84_n20,cell-af8c7f38db004c3ef6b7a5907fa651162d54c8deb3f6f3bcc365338bc566b179,job_to_state_s,1.1054660259978846,0.026122209965251386,5,upmem_int8
final,bb84_n20,cell-af8c7f38db004c3ef6b7a5907fa651162d54c8deb3f6f3bcc365338bc566b179,job_to_state_cached_path_s,1.1054664439870976,0.026121912989765406,5,upmem_int8
final,bb84_n20,cell-af8c7f38db004c3ef6b7a5907fa651162d54c8deb3f6f3bcc365338bc566b179,kernel_s,0.08438918200000001,4.1533000000010256e-05,5,upmem_int8
final,edc_n19,cell-c5331f71a51208c355624845577cff21b1aa334da389114e3058f9a66bc6bb77,prepared_call_s,0.07766375096980482,0.0005673689884133637,5,numpy_f32_p1
final,edc_n19,cell-c5331f71a51208c355624845577cff21b1aa334da389114e3058f9a66bc6bb77,job_to_state_s,0.10978359100408852,0.00019053701544180512,5,numpy_f32_p1
final,edc_n19,cell-c5331f71a51208c355624845577cff21b1aa334da389114e3058f9a66bc6bb77,job_to_state_cached_path_s,0.10978423897176981,0.00019068206893280149,5,numpy_f32_p1
final,stress_n16_l2,cell-c96439f8b0a3e65d534a99819d453701ca029848eb897ac28af13b5b799c01f7,prepared_call_s,0.9502070940216072,0.007359498005826026,5,upmem_f32
final,stress_n16_l2,cell-c96439f8b0a3e65d534a99819d453701ca029848eb897ac28af13b5b799c01f7,job_to_state_s,1.2907404510187916,0.011956147034652531,5,upmem_f32
final,stress_n16_l2,cell-c96439f8b0a3e65d534a99819d453701ca029848eb897ac28af13b5b799c01f7,job_to_state_cached_path_s,1.2907407010206953,0.011956086033023894,5,upmem_f32
final,stress_n16_l2,cell-c96439f8b0a3e65d534a99819d453701ca029848eb897ac28af13b5b799c01f7,kernel_s,0.091931638,5.3348999999994207e-05,5,upmem_f32
final,bv_n16,cell-733fc59b57062bcc3082d82ed1d7a686a59157277eaa19e45fd6a503b7989985,prepared_call_s,0.367034385970328,0.003160275926347822,5,upmem_int8
final,bv_n16,cell-733fc59b57062bcc3082d82ed1d7a686a59157277eaa19e45fd6a503b7989985,job_to_state_s,0.44302623195108026,0.002241307985968888,5,upmem_int8
final,bv_n16,cell-733fc59b57062bcc3082d82ed1d7a686a59157277eaa19e45fd6a503b7989985,job_to_state_cached_path_s,0.44302662496920675,0.0022414239938370883,5,upmem_int8
final,bv_n16,cell-733fc59b57062bcc3082d82ed1d7a686a59157277eaa19e45fd6a503b7989985,kernel_s,0.014822701,2.170400000000086e-05,5,upmem_int8
final,hs_n20,cell-499aafa6e100d13e53da78e34ceb3cef132598e61505f7b377434aeef0679d08,prepared_call_s,0.5001557390205562,0.00014532596105709672,5,quest32_p8
final,hs_n20,cell-499aafa6e100d13e53da78e34ceb3cef132598e61505f7b377434aeef0679d08,job_to_state_s,0.5002470019971952,0.00014685298083350062,5,quest32_p8
final,hs_n20,cell-499aafa6e100d13e53da78e34ceb3cef132598e61505f7b377434aeef0679d08,job_to_state_cached_path_s,0.5002470019971952,0.00014685298083350062,5,quest32_p8
final,hs_n20,cell-499aafa6e100d13e53da78e34ceb3cef132598e61505f7b377434aeef0679d08,kernel_s,0.4891603260184638,0.0002095910022035241,5,quest32_p8
final,stress_n08_l2,cell-3e5f86e0a3318942387affeef0f056de53f4de09e1f1ac74804fa27bc4b1ff52,prepared_call_s,0.006696946977172047,4.792935214936733e-06,5,quest32_p8
final,stress_n08_l2,cell-3e5f86e0a3318942387affeef0f056de53f4de09e1f1ac74804fa27bc4b1ff52,job_to_state_s,0.006747755978722125,4.1389139369130135e-06,5,quest32_p8
final,stress_n08_l2,cell-3e5f86e0a3318942387affeef0f056de53f4de09e1f1ac74804fa27bc4b1ff52,job_to_state_cached_path_s,0.006747755978722125,4.1389139369130135e-06,5,quest32_p8
final,stress_n08_l2,cell-3e5f86e0a3318942387affeef0f056de53f4de09e1f1ac74804fa27bc4b1ff52,kernel_s,0.006219003000296652,2.8799986466765404e-06,5,quest32_p8
final,hs_n22,cell-f19f03ac379c8fb984225502b8c24c268d71e0084b7e0d87f9077555cc3909e2,prepared_call_s,2.1533864969969727,0.002256376959849149,5,quest32_p1
final,hs_n22,cell-f19f03ac379c8fb984225502b8c24c268d71e0084b7e0d87f9077555cc3909e2,job_to_state_s,2.1534872369957156,0.0022592009627260268,5,quest32_p1
final,hs_n22,cell-f19f03ac379c8fb984225502b8c24c268d71e0084b7e0d87f9077555cc3909e2,job_to_state_cached_path_s,2.1534872369957156,0.0022592009627260268,5,quest32_p1
final,hs_n22,cell-f19f03ac379c8fb984225502b8c24c268d71e0084b7e0d87f9077555cc3909e2,kernel_s,2.1125268819741905,0.002314698009286076,5,quest32_p1
final,qrng_n12,cell-a61a9cf073283e68fc5874c4700e824ccb981354f2a079d5948e60d7ff274456,prepared_call_s,0.0020590010099112988,4.638975951820612e-06,5,quest32_p8
final,qrng_n12,cell-a61a9cf073283e68fc5874c4700e824ccb981354f2a079d5948e60d7ff274456,job_to_state_s,0.0020863889949396253,5.117966793477535e-06,5,quest32_p8
final,qrng_n12,cell-a61a9cf073283e68fc5874c4700e824ccb981354f2a079d5948e60d7ff274456,job_to_state_cached_path_s,0.0020863889949396253,5.117966793477535e-06,5,quest32_p8
final,qrng_n12,cell-a61a9cf073283e68fc5874c4700e824ccb981354f2a079d5948e60d7ff274456,kernel_s,0.0015394249930977821,1.3369717635214329e-06,5,quest32_p8
final,hs_n22,cell-6686b4238a6bbc40ccdf299df5d99c2c16f956233db2186d51afbb36b44d23ea,prepared_call_s,5.4954690570011735,0.014126252033747733,5,upmem_f32
final,hs_n22,cell-6686b4238a6bbc40ccdf299df5d99c2c16f956233db2186d51afbb36b44d23ea,job_to_state_s,6.882311621971894,0.023566105985082686,5,upmem_f32
final,hs_n22,cell-6686b4238a6bbc40ccdf299df5d99c2c16f956233db2186d51afbb36b44d23ea,job_to_state_cached_path_s,6.882311971974559,0.02356608596164733,5,upmem_f32
final,hs_n22,cell-6686b4238a6bbc40ccdf299df5d99c2c16f956233db2186d51afbb36b44d23ea,kernel_s,0.861475883,0.0011852220000000413,5,upmem_f32
final,bb84_n18,cell-e19c52468df5d9efb05f527e69089a7c6b19f710dee8754bee7fe6cea0e4966b,prepared_call_s,0.028832635027356446,8.33800295367837e-05,5,numpy_f32_p1
final,bb84_n18,cell-e19c52468df5d9efb05f527e69089a7c6b19f710dee8754bee7fe6cea0e4966b,job_to_state_s,0.043910903041251004,0.0003601069329306483,5,numpy_f32_p1
final,bb84_n18,cell-e19c52468df5d9efb05f527e69089a7c6b19f710dee8754bee7fe6cea0e4966b,job_to_state_cached_path_s,0.04391159501392394,0.00036002194974571466,5,numpy_f32_p1
final,qrng_n18,cell-4ff0f5a08dd1a19788ac42629acf6394d0c9c1c5650e7edb27d832309ff48caa,prepared_call_s,0.018886994977947325,0.0004520579823292792,5,numpy_f32_p1
final,qrng_n18,cell-4ff0f5a08dd1a19788ac42629acf6394d0c9c1c5650e7edb27d832309ff48caa,job_to_state_s,0.034508417011238635,0.0007903969963081181,5,numpy_f32_p1
final,qrng_n18,cell-4ff0f5a08dd1a19788ac42629acf6394d0c9c1c5650e7edb27d832309ff48caa,job_to_state_cached_path_s,0.03450891800457612,0.0007904520025476813,5,numpy_f32_p1
final,edc_n21,cell-7ca76579342c6e8223ac3780b36494e0d96ecd3fd02edafd30a5e7bf11b4aa29,prepared_call_s,2.8188633079989813,0.017013002012390643,5,upmem_f32
final,edc_n21,cell-7ca76579342c6e8223ac3780b36494e0d96ecd3fd02edafd30a5e7bf11b4aa29,job_to_state_s,2.8981013250304386,0.01652432791888714,5,upmem_f32
final,edc_n21,cell-7ca76579342c6e8223ac3780b36494e0d96ecd3fd02edafd30a5e7bf11b4aa29,job_to_state_cached_path_s,2.898101767990738,0.0165242119692266,5,upmem_f32
final,edc_n21,cell-7ca76579342c6e8223ac3780b36494e0d96ecd3fd02edafd30a5e7bf11b4aa29,kernel_s,1.072949635,0.00021232799999992835,5,upmem_f32
final,qrng_n12,cell-e3f8cef699c563b3bbc5489a967a68a9a2e594eb0e049f279b0ba658a6217777,prepared_call_s,0.0004558649961836636,9.330105967819691e-07,5,quest32_p1
final,qrng_n12,cell-e3f8cef699c563b3bbc5489a967a68a9a2e594eb0e049f279b0ba658a6217777,job_to_state_s,0.0004839609609916806,9.598443284630775e-08,5,quest32_p1
final,qrng_n12,cell-e3f8cef699c563b3bbc5489a967a68a9a2e594eb0e049f279b0ba658a6217777,job_to_state_cached_path_s,0.0004839609609916806,9.598443284630775e-08,5,quest32_p1
final,qrng_n12,cell-e3f8cef699c563b3bbc5489a967a68a9a2e594eb0e049f279b0ba658a6217777,kernel_s,0.0002711529959924519,8.879578672349453e-07,5,quest32_p1
final,xor_n12,cell-b0230ace51b0f7c1a4d72ca33b086333410f4db42524c6ce60efe5ef9ab13326,prepared_call_s,0.00332568003796041,1.58409820869565e-05,5,quest32_p8
final,xor_n12,cell-b0230ace51b0f7c1a4d72ca33b086333410f4db42524c6ce60efe5ef9ab13326,job_to_state_s,0.0033585710916668177,1.6272941138595343e-05,5,quest32_p8
final,xor_n12,cell-b0230ace51b0f7c1a4d72ca33b086333410f4db42524c6ce60efe5ef9ab13326,job_to_state_cached_path_s,0.0033585710916668177,1.6272941138595343e-05,5,quest32_p8
final,xor_n12,cell-b0230ace51b0f7c1a4d72ca33b086333410f4db42524c6ce60efe5ef9ab13326,kernel_s,0.002804042014759034,6.051966920495033e-06,5,quest32_p8
final,bv_n26,cell-bb63e981cd75972d1caad981bc0717e903469e3ae5896490ecc618089e683dd6,prepared_call_s,14.63639628997771,0.0026289819506928325,5,quest32_p1
final,bv_n26,cell-bb63e981cd75972d1caad981bc0717e903469e3ae5896490ecc618089e683dd6,job_to_state_s,14.636451496975496,0.002628959948197007,5,quest32_p1
final,bv_n26,cell-bb63e981cd75972d1caad981bc0717e903469e3ae5896490ecc618089e683dd6,job_to_state_cached_path_s,14.636451496975496,0.002628959948197007,5,quest32_p1
final,bv_n26,cell-bb63e981cd75972d1caad981bc0717e903469e3ae5896490ecc618089e683dd6,kernel_s,13.998069377965294,0.009656786976847798,5,quest32_p1
final,xor_n08,cell-82d3fb6535671f16d8f69327e27465778d66fdfe9369ea0e1554aa22732f5afe,prepared_call_s,0.17407744500087574,0.0027786900172941387,5,upmem_int8
final,xor_n08,cell-82d3fb6535671f16d8f69327e27465778d66fdfe9369ea0e1554aa22732f5afe,job_to_state_s,0.19313327700365335,0.003320914984215051,5,upmem_int8
final,xor_n08,cell-82d3fb6535671f16d8f69327e27465778d66fdfe9369ea0e1554aa22732f5afe,job_to_state_cached_path_s,0.1931335689732805,0.0033209940302185714,5,upmem_int8
final,xor_n08,cell-82d3fb6535671f16d8f69327e27465778d66fdfe9369ea0e1554aa22732f5afe,kernel_s,0.001616964,1.5632000000000233e-05,5,upmem_int8
final,stress_n12_l2,cell-1a3004b5e92eb607d34d525290b1c1014cca832f526f0a72310dd5312759fc9c,prepared_call_s,0.7211257659946568,0.009731142956297845,5,upmem_f32
final,stress_n12_l2,cell-1a3004b5e92eb607d34d525290b1c1014cca832f526f0a72310dd5312759fc9c,job_to_state_s,1.0518977739848197,0.007826093002222478,5,upmem_f32
final,stress_n12_l2,cell-1a3004b5e92eb607d34d525290b1c1014cca832f526f0a72310dd5312759fc9c,job_to_state_cached_path_s,1.0518986509996466,0.007826235028915107,5,upmem_f32
final,stress_n12_l2,cell-1a3004b5e92eb607d34d525290b1c1014cca832f526f0a72310dd5312759fc9c,kernel_s,0.039035882,3.1426000000001064e-05,5,upmem_f32
final,hs_n20,cell-2270649fce6da493b54b73c607b95788cb27b437f8026e2546dda296cf890112,prepared_call_s,2.4186801959876902,0.030731807986740023,5,upmem_f32
final,hs_n20,cell-2270649fce6da493b54b73c607b95788cb27b437f8026e2546dda296cf890112,job_to_state_s,3.4905458060093224,0.027474304020870477,5,upmem_f32
final,hs_n20,cell-2270649fce6da493b54b73c607b95788cb27b437f8026e2546dda296cf890112,job_to_state_cached_path_s,3.4905462120077573,0.027474267000798136,5,upmem_f32
final,hs_n20,cell-2270649fce6da493b54b73c607b95788cb27b437f8026e2546dda296cf890112,kernel_s,0.22688121,0.00011174199999999801,5,upmem_f32
final,edc_n23,cell-0d9800f3ffee1ddd2aaa0034954f6ac4c0b6986726965bf2a61c291edf3a8d22,prepared_call_s,0.7793552789953537,0.0014248029910959303,5,quest32_p1
final,edc_n23,cell-0d9800f3ffee1ddd2aaa0034954f6ac4c0b6986726965bf2a61c291edf3a8d22,job_to_state_s,0.7793954369844869,0.0014264819910749793,5,quest32_p1
final,edc_n23,cell-0d9800f3ffee1ddd2aaa0034954f6ac4c0b6986726965bf2a61c291edf3a8d22,job_to_state_cached_path_s,0.7793954369844869,0.0014264819910749793,5,quest32_p1
final,edc_n23,cell-0d9800f3ffee1ddd2aaa0034954f6ac4c0b6986726965bf2a61c291edf3a8d22,kernel_s,0.6985149609972723,0.0015985220088623464,5,quest32_p1
final,qrng_n16,cell-bc58bf01462aaa0bd22165562cfc9b0498fd956f1c158814e820fc678bef2bdc,prepared_call_s,0.24592227500397712,0.00819883297663182,5,upmem_int8
final,qrng_n16,cell-bc58bf01462aaa0bd22165562cfc9b0498fd956f1c158814e820fc678bef2bdc,job_to_state_s,0.27657458203611895,0.009309999994002283,5,upmem_int8
final,qrng_n16,cell-bc58bf01462aaa0bd22165562cfc9b0498fd956f1c158814e820fc678bef2bdc,job_to_state_cached_path_s,0.2765753230196424,0.009310415014624596,5,upmem_int8
final,qrng_n16,cell-bc58bf01462aaa0bd22165562cfc9b0498fd956f1c158814e820fc678bef2bdc,kernel_s,0.018094727,4.954199999999964e-05,5,upmem_int8
